seed,subset,group,direction,stage,epoch,delta,ci_lo,ci_hi,median_cs,median_noswitch,mean_delta,n
s42,all,seen_embedded,pooled,stage1,0,0.0,0.0,0.0,0.6126699500554939,0.6126699500554939,0.0,1102
s42,all,seen_embedded,pooled,stage1,1,0.1105061555908094,0.0710816807163428,0.1430801713374029,0.7546780781949037,0.6441719226040943,0.0624070895266732,1102
s42,all,seen_embedded,pooled,stage1,5,0.1012254425209103,0.0777800204678815,0.1317952162612072,0.8867924528301887,0.7855670103092783,0.0795577473860102,1102
s42,all,seen_embedded,pooled,stage1,10,0.1096698113207548,0.0873564999386894,0.1329005105161669,0.9056603773584906,0.7959905660377358,0.0864334464094025,1102
s42,all,seen_embedded,pooled,stage2,1,0.1052832094808097,0.082122937054115,0.1277540098466293,0.9124585760863756,0.8071753666055658,0.0899528478858454,1102
s42,all,seen_embedded,pooled,stage2,5,0.1090417713399968,0.092968393798628,0.1357999332813372,0.9410377358490566,0.8319959645090598,0.0999672074983072,1102
s42,all,seen_embedded,pooled,stage2,10,0.1069477422245096,0.084073517286504,0.1293828380407389,0.9419263456090652,0.8349786033845555,0.0977852889550766,1102
s42,all,seen_embedded,pooled,stage3,1,0.1147457060421202,0.0880621014501133,0.1349252718886474,0.934020618556701,0.8192749125145808,0.1027963922716524,1102
s42,all,seen_embedded,pooled,stage3,5,0.0936640768205299,0.0755514410132554,0.1155947937503955,0.9448529411764706,0.8511888643559407,0.0996906472004899,1102
s42,all,seen_embedded,pooled,stage3,10,0.0898807549370702,0.0730056868885336,0.1138862297518023,0.9393382352941176,0.8494574803570474,0.0978138934454235,1102
s42,all,seen_embedded,eng-nld,stage1,0,0.0,0.0,0.0,0.7209631728045326,0.7209631728045326,0.0,359
s42,all,seen_embedded,eng-nld,stage1,1,0.0538243626062323,0.0084985835694051,0.1288951841359773,0.8498583569405099,0.7960339943342776,0.0503957325589652,359
s42,all,seen_embedded,eng-nld,stage1,5,0.0212464589235127,0.0042492917847025,0.0396600566572238,0.9589235127478754,0.9376770538243626,0.0291650555919417,359
s42,all,seen_embedded,eng-nld,stage1,10,0.0141643059490085,0.0,0.0325779036827195,0.9674220963172804,0.953257790368272,0.035900005523685,359
s42,all,seen_embedded,eng-nld,stage2,1,0.0127478753541077,-0.0014164305949008,0.0269121813031161,0.9674220963172804,0.9546742209631728,0.0342152816684683,359
s42,all,seen_embedded,eng-nld,stage2,5,0.0155807365439093,0.0014164305949008,0.0297450424929178,0.9844192634560908,0.9688385269121812,0.0397271299723026,359
s42,all,seen_embedded,eng-nld,stage2,10,0.008498583569405,-0.0014164305949008,0.0241147308781868,0.9815864022662888,0.973087818696884,0.0322307006399583,359
s42,all,seen_embedded,eng-nld,stage3,1,0.0127478753541075,0.0014164305949008,0.0226628895184135,0.9815864022662888,0.9688385269121812,0.0376320752483684,359
s42,all,seen_embedded,eng-nld,stage3,5,0.0099150141643059,0.0014164305949008,0.0184135977337109,0.9915014164305948,0.9815864022662888,0.0352687272641188,359
s42,all,seen_embedded,eng-nld,stage3,10,0.0084985835694051,0.0014164305949008,0.0155807365439093,0.990084985835694,0.9815864022662888,0.0268529989662819,359
s42,all,seen_embedded,eng-zho,stage1,0,0.0,0.0,0.0,0.554245283018868,0.554245283018868,0.0,219
s42,all,seen_embedded,eng-zho,stage1,1,0.1226415094339622,0.025943396226415,0.1816037735849056,0.6509433962264151,0.5283018867924528,0.0845933488412163,219
s42,all,seen_embedded,eng-zho,stage1,5,0.186320754716981,0.1272995283018867,0.2688679245283019,0.7665094339622641,0.5801886792452831,0.1525049539071251,219
s42,all,seen_embedded,eng-zho,stage1,10,0.186320754716981,0.1367924528301887,0.273643867924528,0.7665094339622641,0.5801886792452831,0.1555742224519687,219
s42,all,seen_embedded,eng-zho,stage2,1,0.1886792452830188,0.0990566037735849,0.2900943396226414,0.7830188679245282,0.5943396226415094,0.1502541569742393,219
s42,all,seen_embedded,eng-zho,stage2,5,0.268867924528302,0.1910377358490566,0.3231132075471697,0.8584905660377359,0.5896226415094339,0.1807314551563711,219
s42,all,seen_embedded,eng-zho,stage2,10,0.2783018867924528,0.1862617924528301,0.3349056603773584,0.8537735849056604,0.5754716981132075,0.1742698371672266,219
s42,all,seen_embedded,eng-zho,stage3,1,0.2759433962264151,0.1745283018867924,0.3609080188679242,0.8419811320754718,0.5660377358490566,0.2007409321960884,219
s42,all,seen_embedded,eng-zho,stage3,5,0.25,0.1839622641509434,0.2995283018867924,0.8490566037735849,0.5990566037735849,0.1728267424829844,219
s42,all,seen_embedded,eng-zho,stage3,10,0.2334905660377357,0.1509433962264151,0.2971698113207547,0.8254716981132075,0.5919811320754718,0.1710067200827086,219
s42,all,seen_embedded,nld-eng,stage1,0,0.0,0.0,0.0,0.7958762886597939,0.7958762886597939,0.0,245
s42,all,seen_embedded,nld-eng,stage1,1,0.0350515463917525,0.002061855670103,0.0845360824742267,0.9505154639175256,0.9154639175257732,0.0556280244056385,245
s42,all,seen_embedded,nld-eng,stage1,5,0.0061855670103093,-0.002061855670103,0.0329896907216494,0.9896907216494846,0.9835051546391752,0.0272754050073636,245
s42,all,seen_embedded,nld-eng,stage1,10,0.0041237113402061,-0.0041237113402061,0.0288659793814433,0.9917525773195875,0.9876288659793816,0.0305912055543867,245
s42,all,seen_embedded,nld-eng,stage2,1,0.0061855670103092,0.0,0.0268041237113401,0.9958762886597938,0.9896907216494846,0.0289080580685882,245
s42,all,seen_embedded,nld-eng,stage2,5,0.0041237113402061,0.0,0.0103092783505155,0.9958762886597938,0.9917525773195875,0.0233115926783085,245
s42,all,seen_embedded,nld-eng,stage2,10,0.0041237113402061,0.0,0.0123711340206185,0.9958762886597938,0.9917525773195875,0.0241279192089208,245
s42,all,seen_embedded,nld-eng,stage3,1,0.0041237113402061,0.0,0.0123711340206186,0.9958762886597938,0.9917525773195875,0.0245823690300861,245
s42,all,seen_embedded,nld-eng,stage3,5,0.0041237113402061,0.0,0.0103092783505155,0.9979381443298968,0.9938144329896909,0.0194824321481169,245
s42,all,seen_embedded,nld-eng,stage3,10,0.0041237113402061,0.0,0.0123711340206186,0.9979381443298968,0.9938144329896909,0.0193646118241112,245
s42,all,seen_embedded,zho-eng,stage1,0,0.0,0.0,0.0,0.4577205882352941,0.4577205882352941,0.0,279
s42,all,seen_embedded,zho-eng,stage1,1,0.1047794117647058,0.0164981617647058,0.1709558823529411,0.65625,0.5514705882352942,0.0664004849251528,279
s42,all,seen_embedded,zho-eng,stage1,5,0.1709558823529411,0.1029411764705882,0.244485294117647,0.7610294117647058,0.5900735294117647,0.1330513388150959,279
s42,all,seen_embedded,zho-eng,stage1,10,0.21875,0.1415441176470588,0.2647058823529412,0.7977941176470589,0.5790441176470589,0.1462220640944549,279
s42,all,seen_embedded,zho-eng,stage2,1,0.1893382352941176,0.119485294117647,0.2665441176470587,0.8180147058823529,0.6286764705882353,0.1679448661184904,279
s42,all,seen_embedded,zho-eng,stage2,5,0.2408088235294118,0.1801011029411764,0.2941636029411762,0.8713235294117647,0.6305147058823529,0.1813989036474805,279
s42,all,seen_embedded,zho-eng,stage2,10,0.2279411764705882,0.1709558823529412,0.2959558823529412,0.8768382352941176,0.6488970588235294,0.1867818363904702,279
s42,all,seen_embedded,zho-eng,stage3,1,0.2095588235294118,0.1691176470588234,0.2794577205882351,0.8713235294117647,0.6617647058823529,0.1784471853257432,279
s42,all,seen_embedded,zho-eng,stage3,5,0.2518382352941176,0.1856617647058822,0.3143382352941175,0.8823529411764706,0.6305147058823529,0.1956106367278094,279
s42,all,seen_embedded,zho-eng,stage3,10,0.2591911764705882,0.1984834558823529,0.3125,0.8805147058823529,0.6213235294117647,0.2005587181109002,279
s42,all,never_embedded,pooled,stage1,0,0.0,0.0,0.0,0.6627358490566038,0.6627358490566038,0.0,1102
s42,all,never_embedded,pooled,stage1,1,0.0519870399606938,0.017616572628343,0.0792580175103977,0.7725752752548115,0.7205882352941176,0.0366780769963317,1102
s42,all,never_embedded,pooled,stage1,5,0.060748473917869,0.0364833344894561,0.0835215425865447,0.8933823529411765,0.8326338790233074,0.0609855104744907,1102
s42,all,never_embedded,pooled,stage1,10,0.0632665976600347,0.0451511634605143,0.0809160232796373,0.9038568257491676,0.8405902280891329,0.0661143993157969,1102
s42,all,never_embedded,pooled,stage2,1,0.0610259433962264,0.0445454425995743,0.0930863537794275,0.9080882352941176,0.8470622918978912,0.0717253696533046,1102
s42,all,never_embedded,pooled,stage2,5,0.0813852663706992,0.0593502792773531,0.1053593123539174,0.9356617647058824,0.8542764983351832,0.0824322844269985,1102
s42,all,never_embedded,pooled,stage2,10,0.0759274495917347,0.0548935515970868,0.0990094912231122,0.935961193967672,0.8600337443759374,0.0785775228248165,1102
s42,all,never_embedded,pooled,stage3,1,0.0723328246392897,0.0543078164181593,0.0952875459239499,0.9338235294117648,0.861490704772475,0.0797348332729609,1102
s42,all,never_embedded,pooled,stage3,5,0.0636141780987938,0.0432386166168253,0.0863317109770752,0.9440777166069806,0.8804635385081867,0.0788675506162797,1102
s42,all,never_embedded,pooled,stage3,10,0.0667985472563235,0.0421658140997726,0.0882531095142477,0.9438630616611554,0.8770645144048319,0.0754901776982217,1102
s42,all,never_embedded,eng-nld,stage1,0,0.0,0.0,0.0,0.7620396600566572,0.7620396600566572,0.0,359
s42,all,never_embedded,eng-nld,stage1,1,0.0495750708215296,0.0141643059490084,0.0807365439093484,0.8881019830028328,0.8385269121813032,0.0359631333496412,359
s42,all,never_embedded,eng-nld,stage1,5,0.0056657223796033,-0.0056657223796033,0.0254957507082153,0.970254957507082,0.9645892351274789,0.0170997498559896,359
s42,all,never_embedded,eng-nld,stage1,10,0.0127478753541075,0.0,0.0212464589235127,0.980169971671388,0.9674220963172804,0.024446250601687,359
s42,all,never_embedded,eng-nld,stage2,1,0.0099150141643059,0.0014164305949008,0.0254957507082153,0.9815864022662888,0.971671388101983,0.0198694832198346,359
s42,all,never_embedded,eng-nld,stage2,5,0.0042492917847025,0.0,0.0169971671388101,0.9872521246458924,0.9830028328611898,0.0298160612971191,359
s42,all,never_embedded,eng-nld,stage2,10,0.0042492917847025,-0.0028328611898017,0.0127478753541077,0.9886685552407932,0.9844192634560908,0.0290861458094958,359
s42,all,never_embedded,eng-nld,stage3,1,0.0056657223796033,-0.0028328611898017,0.0155807365439093,0.9886685552407932,0.9830028328611898,0.0295162041238252,359
s42,all,never_embedded,eng-nld,stage3,5,0.0042492917847025,-0.0028328611898016,0.0113314447592067,0.9886685552407932,0.9844192634560908,0.0273974764651575,359
s42,all,never_embedded,eng-nld,stage3,10,0.0014164305949009,-0.0042492917847025,0.0084985835694051,0.9872521246458924,0.9858356940509916,0.0243239404388961,359
s42,all,never_embedded,eng-zho,stage1,0,0.0,0.0,0.0,0.5023584905660378,0.5023584905660378,0.0,219
s42,all,never_embedded,eng-zho,stage1,1,0.0542452830188679,-0.0471698113207547,0.1061910377358487,0.6297169811320755,0.5754716981132075,0.0255341604204359,219
s42,all,never_embedded,eng-zho,stage1,5,0.1533018867924528,0.0542452830188677,0.2334905660377358,0.7382075471698113,0.5849056603773585,0.0821487033686567,219
s42,all,never_embedded,eng-zho,stage1,10,0.1438679245283018,0.0400943396226415,0.2028301886792451,0.7476415094339622,0.6037735849056604,0.0778301886792453,219
s42,all,never_embedded,eng-zho,stage2,1,0.1485849056603774,0.0495283018867923,0.2311320754716981,0.7617924528301887,0.6132075471698113,0.0883841647281812,219
s42,all,never_embedded,eng-zho,stage2,5,0.1627358490566037,0.089622641509434,0.2358490566037736,0.7641509433962264,0.6014150943396226,0.1096213491858359,219
s42,all,never_embedded,eng-zho,stage2,10,0.1415094339622641,0.0801886792452829,0.1981132075471698,0.7665094339622641,0.625,0.0962134918583612,219
s42,all,never_embedded,eng-zho,stage3,1,0.1132075471698113,0.0566037735849056,0.1816037735849056,0.7971698113207547,0.6839622641509434,0.0931334539502025,219
s42,all,never_embedded,eng-zho,stage3,5,0.1320754716981131,0.0778301886792451,0.2005306603773582,0.7830188679245282,0.6509433962264151,0.1045059016110967,219
s42,all,never_embedded,eng-zho,stage3,10,0.1344339622641508,0.0731132075471697,0.2028301886792453,0.7759433962264151,0.6415094339622642,0.1051197553200655,219
s42,all,never_embedded,nld-eng,stage1,0,0.0,0.0,0.0,0.9175257731958762,0.9175257731958762,0.0,245
s42,all,never_embedded,nld-eng,stage1,1,0.0144329896907215,-0.0185567010309277,0.0371649484536079,0.9690721649484536,0.954639175257732,0.0261897748790236,245
s42,all,never_embedded,nld-eng,stage1,5,0.0,-0.0061855670103092,0.0103092783505155,0.9917525773195875,0.9917525773195875,0.028066484325689,245
s42,all,never_embedded,nld-eng,stage1,10,0.002061855670103,-0.002061855670103,0.0123711340206186,0.9938144329896909,0.9917525773195875,0.0310035766884073,245
s42,all,never_embedded,nld-eng,stage2,1,0.0041237113402061,0.0,0.0185567010309278,0.9958762886597938,0.9917525773195875,0.0308773406269723,245
s42,all,never_embedded,nld-eng,stage2,5,0.0041237113402061,0.0,0.0103092783505155,0.9958762886597938,0.9917525773195875,0.022646749421418,245
s42,all,never_embedded,nld-eng,stage2,10,0.0041237113402061,0.0,0.0082474226804124,0.9958762886597938,0.9917525773195875,0.0219566589522407,245
s42,all,never_embedded,nld-eng,stage3,1,0.002061855670103,0.0,0.0103092783505155,0.9958762886597938,0.9938144329896909,0.0235304018514621,245
s42,all,never_embedded,nld-eng,stage3,5,0.002061855670103,-0.002061855670103,0.0082474226804123,0.9958762886597938,0.9938144329896909,0.0191710498632444,245
s42,all,never_embedded,nld-eng,stage3,10,0.0041237113402061,0.0,0.0082474226804124,0.9958762886597938,0.9917525773195875,0.016225541763097,245
s42,all,never_embedded,zho-eng,stage1,0,0.0,0.0,0.0,0.6084558823529411,0.6084558823529411,0.0,279
s42,all,never_embedded,zho-eng,stage1,1,0.1121323529411764,0.0220128676470587,0.1617647058823529,0.6599264705882353,0.5477941176470589,0.0555555555555555,279
s42,all,never_embedded,zho-eng,stage1,5,0.1378676470588236,0.0716911764705882,0.1985294117647058,0.7463235294117647,0.6084558823529411,0.1297504216740459,279
s42,all,never_embedded,zho-eng,stage1,10,0.1544117647058822,0.0992647058823529,0.2113970588235294,0.7683823529411764,0.6139705882352942,0.1413662239089184,279
s42,all,never_embedded,zho-eng,stage2,1,0.1764705882352941,0.1176470588235294,0.2334558823529411,0.8033088235294118,0.6268382352941176,0.1612442019818679,279
s42,all,never_embedded,zho-eng,stage2,5,0.2316176470588234,0.1764246323529411,0.2849264705882353,0.8455882352941176,0.6139705882352942,0.1812934851359899,279
s42,all,never_embedded,zho-eng,stage2,10,0.2150735294117647,0.1672794117647058,0.259237132352941,0.8327205882352942,0.6176470588235294,0.1781375184482394,279
s42,all,never_embedded,zho-eng,stage3,1,0.21875,0.1599264705882352,0.28125,0.8419117647058824,0.6231617647058824,0.1831910183428209,279
s42,all,never_embedded,zho-eng,stage3,5,0.2352941176470587,0.1709099264705882,0.28125,0.8455882352941176,0.6102941176470589,0.177393000210837,279
s42,all,never_embedded,zho-eng,stage3,10,0.207720588235294,0.1506893382352941,0.2775735294117647,0.8419117647058824,0.6341911764705883,0.1701125342610162,279
s42,balanced,seen_embedded,pooled,stage1,0,0.0,0.0,0.0,0.5533088235294117,0.5533088235294117,0.0,617
s42,balanced,seen_embedded,pooled,stage1,1,0.1330162219526985,0.0824535410568364,0.1671225715971087,0.7010309278350515,0.5680147058823529,0.0797013097990489,617
s42,balanced,seen_embedded,pooled,stage1,5,0.1550523812069058,0.1179938956714761,0.1904908954836144,0.8555240793201133,0.7004716981132075,0.1026658437594856,617
s42,balanced,seen_embedded,pooled,stage1,10,0.1725124850325633,0.1333574505599323,0.2075471698113207,0.8838526912181304,0.711340206185567,0.1138095168321953,617
s42,balanced,seen_embedded,pooled,stage2,1,0.1470588235294118,0.1139636711643419,0.1792517972633491,0.8878676470588235,0.7408088235294117,0.1205610648020857,617
s42,balanced,seen_embedded,pooled,stage2,5,0.1778350515463918,0.1469894561598225,0.2169906700887902,0.9278350515463918,0.75,0.135177255646607,617
s42,balanced,seen_embedded,pooled,stage2,10,0.1671753607103219,0.1424065393258064,0.2028880313028778,0.9245283018867924,0.7573529411764706,0.1315991378120606,617
s42,balanced,seen_embedded,pooled,stage3,1,0.1769597354600272,0.1462264150943396,0.2092544741953385,0.9175257731958762,0.7405660377358491,0.1417199829602197,617
s42,balanced,seen_embedded,pooled,stage3,5,0.1650943396226415,0.1274757469667005,0.2080201033073218,0.9174528301886792,0.7523584905660378,0.1416567774750451,617
s42,balanced,seen_embedded,pooled,stage3,10,0.1548283619396767,0.1150304376353941,0.2040103010543839,0.9121813031161472,0.7573529411764706,0.1396810625885425,617
s42,balanced,seen_embedded,eng-nld,stage1,0,0.0,0.0,0.0,0.6373937677053825,0.6373937677053825,0.0,151
s42,balanced,seen_embedded,eng-nld,stage1,1,0.103399433427762,0.0028328611898017,0.1997521246458921,0.6558073654390935,0.5524079320113314,0.0578016246740332,151
s42,balanced,seen_embedded,eng-nld,stage1,5,0.0453257790368271,0.0014164305949008,0.1062677053824361,0.8824362606232294,0.8371104815864023,0.0307956400202615,151
s42,balanced,seen_embedded,eng-nld,stage1,10,0.0481586402266288,0.0042492917847025,0.1133144475920681,0.923512747875354,0.8753541076487252,0.0468641539875804,151
s42,balanced,seen_embedded,eng-nld,stage2,1,0.0311614730878186,0.0,0.103399433427762,0.9305949008498584,0.8994334277620397,0.0418362943924356,151
s42,balanced,seen_embedded,eng-nld,stage2,5,0.0509915014164306,0.0212464589235127,0.075070821529745,0.9589235127478754,0.9079320113314449,0.0547905371179859,151
s42,balanced,seen_embedded,eng-nld,stage2,10,0.0439093484419264,0.0113314447592067,0.0807365439093483,0.9617563739376772,0.9178470254957508,0.0420520420989439,151
s42,balanced,seen_embedded,eng-nld,stage3,1,0.0240793201133143,-0.0084985835694051,0.0708215297450425,0.9447592067988668,0.9206798866855525,0.0543121400296421,151
s42,balanced,seen_embedded,eng-nld,stage3,5,0.028328611898017,0.0042492917847025,0.0750708215297449,0.9688385269121812,0.9405099150141644,0.0533365851828226,151
s42,balanced,seen_embedded,eng-nld,stage3,10,0.0084985835694051,-0.0056657223796033,0.0524079320113314,0.9589235127478754,0.9504249291784702,0.0403542014520758,151
s42,balanced,seen_embedded,eng-zho,stage1,0,0.0,0.0,0.0,0.5943396226415094,0.5943396226415094,0.0,150
s42,balanced,seen_embedded,eng-zho,stage1,1,0.1627358490566037,0.0813679245283018,0.2193396226415094,0.6922169811320755,0.5294811320754718,0.1215094339622639,150
s42,balanced,seen_embedded,eng-zho,stage1,5,0.2346698113207547,0.1627063679245283,0.3231132075471697,0.8113207547169812,0.5766509433962265,0.1690723270440252,150
s42,balanced,seen_embedded,eng-zho,stage1,10,0.2806603773584905,0.1744988207547169,0.3431603773584906,0.8525943396226414,0.5719339622641509,0.1726729559748426,150
s42,balanced,seen_embedded,eng-zho,stage2,1,0.2617924528301887,0.1497346698113206,0.3396226415094339,0.821933962264151,0.5601415094339623,0.1654559748427674,150
s42,balanced,seen_embedded,eng-zho,stage2,5,0.3172169811320754,0.2688384433962263,0.3891509433962264,0.8891509433962264,0.5719339622641509,0.202374213836478,150
s42,balanced,seen_embedded,eng-zho,stage2,10,0.3431603773584906,0.2464622641509434,0.3974056603773583,0.8820754716981132,0.5389150943396226,0.191682389937107,150
s42,balanced,seen_embedded,eng-zho,stage3,1,0.3537735849056603,0.262942216981132,0.4422169811320755,0.8844339622641509,0.5306603773584906,0.2236320754716979,150
s42,balanced,seen_embedded,eng-zho,stage3,5,0.3077830188679245,0.2429245283018867,0.3679245283018868,0.8714622641509433,0.5636792452830188,0.203380503144654,150
s42,balanced,seen_embedded,eng-zho,stage3,10,0.2983490566037735,0.2110849056603773,0.3537735849056603,0.8525943396226414,0.5542452830188679,0.1965880503144653,150
s42,balanced,seen_embedded,nld-eng,stage1,0,0.0,0.0,0.0,0.6309278350515464,0.6309278350515464,0.0,109
s42,balanced,seen_embedded,nld-eng,stage1,1,0.0845360824742268,0.0081958762886597,0.1774226804123706,0.8948453608247423,0.8103092783505155,0.0600775560389672,109
s42,balanced,seen_embedded,nld-eng,stage1,5,0.0226804123711339,-0.0041237113402061,0.0618556701030927,0.977319587628866,0.954639175257732,0.0262177243923203,109
s42,balanced,seen_embedded,nld-eng,stage1,10,0.0185567010309277,-0.0061855670103092,0.0454123711340203,0.9731958762886598,0.954639175257732,0.026312304927646,109
s42,balanced,seen_embedded,nld-eng,stage2,1,0.0288659793814433,-0.0041237113402062,0.0659793814432989,0.9876288659793816,0.9587628865979382,0.0288092310602477,109
s42,balanced,seen_embedded,nld-eng,stage2,5,0.0082474226804123,-0.0061855670103093,0.0474226804123711,0.981443298969072,0.9731958762886598,0.0266717109618841,109
s42,balanced,seen_embedded,nld-eng,stage2,10,0.022680412371134,-0.002061855670103,0.0474226804123711,0.9876288659793816,0.9649484536082474,0.0296037075569846,109
s42,balanced,seen_embedded,nld-eng,stage3,1,0.0103092783505154,0.0,0.0453608247422679,0.9835051546391752,0.9731958762886598,0.031135912229263,109
s42,balanced,seen_embedded,nld-eng,stage3,5,0.0103092783505155,-0.002061855670103,0.0453608247422681,0.9896907216494846,0.979381443298969,0.0243639458999336,109
s42,balanced,seen_embedded,nld-eng,stage3,10,0.0082474226804124,-0.0061855670103092,0.0350515463917525,0.9876288659793816,0.979381443298969,0.0269365364607964,109
s42,balanced,seen_embedded,zho-eng,stage1,0,0.0,0.0,0.0,0.4577205882352941,0.4577205882352941,0.0,207
s42,balanced,seen_embedded,zho-eng,stage1,1,0.1084558823529411,0.0128676470588234,0.1948529411764705,0.65625,0.5477941176470589,0.0757139812446717,207
s42,balanced,seen_embedded,zho-eng,stage1,5,0.1893382352941175,0.1084558823529411,0.2775735294117647,0.7610294117647058,0.5716911764705883,0.1472275504404659,207
s42,balanced,seen_embedded,zho-eng,stage1,10,0.2444852941176472,0.1507352941176469,0.2922794117647058,0.7977941176470589,0.5533088235294117,0.1660628019323671,207
s42,balanced,seen_embedded,zho-eng,stage2,1,0.21875,0.1378676470588234,0.3070312499999996,0.8290441176470589,0.6102941176470589,0.1937695368002273,207
s42,balanced,seen_embedded,zho-eng,stage2,5,0.2738970588235294,0.1966911764705883,0.3382352941176469,0.8731617647058824,0.5992647058823529,0.2022591645353794,207
s42,balanced,seen_embedded,zho-eng,stage2,10,0.2591911764705883,0.1911764705882352,0.3308823529411765,0.875,0.6158088235294117,0.2070900824097754,207
s42,balanced,seen_embedded,zho-eng,stage3,1,0.2426470588235294,0.181985294117647,0.3106617647058823,0.8694852941176471,0.6268382352941176,0.2043549303779483,207
s42,balanced,seen_embedded,zho-eng,stage3,5,0.28125,0.2077205882352941,0.3492647058823529,0.8860294117647058,0.6047794117647058,0.2231191389599316,207
s42,balanced,seen_embedded,zho-eng,stage3,10,0.2794117647058822,0.2205422794117646,0.3529411764705882,0.8823529411764706,0.6029411764705883,0.2302678317703892,207
s42,balanced,never_embedded,pooled,stage1,0,0.0,0.0,0.0,0.6155660377358491,0.6155660377358491,0.0,617
s42,balanced,never_embedded,pooled,stage1,1,0.0868784111582776,0.0350510207730242,0.1203236960506581,0.7095588235294117,0.622680412371134,0.0549783547424903,617
s42,balanced,never_embedded,pooled,stage1,5,0.1292660932297447,0.0885118965038846,0.1713917766850178,0.8443396226415094,0.7150735294117647,0.0904394857412275,617
s42,balanced,never_embedded,pooled,stage1,10,0.1469859190134979,0.1016231964483906,0.1727941176470587,0.8566176470588236,0.7096317280453257,0.0975050719191062,617
s42,balanced,never_embedded,pooled,stage2,1,0.1294523829361772,0.1035683808511734,0.163480607497021,0.8739376770538243,0.7444852941176471,0.1048766336252587,617
s42,balanced,never_embedded,pooled,stage2,5,0.1485849056603773,0.1202830188679245,0.1855524079320114,0.9009433962264152,0.7523584905660378,0.116931519447888,617
s42,balanced,never_embedded,pooled,stage2,10,0.1422109679833235,0.1129414628811864,0.185667492917847,0.8985849056603774,0.7563739376770539,0.1112101109542443,617
s42,balanced,never_embedded,pooled,stage3,1,0.1360294117647059,0.09977091604975,0.167554950398755,0.9007352941176472,0.7647058823529411,0.1112035922540271,617
s42,balanced,never_embedded,pooled,stage3,5,0.1233163183494575,0.0941315205327414,0.15463146079427,0.9080188679245284,0.7847025495750708,0.107113872822954,617
s42,balanced,never_embedded,pooled,stage3,10,0.1252655807365439,0.0966981132075471,0.1544117647058823,0.906515580736544,0.78125,0.1030952354504479,617
s42,balanced,never_embedded,eng-nld,stage1,0,0.0,0.0,0.0,0.6487252124645893,0.6487252124645893,0.0,151
s42,balanced,never_embedded,eng-nld,stage1,1,0.1161473087818697,0.0240793201133143,0.1813031161473088,0.7322946175637394,0.6161473087818696,0.0653434140667504,151
s42,balanced,never_embedded,eng-nld,stage1,5,0.0070821529745042,-0.0226628895184135,0.0892351274787535,0.896600566572238,0.8895184135977338,0.0256645967393954,151
s42,balanced,never_embedded,eng-nld,stage1,10,0.0439093484419264,-0.0141643059490084,0.0892705382436258,0.9150141643059492,0.8711048158640227,0.03761514361293,151
s42,balanced,never_embedded,eng-nld,stage2,1,0.0354107648725211,0.0,0.0920679886685552,0.9249291784702548,0.8895184135977338,0.0277470311239518,151
s42,balanced,never_embedded,eng-nld,stage2,5,0.0424929178470254,0.0056657223796033,0.0807365439093483,0.9475920679886686,0.9050991501416432,0.0435059940341069,151
s42,balanced,never_embedded,eng-nld,stage2,10,0.0453257790368272,0.0042492917847025,0.0651558073654391,0.9475920679886686,0.9022662889518414,0.0434872333639757,151
s42,balanced,never_embedded,eng-nld,stage3,1,0.0410764872521246,-0.0014164305949008,0.0793201133144475,0.9291784702549576,0.8881019830028328,0.0380653996960771,151
s42,balanced,never_embedded,eng-nld,stage3,5,0.0269121813031161,0.0,0.0594900849858357,0.9475920679886686,0.9206798866855525,0.0369772808284712,151
s42,balanced,never_embedded,eng-nld,stage3,10,0.0297450424929178,-0.0014164305949008,0.0651558073654391,0.953257790368272,0.923512747875354,0.0314428831397858,151
s42,balanced,never_embedded,eng-zho,stage1,0,0.0,0.0,0.0,0.5200471698113207,0.5200471698113207,0.0,150
s42,balanced,never_embedded,eng-zho,stage1,1,0.0306603773584905,-0.0518867924528302,0.1367924528301887,0.6733490566037736,0.6426886792452831,0.0390251572327045,150
s42,balanced,never_embedded,eng-zho,stage1,5,0.2193396226415094,0.1167158018867924,0.3125,0.7783018867924528,0.5589622641509434,0.105377358490566,150
s42,balanced,never_embedded,eng-zho,stage1,10,0.1839622641509434,0.0919516509433961,0.2759728773584904,0.7712264150943396,0.5872641509433962,0.0990566037735849,150
s42,balanced,never_embedded,eng-zho,stage2,1,0.1981132075471698,0.0978478773584905,0.2842865566037731,0.7983490566037736,0.6002358490566038,0.1162735849056603,150
s42,balanced,never_embedded,eng-zho,stage2,5,0.2299528301886793,0.1273290094339622,0.293632075471698,0.7865566037735849,0.5566037735849056,0.1352987421383648,150
s42,balanced,never_embedded,eng-zho,stage2,10,0.1709905660377358,0.0908018867924527,0.244133254716981,0.7806603773584906,0.6096698113207547,0.1158018867924527,150
s42,balanced,never_embedded,eng-zho,stage3,1,0.1320754716981133,0.0530365566037735,0.2193691037735847,0.8030660377358491,0.6709905660377358,0.1153144654088049,150
s42,balanced,never_embedded,eng-zho,stage3,5,0.1485849056603774,0.061320754716981,0.2358785377358489,0.7865566037735849,0.6379716981132075,0.120314465408805,150
s42,balanced,never_embedded,eng-zho,stage3,10,0.1450471698113208,0.0707547169811321,0.2323408018867923,0.7712264150943396,0.6261792452830188,0.1205188679245283,150
s42,balanced,never_embedded,nld-eng,stage1,0,0.0,0.0,0.0,0.7463917525773196,0.7463917525773196,0.0,109
s42,balanced,never_embedded,nld-eng,stage1,1,0.0268041237113402,-0.0515463917525772,0.1237628865979378,0.8680412371134021,0.8412371134020619,0.0467038683438948,109
s42,balanced,never_embedded,nld-eng,stage1,5,0.0268041237113402,-0.0041237113402061,0.0865979381443299,0.9649484536082474,0.9381443298969072,0.06155301239005,109
s42,balanced,never_embedded,nld-eng,stage1,10,0.0309278350515463,-0.0061855670103092,0.0721649484536082,0.9711340206185568,0.9402061855670104,0.067719663293294,109
s42,balanced,never_embedded,nld-eng,stage2,1,0.0309278350515463,0.0082474226804124,0.0762886597938145,0.977319587628866,0.9463917525773196,0.0524732809987701,109
s42,balanced,never_embedded,nld-eng,stage2,5,0.0164948453608247,0.0,0.0412371134020619,0.9855670103092784,0.9690721649484536,0.041937009363473,109
s42,balanced,never_embedded,nld-eng,stage2,10,0.0185567010309278,0.0,0.0494845360824741,0.9855670103092784,0.9670103092783504,0.0399319020145656,109
s42,balanced,never_embedded,nld-eng,stage3,1,0.0206185567010308,0.002061855670103,0.0494845360824741,0.9835051546391752,0.9628865979381444,0.0380592074151139,109
s42,balanced,never_embedded,nld-eng,stage3,5,0.0144329896907217,0.002061855670103,0.0351030927835048,0.9896907216494846,0.9752577319587628,0.0293010498439422,109
s42,balanced,never_embedded,nld-eng,stage3,10,0.0144329896907217,0.002061855670103,0.0432989690721649,0.9896907216494846,0.9752577319587628,0.0266717109618842,109
s42,balanced,never_embedded,zho-eng,stage1,0,0.0,0.0,0.0,0.5808823529411764,0.5808823529411764,0.0,207
s42,balanced,never_embedded,zho-eng,stage1,1,0.1158088235294116,0.0147058823529411,0.1764705882352941,0.65625,0.5404411764705883,0.0633347541915319,207
s42,balanced,never_embedded,zho-eng,stage1,5,0.1488970588235294,0.0790441176470587,0.2279411764705882,0.7297794117647058,0.5808823529411764,0.1420769394714408,207
s42,balanced,never_embedded,zho-eng,stage1,10,0.1948529411764705,0.1084558823529412,0.2591911764705882,0.7647058823529411,0.5698529411764706,0.1557526996305768,207
s42,balanced,never_embedded,zho-eng,stage2,1,0.2058823529411765,0.1378676470588236,0.2812959558823527,0.8014705882352942,0.5955882352941176,0.1804756322818981,207
s42,balanced,never_embedded,zho-eng,stage2,5,0.2628676470588235,0.1727481617647058,0.3290900735294115,0.8382352941176471,0.5753676470588236,0.1966734157431089,207
s42,balanced,never_embedded,zho-eng,stage2,10,0.2389705882352941,0.1764246323529412,0.301470588235294,0.8345588235294118,0.5955882352941176,0.1948174197215116,207
s42,balanced,never_embedded,zho-eng,stage3,1,0.2261029411764705,0.1856617647058823,0.3290441176470587,0.8327205882352942,0.6066176470588236,0.2000923557828929,207
s42,balanced,never_embedded,zho-eng,stage3,5,0.2720588235294117,0.2058823529411765,0.3290441176470587,0.8474264705882353,0.5753676470588236,0.1896845694799658,207
s42,balanced,never_embedded,zho-eng,stage3,10,0.2628676470588235,0.1948529411764705,0.3308823529411764,0.8419117647058824,0.5790441176470589,0.1829798948564932,207
s43,all,seen_embedded,pooled,stage1,0,0.0,0.0,0.0,0.6154390934844193,0.6154390934844193,0.0,1102
s43,all,seen_embedded,pooled,stage1,1,0.10553346258328,0.0707105954945678,0.1370353688103869,0.7680438676887185,0.6625104051054385,0.0578723726522084,1102
s43,all,seen_embedded,pooled,stage1,5,0.0934630470798469,0.0653263600652769,0.1116219590549341,0.8852316870144283,0.7917686399345814,0.0722374144860104,1102
s43,all,seen_embedded,pooled,stage1,10,0.0865650241469189,0.067504490658972,0.1170446852607898,0.8987409822419534,0.8121759580950345,0.0850972585438837,1102
s43,all,seen_embedded,pooled,stage2,1,0.088183268590455,0.0700943400657978,0.1104507110095619,0.9136029411764706,0.8254196725860156,0.0811816566263042,1102
s43,all,seen_embedded,pooled,stage2,5,0.1003997504095552,0.0812269728938063,0.1250017341842397,0.9375885269121812,0.837188776502626,0.0984384444823849,1102
s43,all,seen_embedded,pooled,stage2,10,0.0986317465130381,0.0814498966662002,0.1173335138434385,0.9402061855670104,0.8415744390539721,0.1007945884973388,1102
s43,all,seen_embedded,pooled,stage3,1,0.0891327467434672,0.0739865821332184,0.1111878357523713,0.9319983127812032,0.8428655660377359,0.0940631471576111,1102
s43,all,seen_embedded,pooled,stage3,5,0.0985392801193317,0.0722303218359897,0.1193120455947033,0.9428054087205398,0.844266128601208,0.1066130739725054,1102
s43,all,seen_embedded,pooled,stage3,10,0.1012322926524823,0.0797009408217673,0.1222781044943767,0.9431787410431596,0.8419464483906771,0.1081189050013675,1102
s43,all,seen_embedded,eng-nld,stage1,0,0.0,0.0,0.0,0.754957507082153,0.754957507082153,0.0,359
s43,all,seen_embedded,eng-nld,stage1,1,0.0339943342776204,-0.0056657223796033,0.1104815864022663,0.8328611898016998,0.7988668555240793,0.0165947272483368,359
s43,all,seen_embedded,eng-nld,stage1,5,0.0283286118980169,0.0070821529745042,0.046742209631728,0.9589235127478754,0.9305949008498584,0.0352845092206079,359
s43,all,seen_embedded,eng-nld,stage1,10,0.0325779036827196,0.0070821529745042,0.046742209631728,0.9674220963172804,0.9348441926345608,0.0350083249820482,359
s43,all,seen_embedded,eng-nld,stage2,1,0.0169971671388101,0.0027974504249291,0.0311614730878186,0.970254957507082,0.953257790368272,0.0254760232626038,359
s43,all,seen_embedded,eng-nld,stage2,5,0.0127478753541077,0.0014164305949008,0.0396600566572238,0.9844192634560908,0.971671388101983,0.044043495072084,359
s43,all,seen_embedded,eng-nld,stage2,10,0.0169971671388101,0.0028328611898016,0.0326133144475919,0.9844192634560908,0.9674220963172804,0.0413329440450733,359
s43,all,seen_embedded,eng-nld,stage3,1,0.0084985835694051,-0.0014164305949009,0.0339943342776204,0.9830028328611898,0.9745042492917848,0.0318164242821181,359
s43,all,seen_embedded,eng-nld,stage3,5,0.0056657223796033,-0.0028328611898016,0.0254957507082153,0.9844192634560908,0.9787535410764872,0.0371467800863273,359
s43,all,seen_embedded,eng-nld,stage3,10,0.0070821529745043,-0.0014164305949008,0.0254957507082153,0.9872521246458924,0.980169971671388,0.0391195246474704,359
s43,all,seen_embedded,eng-zho,stage1,0,0.0,0.0,0.0,0.5283018867924528,0.5283018867924528,0.0,219
s43,all,seen_embedded,eng-zho,stage1,1,0.1367924528301887,0.0542452830188679,0.1933962264150942,0.6297169811320755,0.4929245283018868,0.0766024812613077,219
s43,all,seen_embedded,eng-zho,stage1,5,0.1415094339622642,0.0943396226415094,0.1981132075471697,0.75,0.6084905660377358,0.1088028775738777,219
s43,all,seen_embedded,eng-zho,stage1,10,0.1367924528301887,0.1037735849056604,0.2052476415094336,0.7712264150943396,0.6344339622641509,0.1206276384940122,219
s43,all,seen_embedded,eng-zho,stage2,1,0.1462264150943396,0.0895636792452829,0.2122641509433962,0.7971698113207547,0.6509433962264151,0.1149629533901956,219
s43,all,seen_embedded,eng-zho,stage2,5,0.195754716981132,0.125,0.2476415094339622,0.8018867924528301,0.6061320754716981,0.1323662445076248,219
s43,all,seen_embedded,eng-zho,stage2,10,0.1768867924528301,0.1202830188679244,0.2570754716981132,0.8136792452830188,0.6367924528301887,0.1478310502283104,219
s43,all,seen_embedded,eng-zho,stage3,1,0.1792452830188678,0.1273584905660377,0.2216981132075471,0.8136792452830188,0.6344339622641509,0.1416817437753078,219
s43,all,seen_embedded,eng-zho,stage3,5,0.2122641509433962,0.1438679245283018,0.2806603773584906,0.8419811320754718,0.6297169811320755,0.1644589471870422,219
s43,all,seen_embedded,eng-zho,stage3,10,0.1910377358490567,0.1485849056603773,0.275943396226415,0.8301886792452831,0.6391509433962264,0.1639850952011717,219
s43,all,seen_embedded,nld-eng,stage1,0,0.0,0.0,0.0,0.8061855670103093,0.8061855670103093,0.0,245
s43,all,seen_embedded,nld-eng,stage1,1,0.0536082474226804,0.0164948453608247,0.1051546391752576,0.9216494845360824,0.8680412371134021,0.0771218177992845,245
s43,all,seen_embedded,nld-eng,stage1,5,0.0041237113402061,-0.0041237113402062,0.022680412371134,0.9896907216494846,0.9855670103092784,0.0155102040816325,245
s43,all,seen_embedded,nld-eng,stage1,10,0.0082474226804123,-0.002061855670103,0.0309278350515463,0.9938144329896909,0.9855670103092784,0.0293120134651799,245
s43,all,seen_embedded,nld-eng,stage2,1,0.0041237113402061,-0.0021134020618556,0.0309278350515463,0.9917525773195875,0.9876288659793816,0.0283526193982748,245
s43,all,seen_embedded,nld-eng,stage2,5,0.0103092783505154,0.0,0.0309278350515463,0.9958762886597938,0.9855670103092784,0.0312392173364189,245
s43,all,seen_embedded,nld-eng,stage2,10,0.0082474226804123,0.0,0.0247422680412371,0.9958762886597938,0.9876288659793816,0.0289164738060172,245
s43,all,seen_embedded,nld-eng,stage3,1,0.0041237113402061,0.0,0.0206185567010309,0.9958762886597938,0.9917525773195875,0.0230170418682936,245
s43,all,seen_embedded,nld-eng,stage3,5,0.0041237113402061,0.0,0.0185567010309278,0.9958762886597938,0.9917525773195875,0.023774458236903,245
s43,all,seen_embedded,nld-eng,stage3,10,0.0,0.0,0.0164948453608247,0.9958762886597938,0.9958762886597938,0.0255670103092784,245
s43,all,seen_embedded,zho-eng,stage1,0,0.0,0.0,0.0,0.3988970588235294,0.3988970588235294,0.0,279
s43,all,seen_embedded,zho-eng,stage1,1,0.1323529411764705,0.0551470588235293,0.1911764705882352,0.6838235294117647,0.5514705882352942,0.0793801391524352,279
s43,all,seen_embedded,zho-eng,stage1,5,0.1580882352941176,0.1066176470588234,0.2334558823529412,0.7830882352941176,0.625,0.1408984292641788,279
s43,all,seen_embedded,zho-eng,stage1,10,0.1948529411764705,0.1323529411764706,0.2775735294117647,0.8198529411764706,0.625,0.1706462154754374,279
s43,all,seen_embedded,zho-eng,stage2,1,0.2132352941176469,0.1544117647058823,0.255514705882353,0.8547794117647058,0.6415441176470589,0.1727348197343453,279
s43,all,seen_embedded,zho-eng,stage2,5,0.2334558823529411,0.1783088235294118,0.2794117647058823,0.875,0.6415441176470589,0.2008090870756903,279
s43,all,seen_embedded,zho-eng,stage2,10,0.21875,0.1636029411764705,0.2867647058823529,0.8639705882352942,0.6452205882352942,0.2035038477756693,279
s43,all,seen_embedded,zho-eng,stage3,1,0.2095588235294117,0.1598805147058823,0.2720588235294118,0.8547794117647058,0.6452205882352942,0.1991685114906178,279
s43,all,seen_embedded,zho-eng,stage3,5,0.2205882352941176,0.1691176470588234,0.3014705882352941,0.875,0.6544117647058824,0.2233357052498419,279
s43,all,seen_embedded,zho-eng,stage3,10,0.2279411764705882,0.1580422794117646,0.3106617647058823,0.8731617647058824,0.6452205882352942,0.2255429053341768,279
s43,all,never_embedded,pooled,stage1,0,0.0,0.0,0.0,0.7017822408091811,0.7017822408091811,0.0,1102
s43,all,never_embedded,pooled,stage1,1,0.0413446717213797,0.0107906306852637,0.0656209952858793,0.8005514705882353,0.7592067988668555,0.0225245863123292,1102
s43,all,never_embedded,pooled,stage1,5,0.0521473622320808,0.0336365163097816,0.0715440596670314,0.900896627291678,0.848749265059597,0.0479573266753294,1102
s43,all,never_embedded,pooled,stage1,10,0.059558420687747,0.0374320959930217,0.0789341418725809,0.9150141643059492,0.855455743618202,0.0516020695350313,1102
s43,all,never_embedded,pooled,stage2,1,0.0581125138734739,0.0412670695621518,0.0819229112952418,0.9266786903440624,0.8685661764705883,0.0547820629182805,1102
s43,all,never_embedded,pooled,stage2,5,0.0669185344109315,0.0495260699140349,0.0836223763217136,0.9420955882352942,0.8751770538243626,0.0639018910374005,1102
s43,all,never_embedded,pooled,stage2,10,0.0672934719213464,0.0515659680646008,0.0817907332549103,0.9424705257457092,0.8751770538243626,0.0657988248919587,1102
s43,all,never_embedded,pooled,stage3,1,0.0629243924276576,0.0482649624085216,0.0790441176470587,0.9426413735597332,0.8797169811320755,0.0584517896407029,1102
s43,all,never_embedded,pooled,stage3,5,0.0623959489456159,0.047257369288323,0.0809891322880894,0.9503676470588236,0.8879716981132075,0.0659795613441804,1102
s43,all,never_embedded,pooled,stage3,10,0.06735434031435,0.052537988424804,0.0845073508206105,0.9522058823529412,0.8848515420385911,0.0669406632311734,1102
s43,all,never_embedded,eng-nld,stage1,0,0.0,0.0,0.0,0.8101983002832861,0.8101983002832861,0.0,359
s43,all,never_embedded,eng-nld,stage1,1,0.0141643059490085,-0.0155807365439093,0.0524079320113315,0.8895184135977338,0.8753541076487252,0.0069322243878573,359
s43,all,never_embedded,eng-nld,stage1,5,0.0127478753541075,0.0,0.0297450424929177,0.971671388101983,0.9589235127478754,0.0237163351140641,359
s43,all,never_embedded,eng-nld,stage1,10,0.0127478753541075,-0.0014164305949008,0.0269121813031162,0.9759206798866856,0.963172804532578,0.0290387999400285,359
s43,all,never_embedded,eng-nld,stage2,1,0.0127478753541077,0.0014164305949008,0.0240793201133143,0.9830028328611898,0.970254957507082,0.0252471848935111,359
s43,all,never_embedded,eng-nld,stage2,5,0.0070821529745042,0.0028328611898016,0.0226628895184135,0.9858356940509916,0.9787535410764872,0.0290190724944173,359
s43,all,never_embedded,eng-nld,stage2,10,0.0084985835694051,0.0014164305949008,0.0212464589235128,0.9872521246458924,0.9787535410764872,0.0297923883623852,359
s43,all,never_embedded,eng-nld,stage3,1,0.0084985835694051,0.0014164305949008,0.0212464589235127,0.990084985835694,0.9815864022662888,0.0266636154884121,359
s43,all,never_embedded,eng-nld,stage3,5,0.0084985835694051,0.0014164305949008,0.0155807365439093,0.9886685552407932,0.980169971671388,0.028880980375137,359
s43,all,never_embedded,eng-nld,stage3,10,0.0084985835694051,0.0014164305949008,0.0169971671388101,0.9886685552407932,0.980169971671388,0.0293781120045452,359
s43,all,never_embedded,eng-zho,stage1,0,0.0,0.0,0.0,0.5165094339622642,0.5165094339622642,0.0,219
s43,all,never_embedded,eng-zho,stage1,1,0.0235849056603772,-0.0495872641509434,0.09439858490566,0.6886792452830188,0.6650943396226415,0.0262557077625568,219
s43,all,never_embedded,eng-zho,stage1,5,0.089622641509434,0.0259433962264151,0.1556603773584906,0.7476415094339622,0.6580188679245282,0.0534160420435944,219
s43,all,never_embedded,eng-zho,stage1,10,0.0801886792452829,0.0235849056603774,0.1627358490566037,0.7594339622641509,0.679245283018868,0.052963728784354,219
s43,all,never_embedded,eng-zho,stage2,1,0.1061320754716981,0.0353773584905661,0.1650943396226416,0.7688679245283019,0.6627358490566038,0.0677931420694408,219
s43,all,never_embedded,eng-zho,stage2,5,0.0943396226415094,0.0377358490566037,0.1651533018867922,0.7570754716981132,0.6627358490566038,0.0747070733178254,219
s43,all,never_embedded,eng-zho,stage2,10,0.1084905660377357,0.0518867924528301,0.1910377358490567,0.75,0.6415094339622642,0.0749655380373912,219
s43,all,never_embedded,eng-zho,stage3,1,0.0990566037735849,0.0306603773584905,0.1627358490566037,0.7547169811320755,0.6556603773584906,0.0683208408718877,219
s43,all,never_embedded,eng-zho,stage3,5,0.1179245283018868,0.0424528301886792,0.1650943396226415,0.7806603773584906,0.6627358490566038,0.0806194537778927,219
s43,all,never_embedded,eng-zho,stage3,10,0.080188679245283,0.0283018867924527,0.169811320754717,0.7735849056603774,0.6933962264150944,0.0786378909278883,219
s43,all,never_embedded,nld-eng,stage1,0,0.0,0.0,0.0,0.8577319587628867,0.8577319587628867,0.0,245
s43,all,never_embedded,nld-eng,stage1,1,0.0123711340206186,-0.0103092783505154,0.0350515463917525,0.9628865979381444,0.9505154639175256,0.0219566589522407,245
s43,all,never_embedded,nld-eng,stage1,5,0.002061855670103,-0.0082474226804124,0.0041237113402062,0.9917525773195875,0.9896907216494846,0.0157290132547863,245
s43,all,never_embedded,nld-eng,stage1,10,0.002061855670103,-0.0041237113402061,0.0082474226804123,0.9938144329896909,0.9917525773195875,0.0253734483484115,245
s43,all,never_embedded,nld-eng,stage2,1,0.0,-0.002061855670103,0.0103092783505155,0.9938144329896909,0.9938144329896909,0.0222007153376814,245
s43,all,never_embedded,nld-eng,stage2,5,0.002061855670103,0.0,0.0061855670103092,0.9958762886597938,0.9938144329896909,0.0271744161582156,245
s43,all,never_embedded,nld-eng,stage2,10,0.002061855670103,0.0,0.0061855670103092,0.9958762886597938,0.9938144329896909,0.0249863244266778,245
s43,all,never_embedded,nld-eng,stage3,1,0.002061855670103,0.0,0.0061855670103092,0.9958762886597938,0.9938144329896909,0.0160067325899432,245
s43,all,never_embedded,nld-eng,stage3,5,0.0,-0.002061855670103,0.0041237113402061,0.9958762886597938,0.9958762886597938,0.0133473595623816,245
s43,all,never_embedded,nld-eng,stage3,10,0.002061855670103,0.0,0.0041752577319585,0.9958762886597938,0.9938144329896909,0.0157795076793603,245
s43,all,never_embedded,zho-eng,stage1,0,0.0,0.0,0.0,0.6323529411764706,0.6323529411764706,0.0,279
s43,all,never_embedded,zho-eng,stage1,1,0.0643382352941175,-0.0110294117647058,0.130514705882353,0.6783088235294117,0.6139705882352942,0.0401578642209572,279
s43,all,never_embedded,zho-eng,stage1,5,0.1893382352941177,0.0974264705882352,0.2426470588235294,0.7977941176470589,0.6084558823529411,0.1031651908075059,279
s43,all,never_embedded,zho-eng,stage1,10,0.15625,0.0863970588235294,0.2022058823529412,0.7996323529411764,0.6433823529411764,0.1025985663082436,279
s43,all,never_embedded,zho-eng,stage2,1,0.1709558823529411,0.1047334558823529,0.2316176470588234,0.8125,0.6415441176470589,0.1111835863377608,279
s43,all,never_embedded,zho-eng,stage2,5,0.1801470588235293,0.1268382352941176,0.2261029411764705,0.8455882352941176,0.6654411764705883,0.1325571895424836,279
s43,all,never_embedded,zho-eng,stage2,10,0.1875,0.1231617647058823,0.2316636029411762,0.8566176470588236,0.6691176470588236,0.1407732447817837,279
s43,all,never_embedded,zho-eng,stage3,1,0.1507352941176469,0.1121323529411764,0.2334558823529412,0.8547794117647058,0.7040441176470589,0.1288807189542483,279
s43,all,never_embedded,zho-eng,stage3,5,0.1654411764705882,0.1158088235294116,0.2352941176470588,0.8768382352941176,0.7113970588235294,0.1484424414927262,279
s43,all,never_embedded,zho-eng,stage3,10,0.1470588235294118,0.1121323529411765,0.2334558823529411,0.8639705882352942,0.7169117647058824,0.151018606367278,279
s43,balanced,seen_embedded,pooled,stage1,0,0.0,0.0,0.0,0.5580736543909348,0.5580736543909348,0.0,617
s43,balanced,seen_embedded,pooled,stage1,1,0.1438077930407824,0.0943396226415094,0.181490022787974,0.7075471698113207,0.5637393767705383,0.0804970921142922,617
s43,balanced,seen_embedded,pooled,stage1,5,0.1438679245283018,0.1030906661604508,0.1856634988901221,0.8443396226415094,0.7004716981132075,0.1028698087878543,617
s43,balanced,seen_embedded,pooled,stage1,10,0.1529677077016373,0.1222897274792041,0.1816408726129044,0.8680412371134021,0.7150735294117647,0.1199749661529491,617
s43,balanced,seen_embedded,pooled,stage2,1,0.1487252124645892,0.1129509861563953,0.179657557073821,0.8824362606232294,0.7337110481586402,0.1110431265496658,617
s43,balanced,seen_embedded,pooled,stage2,5,0.1688401775804661,0.1362845775704049,0.2073780868479466,0.9117647058823528,0.7429245283018868,0.1358898092475463,617
s43,balanced,seen_embedded,pooled,stage2,10,0.1671388101983002,0.1327418663381041,0.2055799416685269,0.9107648725212464,0.7436260623229463,0.1400307233022041,617
s43,balanced,seen_embedded,pooled,stage3,1,0.1573591901349774,0.1143174250832408,0.1926860779689233,0.9036827195467422,0.7463235294117647,0.1335374210484118,617
s43,balanced,seen_embedded,pooled,stage3,5,0.1628947258790201,0.1402266288951841,0.1910405409367598,0.9136029411764706,0.7507082152974505,0.150088372135393,617
s43,balanced,seen_embedded,pooled,stage3,10,0.1627358490566037,0.1286680084569239,0.1930147058823528,0.9150943396226416,0.7523584905660378,0.1510707635365447,617
s43,balanced,seen_embedded,eng-nld,stage1,0,0.0,0.0,0.0,0.725212464589235,0.725212464589235,0.0,151
s43,balanced,seen_embedded,eng-nld,stage1,1,0.0566572237960338,-0.0198300283286119,0.177053824362606,0.6359773371104815,0.5793201133144477,0.0265088268952965,151
s43,balanced,seen_embedded,eng-nld,stage1,5,0.0821529745042491,0.0212464589235127,0.1218130311614731,0.9192634560906516,0.8371104815864023,0.0592555766091964,151
s43,balanced,seen_embedded,eng-nld,stage1,10,0.0679886685552407,0.0127478753541077,0.1133144475920679,0.923512747875354,0.8555240793201133,0.0576046376376564,151
s43,balanced,seen_embedded,eng-nld,stage2,1,0.0297450424929178,-0.0028328611898017,0.1019830028328612,0.9419263456090652,0.9121813031161472,0.0413203759638295,151
s43,balanced,seen_embedded,eng-nld,stage2,5,0.0453257790368272,0.018413597733711,0.1189801699716713,0.9518413597733713,0.906515580736544,0.0604093578222614,151
s43,balanced,seen_embedded,eng-nld,stage2,10,0.0439093484419262,0.0127478753541077,0.0991501416430595,0.9603399433427762,0.91643059490085,0.0579892313753448,151
s43,balanced,seen_embedded,eng-nld,stage3,1,0.0495750708215296,0.0042492917847025,0.0821529745042493,0.9546742209631728,0.9050991501416432,0.0441157158133689,151
s43,balanced,seen_embedded,eng-nld,stage3,5,0.055240793201133,0.0084985835694051,0.0793555240793199,0.970254957507082,0.9150141643059492,0.0557567116297392,151
s43,balanced,seen_embedded,eng-nld,stage3,10,0.046742209631728,0.0070821529745043,0.0836402266288947,0.9688385269121812,0.9220963172804532,0.0551657505206085,151
s43,balanced,seen_embedded,eng-zho,stage1,0,0.0,0.0,0.0,0.5754716981132075,0.5754716981132075,0.0,150
s43,balanced,seen_embedded,eng-zho,stage1,1,0.1591981132075471,0.0683962264150943,0.2452830188679244,0.6509433962264151,0.4917452830188679,0.0997169811320753,150
s43,balanced,seen_embedded,eng-zho,stage1,5,0.1485849056603774,0.0990566037735848,0.2217275943396226,0.7523584905660378,0.6037735849056604,0.1190723270440252,150
s43,balanced,seen_embedded,eng-zho,stage1,10,0.1674528301886793,0.1132075471698114,0.2346698113207546,0.7889150943396226,0.6214622641509433,0.1353459119496854,150
s43,balanced,seen_embedded,eng-zho,stage2,1,0.1922169811320755,0.1073113207547169,0.2394162735849055,0.8007075471698113,0.6084905660377358,0.1255031446540879,150
s43,balanced,seen_embedded,eng-zho,stage2,5,0.2323113207547169,0.160377358490566,0.3042452830188679,0.8313679245283019,0.5990566037735849,0.160062893081761,150
s43,balanced,seen_embedded,eng-zho,stage2,10,0.241745283018868,0.150943396226415,0.3219339622641508,0.8290094339622642,0.5872641509433962,0.1771383647798741,150
s43,balanced,seen_embedded,eng-zho,stage3,1,0.1851415094339623,0.1367924528301887,0.2677181603773583,0.8183962264150944,0.633254716981132,0.1714622641509433,150
s43,balanced,seen_embedded,eng-zho,stage3,5,0.2547169811320755,0.1603478773584905,0.3136792452830188,0.8596698113207548,0.6049528301886793,0.1897955974842767,150
s43,balanced,seen_embedded,eng-zho,stage3,10,0.2193396226415094,0.1627358490566037,0.3242924528301886,0.8466981132075472,0.6273584905660378,0.1882232704402516,150
s43,balanced,seen_embedded,nld-eng,stage1,0,0.0,0.0,0.0,0.6804123711340206,0.6804123711340206,0.0,109
s43,balanced,seen_embedded,nld-eng,stage1,1,0.1072164948453607,0.0268041237113402,0.2123711340206185,0.9010309278350516,0.7938144329896908,0.0995554714839682,109
s43,balanced,seen_embedded,nld-eng,stage1,5,0.0164948453608246,-0.0103092783505155,0.068041237113402,0.979381443298969,0.9628865979381444,0.0253854156814528,109
s43,balanced,seen_embedded,nld-eng,stage1,10,0.0309278350515463,-0.0041237113402061,0.0948453608247422,0.977319587628866,0.9463917525773196,0.0451338314574862,109
s43,balanced,seen_embedded,nld-eng,stage2,1,0.0144329896907217,-0.0061855670103092,0.0886597938144329,0.9855670103092784,0.9711340206185568,0.0395157476591317,109
s43,balanced,seen_embedded,nld-eng,stage2,5,0.0453608247422681,-0.002061855670103,0.0804639175257729,0.9917525773195875,0.9463917525773196,0.0466092878085691,109
s43,balanced,seen_embedded,nld-eng,stage2,10,0.0350515463917526,-0.0041237113402061,0.0701030927835051,0.9876288659793816,0.9525773195876288,0.0412181972949967,109
s43,balanced,seen_embedded,nld-eng,stage3,1,0.0288659793814433,-0.0021134020618556,0.0742268041237113,0.9876288659793816,0.9587628865979382,0.0372268987042467,109
s43,balanced,seen_embedded,nld-eng,stage3,5,0.0247422680412371,-0.002061855670103,0.0701030927835052,0.9896907216494846,0.9649484536082474,0.0383240329140264,109
s43,balanced,seen_embedded,nld-eng,stage3,10,0.0309278350515463,-0.002061855670103,0.0721649484536082,0.9896907216494846,0.9587628865979382,0.0399697342286956,109
s43,balanced,seen_embedded,zho-eng,stage1,0,0.0,0.0,0.0,0.3915441176470589,0.3915441176470589,0.0,207
s43,balanced,seen_embedded,zho-eng,stage1,1,0.1672794117647058,0.0772058823529411,0.2334558823529411,0.6838235294117647,0.5165441176470589,0.0959168087524865,207
s43,balanced,seen_embedded,zho-eng,stage1,5,0.21875,0.15625,0.2886029411764705,0.7922794117647058,0.5735294117647058,0.1637450269963059,207
s43,balanced,seen_embedded,zho-eng,stage1,10,0.2794117647058824,0.1875,0.3400735294117647,0.8290441176470589,0.5496323529411764,0.1937428957090083,207
s43,balanced,seen_embedded,zho-eng,stage2,1,0.1930147058823529,0.1525735294117647,0.2904411764705882,0.8180147058823529,0.625,0.1890895851094061,207
s43,balanced,seen_embedded,zho-eng,stage2,5,0.2665441176470587,0.2003676470588236,0.3345588235294118,0.8731617647058824,0.6066176470588236,0.2204461494742825,207
s43,balanced,seen_embedded,zho-eng,stage2,10,0.2665441176470589,0.2021599264705882,0.34375,0.8639705882352942,0.5974264705882353,0.2250195368002273,207
s43,balanced,seen_embedded,zho-eng,stage3,1,0.2591911764705882,0.2003676470588236,0.3290441176470587,0.8547794117647058,0.5955882352941176,0.2220002131287297,207
s43,balanced,seen_embedded,zho-eng,stage3,5,0.2904411764705882,0.2113970588235294,0.3805147058823529,0.8841911764705882,0.59375,0.2489787581699346,207
s43,balanced,seen_embedded,zho-eng,stage3,10,0.3106617647058822,0.21875,0.3676470588235294,0.8897058823529411,0.5790441176470589,0.2526108269394713,207
s43,balanced,never_embedded,pooled,stage1,0,0.0,0.0,0.0,0.6639175257731958,0.6639175257731958,0.0,617
s43,balanced,never_embedded,pooled,stage1,1,0.0698529411764705,0.0141509433962263,0.1139171331114625,0.7224264705882353,0.6525735294117647,0.0378568161262876,617
s43,balanced,never_embedded,pooled,stage1,5,0.0824931776834444,0.0555277319149638,0.1193278984752542,0.845360824742268,0.7628676470588236,0.0678743290310981,617
s43,balanced,never_embedded,pooled,stage1,10,0.0990566037735849,0.0695516671946185,0.1276056977925063,0.8632075471698113,0.7641509433962264,0.0770589547187234,617
s43,balanced,never_embedded,pooled,stage2,1,0.1160134930260764,0.083335991223955,0.1504174878714371,0.8768382352941176,0.7608247422680412,0.0813941485195854,617
s43,balanced,never_embedded,pooled,stage2,5,0.1477825325812098,0.1102889101816363,0.1828389418401088,0.9072164948453608,0.7594339622641509,0.0950518430992944,617
s43,balanced,never_embedded,pooled,stage2,10,0.1268685567010309,0.0992647058823529,0.15625,0.90625,0.7793814432989691,0.0965512174308336,617
s43,balanced,never_embedded,pooled,stage3,1,0.1016393101149808,0.0718359415529801,0.1323780318509937,0.8994334277620397,0.7977941176470589,0.0830891751325214,617
s43,balanced,never_embedded,pooled,stage3,5,0.1219478357380687,0.0876713403505076,0.1487930077691454,0.9191176470588236,0.7971698113207547,0.0933349413878529,617
s43,balanced,never_embedded,pooled,stage3,10,0.125,0.092849029878668,0.1444803013930667,0.9154411764705882,0.7904411764705882,0.0954567214621756,617
s43,balanced,never_embedded,eng-nld,stage1,0,0.0,0.0,0.0,0.7337110481586402,0.7337110481586402,0.0,151
s43,balanced,never_embedded,eng-nld,stage1,1,0.1019830028328612,0.0212464589235128,0.1402266288951841,0.7804532577903682,0.678470254957507,0.0202990450818904,151
s43,balanced,never_embedded,eng-nld,stage1,5,0.0439093484419264,0.0084985835694051,0.0722379603399433,0.9050991501416432,0.8611898016997167,0.0369866611635368,151
s43,balanced,never_embedded,eng-nld,stage1,10,0.0410764872521246,0.0226628895184136,0.1133144475920679,0.9220963172804532,0.8810198300283286,0.0450725099900569,151
s43,balanced,never_embedded,eng-nld,stage2,1,0.046742209631728,0.0169617563739376,0.0892351274787536,0.9348441926345608,0.8881019830028328,0.0454571037277451,151
s43,balanced,never_embedded,eng-nld,stage2,5,0.0481586402266288,0.0155807365439093,0.0623583569405097,0.9560906515580736,0.9079320113314449,0.0447066769224995,151
s43,balanced,never_embedded,eng-nld,stage2,10,0.0453257790368272,0.0198300283286119,0.0679886685552407,0.9589235127478754,0.913597733711048,0.0448380016134175,151
s43,balanced,never_embedded,eng-nld,stage3,1,0.0254957507082153,0.0056303116147308,0.0566572237960339,0.9447592067988668,0.9192634560906516,0.0432621053224021,151
s43,balanced,never_embedded,eng-nld,stage3,5,0.0311614730878186,0.0056657223796033,0.0495750708215297,0.9617563739376772,0.9305949008498584,0.044415886535467,151
s43,balanced,never_embedded,eng-nld,stage3,10,0.0269121813031162,0.0,0.0410764872521246,0.9617563739376772,0.9348441926345608,0.0462450518732531,151
s43,balanced,never_embedded,eng-zho,stage1,0,0.0,0.0,0.0,0.616745283018868,0.616745283018868,0.0,150
s43,balanced,never_embedded,eng-zho,stage1,1,0.0389150943396225,-0.0625,0.10969929245283,0.6509433962264151,0.6120283018867925,0.0295911949685533,150
s43,balanced,never_embedded,eng-zho,stage1,5,0.0648584905660377,0.0,0.1698113207547169,0.7252358490566038,0.660377358490566,0.0644339622641509,150
s43,balanced,never_embedded,eng-zho,stage1,10,0.1014150943396225,0.0023290094339621,0.2005011792452829,0.7511792452830188,0.6497641509433962,0.0660220125786162,150
s43,balanced,never_embedded,eng-zho,stage2,1,0.0931603773584904,0.0341981132075471,0.178066037735849,0.7476415094339622,0.6544811320754718,0.0773270440251572,150
s43,balanced,never_embedded,eng-zho,stage2,5,0.1191037735849056,0.0424528301886792,0.1957547169811321,0.7488207547169812,0.6297169811320755,0.0880503144654086,150
s43,balanced,never_embedded,eng-zho,stage2,10,0.1014150943396225,0.0483490566037735,0.2063974056603772,0.7370283018867925,0.6356132075471699,0.0856761006289308,150
s43,balanced,never_embedded,eng-zho,stage3,1,0.1049528301886791,0.0330188679245282,0.1969634433962262,0.7393867924528301,0.6344339622641509,0.0751572327044024,150
s43,balanced,never_embedded,eng-zho,stage3,5,0.1273584905660376,0.0258844339622641,0.1886792452830188,0.758254716981132,0.6308962264150944,0.0864937106918237,150
s43,balanced,never_embedded,eng-zho,stage3,10,0.1297169811320753,0.0283018867924529,0.2005011792452828,0.7464622641509433,0.616745283018868,0.0844339622641509,150
s43,balanced,never_embedded,nld-eng,stage1,0,0.0,0.0,0.0,0.7855670103092783,0.7855670103092783,0.0,109
s43,balanced,never_embedded,nld-eng,stage1,1,0.1113402061855669,0.0041237113402062,0.156701030927835,0.890721649484536,0.7793814432989691,0.0403480563699989,109
s43,balanced,never_embedded,nld-eng,stage1,5,-0.0061855670103093,-0.0288659793814433,0.0288659793814433,0.9525773195876288,0.9587628865979382,0.0284309089189442,109
s43,balanced,never_embedded,nld-eng,stage1,10,0.002061855670103,-0.0185567010309278,0.0556701030927835,0.9670103092783504,0.9649484536082474,0.0460039723824836,109
s43,balanced,never_embedded,nld-eng,stage2,1,0.0144329896907215,-0.0082474226804123,0.0371134020618556,0.9690721649484536,0.954639175257732,0.0296793719852453,109
s43,balanced,never_embedded,nld-eng,stage2,5,0.0164948453608246,-0.0041237113402062,0.0556701030927835,0.9835051546391752,0.9670103092783504,0.0420883382199942,109
s43,balanced,never_embedded,nld-eng,stage2,10,0.0206185567010308,-0.0061855670103093,0.0536082474226803,0.979381443298969,0.9587628865979382,0.0380781235221792,109
s43,balanced,never_embedded,nld-eng,stage3,1,0.0164948453608246,-0.002061855670103,0.0329896907216494,0.9835051546391752,0.9670103092783504,0.0188404426369052,109
s43,balanced,never_embedded,nld-eng,stage3,5,0.0082474226804123,-0.0041237113402061,0.0329896907216494,0.9835051546391752,0.9752577319587628,0.0208833821999431,109
s43,balanced,never_embedded,nld-eng,stage3,10,0.0041237113402061,-0.002061855670103,0.0309278350515463,0.981443298969072,0.977319587628866,0.0244585264352596,109
s43,balanced,never_embedded,zho-eng,stage1,0,0.0,0.0,0.0,0.6323529411764706,0.6323529411764706,0.0,207
s43,balanced,never_embedded,zho-eng,stage1,1,0.0919117647058823,-0.0018382352941177,0.1838235294117647,0.6911764705882353,0.5992647058823529,0.0553424268258028,207
s43,balanced,never_embedded,zho-eng,stage1,5,0.2169117647058824,0.1231158088235293,0.2776194852941174,0.7977941176470589,0.5808823529411764,0.1136686558681443,207
s43,balanced,never_embedded,zho-eng,stage1,10,0.1856617647058824,0.130514705882353,0.2426930147058821,0.8014705882352942,0.6158088235294117,0.1247424694515486,207
s43,balanced,never_embedded,zho-eng,stage2,1,0.1948529411764706,0.145220588235294,0.3051470588235293,0.8253676470588236,0.6305147058823529,0.1377877237851662,207
s43,balanced,never_embedded,zho-eng,stage2,5,0.2113970588235294,0.1654411764705882,0.2831341911764704,0.8639705882352942,0.6525735294117647,0.1647396277351521,207
s43,balanced,never_embedded,zho-eng,stage2,10,0.238970588235294,0.1709558823529411,0.2886488970588232,0.8805147058823529,0.6415441176470589,0.1729450838306336,207
s43,balanced,never_embedded,zho-eng,stage3,1,0.224264705882353,0.1194852941176469,0.2996323529411764,0.8566176470588236,0.6323529411764706,0.1517210144927536,207
s43,balanced,never_embedded,zho-eng,stage3,5,0.2279411764705882,0.1397058823529411,0.2922794117647058,0.8786764705882353,0.6507352941176471,0.1721280903665814,207
s43,balanced,never_embedded,zho-eng,stage3,10,0.2205882352941177,0.1378676470588234,0.2849264705882353,0.8639705882352942,0.6433823529411764,0.1767281187837454,207
s44,all,seen_embedded,pooled,stage1,0,0.0,0.0,0.0,0.609278350515464,0.609278350515464,0.0,1102
s44,all,seen_embedded,pooled,stage1,1,0.1056625808831511,0.0690645370296029,0.1345903436688329,0.7701685135810699,0.6645059326979187,0.0633769874897186,1102
s44,all,seen_embedded,pooled,stage1,5,0.1069170709520921,0.0763481591126564,0.1284795226303381,0.8824135839902971,0.775496513038205,0.0900602380516786,1102
s44,all,seen_embedded,pooled,stage1,10,0.109322974472808,0.0886006195519438,0.1378381465798137,0.8970588235294118,0.7877358490566038,0.1028782247647417,1102
s44,all,seen_embedded,pooled,stage2,1,0.125498443882513,0.0998365692257743,0.1480012453591262,0.9198113207547168,0.7943128768722039,0.1100471679566504,1102
s44,all,seen_embedded,pooled,stage2,5,0.1226415094339623,0.0991315175851194,0.1515627797936428,0.9363207547169812,0.8136792452830188,0.1198381812099567,1102
s44,all,seen_embedded,pooled,stage2,10,0.1209662517020034,0.0948955957222537,0.1438208168626769,0.938411787589963,0.8174455358879595,0.1189435893685038,1102
s44,all,seen_embedded,pooled,stage3,1,0.1166862814530912,0.0922285898498049,0.131635529622713,0.9431787410431596,0.8264924595900682,0.1130311876834858,1102
s44,all,seen_embedded,pooled,stage3,5,0.1157676059493229,0.0873779434122063,0.1369486355742684,0.9453038290788014,0.8295362231294785,0.1170974899022978,1102
s44,all,seen_embedded,pooled,stage3,10,0.1104440610478556,0.0833677988122263,0.1319812124918653,0.9433695013095302,0.8329254402616746,0.1136190399052147,1102
s44,all,seen_embedded,eng-nld,stage1,0,0.0,0.0,0.0,0.7223796033994334,0.7223796033994334,0.0,359
s44,all,seen_embedded,eng-nld,stage1,1,0.1147308781869688,0.0694050991501417,0.1444759206798866,0.8611898016997167,0.7464589235127479,0.0599004158545535,359
s44,all,seen_embedded,eng-nld,stage1,5,0.0028328611898017,-0.0113314447592068,0.0396600566572237,0.9419263456090652,0.9390934844192634,0.0245014874493992,359
s44,all,seen_embedded,eng-nld,stage1,10,0.0240793201133143,0.0070821529745043,0.0495750708215297,0.9660056657223796,0.9419263456090652,0.0361446258492665,359
s44,all,seen_embedded,eng-nld,stage2,1,0.0226628895184135,0.0042492917847024,0.0354107648725212,0.9660056657223796,0.943342776203966,0.0433885438777844,359
s44,all,seen_embedded,eng-nld,stage2,5,0.0212464589235127,0.0070821529745042,0.0297450424929178,0.9830028328611898,0.9617563739376772,0.0367601221523431,359
s44,all,seen_embedded,eng-nld,stage2,10,0.0141643059490085,0.0042492917847025,0.028328611898017,0.9830028328611898,0.9688385269121812,0.0311299091748402,359
s44,all,seen_embedded,eng-nld,stage3,1,0.0141643059490084,0.0014164305949008,0.0311614730878186,0.9815864022662888,0.9674220963172804,0.0288375799947919,359
s44,all,seen_embedded,eng-nld,stage3,5,0.0042492917847025,0.0014164305949008,0.0269121813031161,0.9844192634560908,0.980169971671388,0.0234085869625257,359
s44,all,seen_embedded,eng-nld,stage3,10,0.0070821529745042,0.0014164305949008,0.0212464589235127,0.9858356940509916,0.9787535410764872,0.019739282078799,359
s44,all,seen_embedded,eng-zho,stage1,0,0.0,0.0,0.0,0.5448113207547169,0.5448113207547169,0.0,219
s44,all,seen_embedded,eng-zho,stage1,1,0.115566037735849,0.0377358490566038,0.1839622641509434,0.6556603773584906,0.5400943396226415,0.0871026104936675,219
s44,all,seen_embedded,eng-zho,stage1,5,0.1792452830188678,0.1320165094339622,0.2524174528301884,0.7665094339622641,0.5872641509433962,0.1513741707590247,219
s44,all,seen_embedded,eng-zho,stage1,10,0.2075471698113207,0.1580188679245283,0.2901533018867921,0.8018867924528301,0.5943396226415094,0.1784806582234859,219
s44,all,seen_embedded,eng-zho,stage2,1,0.2358490566037735,0.1792452830188678,0.2971698113207547,0.8018867924528301,0.5660377358490566,0.1944947014732487,219
s44,all,seen_embedded,eng-zho,stage2,5,0.2264150943396227,0.1863207547169811,0.2948702830188677,0.8113207547169812,0.5849056603773585,0.2065671577496339,219
s44,all,seen_embedded,eng-zho,stage2,10,0.2877358490566037,0.2027122641509433,0.3372641509433961,0.8443396226415094,0.5566037735849056,0.2140518652537262,219
s44,all,seen_embedded,eng-zho,stage3,1,0.2240566037735849,0.1438679245283018,0.2806603773584905,0.8301886792452831,0.6061320754716981,0.1909515809425347,219
s44,all,seen_embedded,eng-zho,stage3,5,0.2382075471698113,0.1721698113207547,0.2877358490566037,0.8325471698113207,0.5943396226415094,0.1974993538382009,219
s44,all,seen_embedded,eng-zho,stage3,10,0.2240566037735849,0.1627358490566037,0.3136792452830189,0.839622641509434,0.6155660377358491,0.1945270095631945,219
s44,all,seen_embedded,nld-eng,stage1,0,0.0,0.0,0.0,0.7835051546391752,0.7835051546391752,0.0,245
s44,all,seen_embedded,nld-eng,stage1,1,0.0783505154639174,0.0206185567010309,0.1257731958762886,0.9484536082474226,0.8701030927835052,0.0602819272038712,245
s44,all,seen_embedded,nld-eng,stage1,5,0.0103092783505155,0.0,0.0268041237113402,0.9917525773195875,0.981443298969072,0.0320218809173153,245
s44,all,seen_embedded,nld-eng,stage1,10,0.0061855670103092,0.0,0.0371134020618556,0.9938144329896909,0.9876288659793816,0.0316768356827267,245
s44,all,seen_embedded,nld-eng,stage2,1,0.002061855670103,-0.0041237113402061,0.0206701030927832,0.9896907216494846,0.9876288659793816,0.0244224700189354,245
s44,all,seen_embedded,nld-eng,stage2,5,0.0041237113402061,0.0,0.0206185567010309,0.9958762886597938,0.9917525773195875,0.0399074268882809,245
s44,all,seen_embedded,nld-eng,stage2,10,0.0041237113402061,0.0,0.0206185567010309,0.9979381443298968,0.9938144329896909,0.0384935830002104,245
s44,all,seen_embedded,nld-eng,stage3,1,0.0041237113402061,0.0,0.0123711340206186,0.9979381443298968,0.9938144329896909,0.0404544498211657,245
s44,all,seen_embedded,nld-eng,stage3,5,0.0041237113402061,0.0,0.0103092783505155,0.9979381443298968,0.9938144329896909,0.0341510624868502,245
s44,all,seen_embedded,nld-eng,stage3,10,0.0041237113402061,0.0,0.0082474226804124,0.9979381443298968,0.9938144329896909,0.0318283189564485,245
s44,all,seen_embedded,zho-eng,stage1,0,0.0,0.0,0.0,0.4356617647058823,0.4356617647058823,0.0,279
s44,all,seen_embedded,zho-eng,stage1,1,0.0606617647058822,-0.0037224264705883,0.1415441176470587,0.6433823529411764,0.5827205882352942,0.0519449715370018,279
s44,all,seen_embedded,zho-eng,stage1,5,0.244485294117647,0.1783088235294117,0.3216911764705882,0.8051470588235294,0.5606617647058824,0.1772546384145056,279
s44,all,seen_embedded,zho-eng,stage1,10,0.3014705882352941,0.213189338235294,0.3400735294117647,0.8290441176470589,0.5275735294117647,0.191927577482606,279
s44,all,seen_embedded,zho-eng,stage2,1,0.2904411764705882,0.213235294117647,0.3492647058823529,0.8658088235294118,0.5753676470588236,0.2047227493147796,279
s44,all,seen_embedded,zho-eng,stage2,5,0.3180147058823529,0.2591911764705882,0.380514705882353,0.8694852941176471,0.5514705882352942,0.2288504111321948,279
s44,all,seen_embedded,zho-eng,stage2,10,0.3161764705882353,0.2536764705882353,0.3823529411764705,0.8768382352941176,0.5606617647058824,0.2279279991566519,279
s44,all,seen_embedded,zho-eng,stage3,1,0.2977941176470587,0.238970588235294,0.34375,0.8841911764705882,0.5863970588235294,0.2239352730339446,279
s44,all,seen_embedded,zho-eng,stage3,5,0.3419117647058823,0.2665441176470587,0.3897058823529412,0.8933823529411765,0.5514705882352942,0.2473777145266708,279
s44,all,seen_embedded,zho-eng,stage3,10,0.3253676470588236,0.2628676470588235,0.3897518382352939,0.8988970588235294,0.5735294117647058,0.2427327113641153,279
s44,all,never_embedded,pooled,stage1,0,0.0,0.0,0.0,0.6905099150141644,0.6905099150141644,0.0,1102
s44,all,never_embedded,pooled,stage1,1,0.0781270990917321,0.0482719111967973,0.1103027876743479,0.8127011477468532,0.7345740486551211,0.0604701030416083,1102
s44,all,never_embedded,pooled,stage1,5,0.0473721100582633,0.0324762880427176,0.0776370552429485,0.9016486083934464,0.8542764983351832,0.0557222236710902,1102
s44,all,never_embedded,pooled,stage1,10,0.0635802913861435,0.0466087233689144,0.0862697962036072,0.9168550033327778,0.8532747119466343,0.0634856400087801,1102
s44,all,never_embedded,pooled,stage2,1,0.0750698090064158,0.0514698686382256,0.092416888851858,0.9266162007589932,0.8515463917525773,0.0721737175842915,1102
s44,all,never_embedded,pooled,stage2,5,0.0752334176230304,0.0560038343349885,0.0975146270724638,0.936082474226804,0.8608490566037736,0.0735725162263515,1102
s44,all,never_embedded,pooled,stage2,10,0.0665432673948753,0.0487009965221991,0.0891599446967172,0.9388863648511412,0.8723430974562658,0.0732594037482138,1102
s44,all,never_embedded,pooled,stage3,1,0.0638896000434797,0.0438493324029327,0.0771290826635268,0.936791237113402,0.8729016370699223,0.0714216757217034,1102
s44,all,never_embedded,pooled,stage3,5,0.0573133644392601,0.0374153336115672,0.0765604863006727,0.943342776203966,0.8860294117647058,0.0702604204749867,1102
s44,all,never_embedded,pooled,stage3,10,0.0570120192232113,0.035850231968021,0.0726572366607325,0.9433695013095302,0.8863574820863189,0.0676372619336749,1102
s44,all,never_embedded,eng-nld,stage1,0,0.0,0.0,0.0,0.8116147308781869,0.8116147308781869,0.0,359
s44,all,never_embedded,eng-nld,stage1,1,0.0708215297450425,0.0269121813031162,0.1005665722379604,0.9121813031161472,0.8413597733711048,0.0514491781546156,359
s44,all,never_embedded,eng-nld,stage1,5,0.0099150141643059,-0.0042492917847024,0.0240793201133144,0.9688385269121812,0.9589235127478754,0.0123375444853898,359
s44,all,never_embedded,eng-nld,stage1,10,0.0099150141643059,-0.0014164305949009,0.0269121813031161,0.9759206798866856,0.9660056657223796,0.016689418987272,359
s44,all,never_embedded,eng-nld,stage2,1,0.0127478753541077,-0.0014164305949008,0.0297450424929178,0.9773371104815864,0.9645892351274789,0.0207295998484933,359
s44,all,never_embedded,eng-nld,stage2,5,0.0070821529745043,-0.0014164305949008,0.0226628895184135,0.9830028328611898,0.9759206798866856,0.0191119493083559,359
s44,all,never_embedded,eng-nld,stage2,10,0.0028328611898017,-0.0014164305949008,0.0169971671388101,0.9830028328611898,0.980169971671388,0.0157227741523117,359
s44,all,never_embedded,eng-nld,stage3,1,0.0084985835694051,0.0,0.0226628895184135,0.9844192634560908,0.9759206798866856,0.0143813078507339,359
s44,all,never_embedded,eng-nld,stage3,5,0.0084985835694051,0.0014164305949008,0.0212464589235127,0.9886685552407932,0.980169971671388,0.0138723397539592,359
s44,all,never_embedded,eng-nld,stage3,10,0.0056657223796033,0.0,0.0198654390934842,0.9886685552407932,0.9830028328611898,0.0113866816069185,359
s44,all,never_embedded,eng-zho,stage1,0,0.0,0.0,0.0,0.5141509433962264,0.5141509433962264,0.0,219
s44,all,never_embedded,eng-zho,stage1,1,0.0943396226415095,-5.896226415094073e-05,0.1768867924528302,0.7169811320754718,0.6226415094339622,0.0528775738778322,219
s44,all,never_embedded,eng-zho,stage1,5,0.0801886792452829,0.0400943396226414,0.1721698113207546,0.7334905660377358,0.6533018867924528,0.0851964331868699,219
s44,all,never_embedded,eng-zho,stage1,10,0.1485849056603773,0.0636792452830188,0.2240566037735848,0.7759433962264151,0.6273584905660378,0.0989381407771172,219
s44,all,never_embedded,eng-zho,stage2,1,0.160377358490566,0.0872641509433962,0.240566037735849,0.7830188679245282,0.6226415094339622,0.1170414405100371,219
s44,all,never_embedded,eng-zho,stage2,5,0.1792452830188678,0.0943396226415095,0.2452830188679245,0.7783018867924528,0.5990566037735849,0.1062613078314809,219
s44,all,never_embedded,eng-zho,stage2,10,0.1580188679245283,0.0896226415094338,0.2264150943396227,0.7617924528301887,0.6037735849056604,0.1047859050572929,219
s44,all,never_embedded,eng-zho,stage3,1,0.1179245283018867,0.0707547169811321,0.2052476415094336,0.7665094339622641,0.6485849056603774,0.0977427414491254,219
s44,all,never_embedded,eng-zho,stage3,5,0.1533018867924528,0.0825471698113207,0.2241155660377355,0.7971698113207547,0.6438679245283019,0.1071120875333849,219
s44,all,never_embedded,eng-zho,stage3,10,0.160377358490566,0.0872051886792453,0.2169811320754716,0.8089622641509434,0.6485849056603774,0.1019427931420694,219
s44,all,never_embedded,nld-eng,stage1,0,0.0,0.0,0.0,0.8577319587628867,0.8577319587628867,0.0,245
s44,all,never_embedded,nld-eng,stage1,1,0.0288659793814433,0.0,0.0515463917525773,0.9649484536082474,0.936082474226804,0.0482642541552703,245
s44,all,never_embedded,nld-eng,stage1,5,0.0041237113402061,-0.0041237113402061,0.0124226804123709,0.9896907216494846,0.9855670103092784,0.0216789396170838,245
s44,all,never_embedded,nld-eng,stage1,10,0.002061855670103,-0.0041237113402061,0.0123711340206185,0.9917525773195875,0.9896907216494846,0.0212665684830631,245
s44,all,never_embedded,nld-eng,stage2,1,0.0041237113402061,-0.002061855670103,0.0144329896907217,0.9938144329896909,0.9896907216494846,0.0184725436566379,245
s44,all,never_embedded,nld-eng,stage2,5,0.0,-0.002061855670103,0.0144329896907217,0.9938144329896909,0.9938144329896909,0.0271744161582156,245
s44,all,never_embedded,nld-eng,stage2,10,0.0,-0.002061855670103,0.0103092783505155,0.9938144329896909,0.9938144329896909,0.0228823900694299,245
s44,all,never_embedded,nld-eng,stage3,1,0.002061855670103,0.0,0.0144329896907217,0.9958762886597938,0.9938144329896909,0.0238081211866189,245
s44,all,never_embedded,nld-eng,stage3,5,0.002061855670103,0.0,0.0082474226804124,0.9958762886597938,0.9938144329896909,0.0159225752156533,245
s44,all,never_embedded,nld-eng,stage3,10,0.002061855670103,0.0,0.0103092783505155,0.9958762886597938,0.9938144329896909,0.0137597306964021,245
s44,all,never_embedded,zho-eng,stage1,0,0.0,0.0,0.0,0.6341911764705883,0.6341911764705883,0.0,279
s44,all,never_embedded,zho-eng,stage1,1,0.1507352941176472,0.0716452205882352,0.1948529411764705,0.7040441176470589,0.5533088235294117,0.0887557980181318,279
s44,all,never_embedded,zho-eng,stage1,5,0.1599264705882352,0.0955882352941175,0.216957720588235,0.7996323529411764,0.6397058823529411,0.1183059245203458,279
s44,all,never_embedded,zho-eng,stage1,10,0.15625,0.1011029411764705,0.2150735294117647,0.8253676470588236,0.6691176470588236,0.1329459203036054,279
s44,all,never_embedded,zho-eng,stage2,1,0.1691176470588236,0.1102941176470588,0.2205882352941176,0.8290441176470589,0.6599264705882353,0.1503070314147164,279
s44,all,never_embedded,zho-eng,stage2,5,0.1966911764705882,0.150735294117647,0.2518382352941176,0.8511029411764706,0.6544117647058824,0.1587339236769976,279
s44,all,never_embedded,zho-eng,stage2,10,0.2279411764705882,0.1764705882352941,0.255514705882353,0.8731617647058824,0.6452205882352942,0.1667852624920937,279
s44,all,never_embedded,zho-eng,stage3,1,0.2058823529411765,0.1488970588235294,0.2591911764705882,0.8658088235294118,0.6599264705882353,0.1659682690280413,279
s44,all,never_embedded,zho-eng,stage3,5,0.2077205882352941,0.1397058823529411,0.2702205882352941,0.8713235294117647,0.6636029411764706,0.161606578115117,279
s44,all,never_embedded,zho-eng,stage3,10,0.1893382352941176,0.1488970588235293,0.2628676470588236,0.8713235294117647,0.6819852941176471,0.1604008538899431,279
s44,balanced,seen_embedded,pooled,stage1,0,0.0,0.0,0.0,0.5690721649484536,0.5690721649484536,0.0,617
s44,balanced,seen_embedded,pooled,stage1,1,0.080188679245283,0.0452238259751478,0.1246458923512747,0.7028301886792453,0.6226415094339622,0.066318151204553,617
s44,balanced,seen_embedded,pooled,stage1,5,0.131436427262123,0.0988402929732809,0.1721058252857649,0.8382352941176471,0.7067988668555241,0.114491841994999,617
s44,balanced,seen_embedded,pooled,stage1,10,0.1360294117647058,0.1047794117647059,0.1997198874873056,0.8584558823529411,0.7224264705882353,0.1306807994033455,617
s44,balanced,seen_embedded,pooled,stage2,1,0.1798866855524079,0.1367772617338124,0.2260353079911209,0.8937677053824362,0.7138810198300283,0.1451779035573094,617
s44,balanced,seen_embedded,pooled,stage2,5,0.1674746648754417,0.1364086862348543,0.2223807750791534,0.8994334277620397,0.731958762886598,0.1582308710232102,617
s44,balanced,seen_embedded,pooled,stage2,10,0.1672794117647058,0.132828404436079,0.2046140894756534,0.9099264705882352,0.7426470588235294,0.1565393768485334,617
s44,balanced,seen_embedded,pooled,stage3,1,0.1606178844406436,0.1236204641710009,0.2017932993547953,0.9056603773584906,0.745042492917847,0.1520703559585707,617
s44,balanced,seen_embedded,pooled,stage3,5,0.1650943396226415,0.1291957321975547,0.2044950055493896,0.910377358490566,0.7452830188679245,0.1561038480211172,617
s44,balanced,seen_embedded,pooled,stage3,10,0.1602905018974825,0.1305098734081261,0.1961407694826019,0.9079320113314449,0.7476415094339622,0.1509295466677884,617
s44,balanced,seen_embedded,eng-nld,stage1,0,0.0,0.0,0.0,0.6388101983002833,0.6388101983002833,0.0,151
s44,balanced,seen_embedded,eng-nld,stage1,1,0.1246458923512747,0.0112960339943343,0.1898016997167139,0.7195467422096318,0.594900849858357,0.0750989625349418,151
s44,balanced,seen_embedded,eng-nld,stage1,5,0.0354107648725212,-0.0184135977337109,0.0609065155807365,0.8923512747875354,0.8569405099150141,0.0323433953060803,151
s44,balanced,seen_embedded,eng-nld,stage1,10,0.0594900849858357,0.0198300283286119,0.093484419263456,0.9178470254957508,0.858356940509915,0.0531302178113801,151
s44,balanced,seen_embedded,eng-nld,stage2,1,0.0552407932011331,0.0155807365439093,0.1005665722379602,0.9277620396600568,0.8725212464589235,0.0642928165394067,151
s44,balanced,seen_embedded,eng-nld,stage2,5,0.0609065155807365,0.0254957507082153,0.0920679886685552,0.9589235127478754,0.8980169971671388,0.054677973097199,151
s44,balanced,seen_embedded,eng-nld,stage2,10,0.0665722379603399,0.0226628895184136,0.084985835694051,0.9645892351274789,0.8980169971671388,0.043768643415943,151
s44,balanced,seen_embedded,eng-nld,stage3,1,0.0481586402266288,0.0098796033994333,0.0679886685552407,0.9546742209631728,0.906515580736544,0.0412547136183706,151
s44,balanced,seen_embedded,eng-nld,stage3,5,0.0325779036827195,0.008498583569405,0.0594900849858356,0.9546742209631728,0.9220963172804532,0.0304485676228357,151
s44,balanced,seen_embedded,eng-nld,stage3,10,0.0212464589235127,-0.0014164305949009,0.0538243626062322,0.9504249291784702,0.9291784702549576,0.0251674389809205,151
s44,balanced,seen_embedded,eng-zho,stage1,0,0.0,0.0,0.0,0.6014150943396226,0.6014150943396226,0.0,150
s44,balanced,seen_embedded,eng-zho,stage1,1,0.1344339622641509,0.0141509433962264,0.1898584905660376,0.6910377358490566,0.5566037735849056,0.0977044025157232,150
s44,balanced,seen_embedded,eng-zho,stage1,5,0.1698113207547169,0.1002358490566037,0.231132075471698,0.7641509433962264,0.5943396226415094,0.1431446540880503,150
s44,balanced,seen_embedded,eng-zho,stage1,10,0.2216981132075471,0.137942216981132,0.303066037735849,0.8042452830188679,0.5825471698113207,0.1762421383647799,150
s44,balanced,seen_embedded,eng-zho,stage2,1,0.2382075471698113,0.160377358490566,0.3066037735849056,0.7959905660377358,0.5577830188679245,0.2029088050314464,150
s44,balanced,seen_embedded,eng-zho,stage2,5,0.231132075471698,0.1686320754716981,0.3290389150943394,0.803066037735849,0.5719339622641509,0.2162421383647798,150
s44,balanced,seen_embedded,eng-zho,stage2,10,0.2771226415094341,0.1744693396226414,0.3419811320754717,0.8231132075471699,0.5459905660377358,0.22188679245283,150
s44,balanced,seen_embedded,eng-zho,stage3,1,0.2582547169811321,0.1568396226415095,0.3242924528301887,0.8242924528301887,0.5660377358490566,0.2039622641509434,150
s44,balanced,seen_embedded,eng-zho,stage3,5,0.2370283018867924,0.1603478773584904,0.2983490566037735,0.8089622641509434,0.5719339622641509,0.2069025157232705,150
s44,balanced,seen_embedded,eng-zho,stage3,10,0.2582547169811321,0.1580188679245283,0.324321933962264,0.8113207547169812,0.5530660377358491,0.2077672955974843,150
s44,balanced,seen_embedded,nld-eng,stage1,0,0.0,0.0,0.0,0.6371134020618556,0.6371134020618556,0.0,109
s44,balanced,seen_embedded,nld-eng,stage1,1,0.0907216494845361,-0.0041237113402062,0.1752577319587629,0.909278350515464,0.8185567010309278,0.0369999054194646,109
s44,balanced,seen_embedded,nld-eng,stage1,5,0.0144329896907215,-0.0061855670103092,0.0865979381443299,0.979381443298969,0.9649484536082474,0.0350704624988177,109
s44,balanced,seen_embedded,nld-eng,stage1,10,0.0144329896907215,-0.0061855670103092,0.0907216494845359,0.9835051546391752,0.9690721649484536,0.0328194457580628,109
s44,balanced,seen_embedded,nld-eng,stage2,1,0.0185567010309278,-0.0082474226804123,0.0742268041237114,0.9855670103092784,0.9670103092783504,0.03079542230209,109
s44,balanced,seen_embedded,nld-eng,stage2,5,0.0123711340206186,-0.002061855670103,0.0577319587628866,0.9896907216494846,0.977319587628866,0.0427693180743401,109
s44,balanced,seen_embedded,nld-eng,stage2,10,0.0164948453608247,0.0,0.0556701030927835,0.9917525773195875,0.9752577319587628,0.0439799489265106,109
s44,balanced,seen_embedded,nld-eng,stage3,1,0.0061855670103092,-0.0041237113402062,0.0474226804123711,0.9917525773195875,0.9855670103092784,0.0481982408020427,109
s44,balanced,seen_embedded,nld-eng,stage3,5,0.0103092783505155,-0.002061855670103,0.0412371134020618,0.9917525773195875,0.981443298969072,0.0400453986569565,109
s44,balanced,seen_embedded,nld-eng,stage3,10,0.0041237113402062,-0.0041752577319588,0.0309278350515463,0.9876288659793816,0.9835051546391752,0.0329707746145843,109
s44,balanced,seen_embedded,zho-eng,stage1,0,0.0,0.0,0.0,0.4044117647058823,0.4044117647058823,0.0,207
s44,balanced,seen_embedded,zho-eng,stage1,1,0.03125,-0.025735294117647,0.1305147058823529,0.6470588235294117,0.6158088235294117,0.0526072747939757,207
s44,balanced,seen_embedded,zho-eng,stage1,5,0.2941176470588235,0.1948529411764705,0.3602941176470587,0.8198529411764706,0.5257352941176471,0.1954745666382494,207
s44,balanced,seen_embedded,zho-eng,stage1,10,0.3143382352941176,0.2463235294117647,0.3731617647058823,0.8400735294117647,0.5257352941176471,0.2057669082125603,207
s44,balanced,seen_embedded,zho-eng,stage2,1,0.3235294117647058,0.2426470588235294,0.3860294117647059,0.8713235294117647,0.5477941176470589,0.2225774367718103,207
s44,balanced,seen_embedded,zho-eng,stage2,5,0.3363970588235294,0.2794117647058823,0.4118106617647057,0.8731617647058824,0.5367647058823529,0.252530903665814,207
s44,balanced,seen_embedded,zho-eng,stage2,10,0.3308823529411765,0.2610294117647059,0.4044117647058823,0.8768382352941176,0.5459558823529411,0.2507193094629155,207
s44,balanced,seen_embedded,zho-eng,stage3,1,0.3051470588235294,0.2555147058823529,0.3805147058823529,0.8860294117647058,0.5808823529411764,0.25,207
s44,balanced,seen_embedded,zho-eng,stage3,5,0.3658088235294118,0.2775735294117647,0.4227941176470589,0.8970588235294118,0.53125,0.2720677038931514,207
s44,balanced,seen_embedded,zho-eng,stage3,10,0.3584558823529411,0.2794117647058822,0.4191636029411762,0.8988970588235294,0.5404411764705883,0.2635958368854786,207
s44,balanced,never_embedded,pooled,stage1,0,0.0,0.0,0.0,0.6507352941176471,0.6507352941176471,0.0,617
s44,balanced,never_embedded,pooled,stage1,1,0.1320754716981131,0.0938115635405106,0.1816037735849056,0.75,0.6179245283018868,0.080018095158768,617
s44,balanced,never_embedded,pooled,stage1,5,0.1083204882519579,0.0701014135101194,0.1489491334777537,0.8547794117647058,0.7464589235127479,0.0835706982263297,617
s44,balanced,never_embedded,pooled,stage1,10,0.119485294117647,0.0808740721291312,0.1447694995249527,0.8694852941176471,0.75,0.0913716990656006,617
s44,balanced,never_embedded,pooled,stage2,1,0.1306701030927834,0.0906497354607565,0.1574794531100163,0.875,0.7443298969072165,0.1028501997276223,617
s44,balanced,never_embedded,pooled,stage2,5,0.1429449258456924,0.1110562766037567,0.1669734731711381,0.9007352941176472,0.7577903682719547,0.107128064262844,617
s44,balanced,never_embedded,pooled,stage2,10,0.1464535784916351,0.106165892064373,0.1751999666722212,0.9056603773584906,0.7592067988668555,0.1060417404118783,617
s44,balanced,never_embedded,pooled,stage3,1,0.1276598230191875,0.0845588235294118,0.1531672556292164,0.9010309278350516,0.773371104815864,0.1039767314776218,617
s44,balanced,never_embedded,pooled,stage3,5,0.1106399533164753,0.0838633812603559,0.1499722530521642,0.9030927835051548,0.7924528301886793,0.1007896811822414,617
s44,balanced,never_embedded,pooled,stage3,10,0.1132075471698113,0.079042383462819,0.1473087818696884,0.9009433962264152,0.7877358490566038,0.0969080094280809,617
s44,balanced,never_embedded,eng-nld,stage1,0,0.0,0.0,0.0,0.7592067988668555,0.7592067988668555,0.0,151
s44,balanced,never_embedded,eng-nld,stage1,1,0.1189801699716713,0.0764518413597732,0.206798866855524,0.7847025495750708,0.6657223796033994,0.0818809447873478,151
s44,balanced,never_embedded,eng-nld,stage1,5,0.0311614730878188,-0.0184135977337109,0.077939093484419,0.9050991501416432,0.8739376770538243,0.022043787404086,151
s44,balanced,never_embedded,eng-nld,stage1,10,0.0439093484419262,-0.0056657223796033,0.0864022662889517,0.9249291784702548,0.8810198300283286,0.0272217323602798,151
s44,balanced,never_embedded,eng-nld,stage2,1,0.0439093484419262,-0.0014164305949009,0.0736543909348441,0.9277620396600568,0.8838526912181304,0.038722023150667,151
s44,balanced,never_embedded,eng-nld,stage2,5,0.0339943342776204,0.0042492917847025,0.077939093484419,0.9461756373937678,0.9121813031161472,0.0394724499559123,151
s44,balanced,never_embedded,eng-nld,stage2,10,0.0283286118980169,0.0028328611898016,0.0623583569405097,0.9490084985835694,0.9206798866855525,0.0359079226309962,151
s44,balanced,never_embedded,eng-nld,stage3,1,0.0297450424929178,-0.0113314447592067,0.0552407932011331,0.953257790368272,0.923512747875354,0.0311896140930153,151
s44,balanced,never_embedded,eng-nld,stage3,5,0.0254957507082153,-0.0070821529745042,0.0524079320113314,0.943342776203966,0.9178470254957508,0.0369772808284712,151
s44,balanced,never_embedded,eng-nld,stage3,10,0.0184135977337109,-0.0070821529745042,0.0424929178470254,0.9447592067988668,0.9263456090651558,0.0325966643528505,151
s44,balanced,never_embedded,eng-zho,stage1,0,0.0,0.0,0.0,0.5837264150943396,0.5837264150943396,0.0,150
s44,balanced,never_embedded,eng-zho,stage1,1,0.1568396226415095,0.0294516509433961,0.2075471698113207,0.7205188679245284,0.5636792452830188,0.0590094339622642,150
s44,balanced,never_embedded,eng-zho,stage1,5,0.134433962264151,0.0589622641509433,0.2193396226415093,0.7488207547169812,0.6143867924528301,0.1014779874213838,150
s44,balanced,never_embedded,eng-zho,stage1,10,0.159198113207547,0.0648584905660376,0.264298349056603,0.7830188679245282,0.6238207547169812,0.1143238993710692,150
s44,balanced,never_embedded,eng-zho,stage2,1,0.1851415094339623,0.1002358490566037,0.279510613207547,0.7865566037735849,0.6014150943396226,0.136949685534591,150
s44,balanced,never_embedded,eng-zho,stage2,5,0.2110849056603773,0.1143867924528302,0.2983490566037735,0.7959905660377358,0.5849056603773585,0.1281761006289308,150
s44,balanced,never_embedded,eng-zho,stage2,10,0.2051886792452829,0.0990566037735849,0.2771521226415093,0.7771226415094339,0.5719339622641509,0.1282547169811321,150
s44,balanced,never_embedded,eng-zho,stage3,1,0.1733490566037736,0.0813679245283018,0.2641509433962263,0.7547169811320755,0.5813679245283019,0.1194654088050315,150
s44,balanced,never_embedded,eng-zho,stage3,5,0.1933962264150943,0.0907724056603772,0.2924528301886793,0.8054245283018868,0.6120283018867925,0.1199213836477985,150
s44,balanced,never_embedded,eng-zho,stage3,10,0.1839622641509433,0.089622641509434,0.2747641509433962,0.8018867924528301,0.6179245283018868,0.1121540880503144,150
s44,balanced,never_embedded,nld-eng,stage1,0,0.0,0.0,0.0,0.7381443298969073,0.7381443298969073,0.0,109
s44,balanced,never_embedded,nld-eng,stage1,1,0.1237113402061855,0.0288659793814433,0.2103092783505153,0.9010309278350516,0.777319587628866,0.08205807244869,109
s44,balanced,never_embedded,nld-eng,stage1,5,0.0123711340206185,-0.0041237113402061,0.0412371134020618,0.9711340206185568,0.9587628865979382,0.0432233046439041,109
s44,balanced,never_embedded,nld-eng,stage1,10,0.0164948453608246,0.0,0.0391752577319587,0.977319587628866,0.9608247422680412,0.044906838172704,109
s44,balanced,never_embedded,nld-eng,stage2,1,0.0206185567010308,0.0,0.0453608247422679,0.981443298969072,0.9608247422680412,0.0319682209401305,109
s44,balanced,never_embedded,nld-eng,stage2,5,0.022680412371134,0.0,0.0536082474226803,0.9855670103092784,0.9628865979381444,0.0431854724297738,109
s44,balanced,never_embedded,nld-eng,stage2,10,0.0247422680412371,0.002061855670103,0.0432989690721649,0.9896907216494846,0.9649484536082474,0.0317979759765441,109
s44,balanced,never_embedded,nld-eng,stage3,1,0.0164948453608247,0.002061855670103,0.0597938144329897,0.9876288659793816,0.9711340206185568,0.0385888584129384,109
s44,balanced,never_embedded,nld-eng,stage3,5,0.0144329896907217,0.0,0.0371134020618556,0.9876288659793816,0.9731958762886598,0.0257826539298211,109
s44,balanced,never_embedded,nld-eng,stage3,10,0.0164948453608247,0.002061855670103,0.0371134020618556,0.9876288659793816,0.9711340206185568,0.0213941170907026,109
s44,balanced,never_embedded,zho-eng,stage1,0,0.0,0.0,0.0,0.6323529411764706,0.6323529411764706,0.0,207
s44,balanced,never_embedded,zho-eng,stage1,1,0.1415441176470588,0.0643382352941177,0.2040441176470587,0.6875,0.5459558823529411,0.0928086814435917,207
s44,balanced,never_embedded,zho-eng,stage1,5,0.2003676470588236,0.1323529411764706,0.2555147058823529,0.8014705882352942,0.6011029411764706,0.1367220801364024,207
s44,balanced,never_embedded,zho-eng,stage1,10,0.1764705882352941,0.1194852941176469,0.244485294117647,0.8125,0.6360294117647058,0.1460020602443875,207
s44,balanced,never_embedded,zho-eng,stage2,1,0.1911764705882352,0.1213235294117647,0.2445312499999998,0.8235294117647058,0.6323529411764706,0.1622442455242966,207
s44,balanced,never_embedded,zho-eng,stage2,5,0.2242647058823529,0.1764705882352941,0.2867647058823529,0.8511029411764706,0.6268382352941176,0.1748987638533672,207
s44,balanced,never_embedded,zho-eng,stage2,10,0.2426470588235294,0.1911764705882352,0.2923253676470586,0.8713235294117647,0.6286764705882353,0.1802003410059675,207
s44,balanced,never_embedded,zho-eng,stage3,1,0.2518382352941177,0.1636029411764705,0.3088235294117646,0.8602941176470589,0.6084558823529411,0.1802802642796251,207
s44,balanced,never_embedded,zho-eng,stage3,5,0.2536764705882353,0.1875,0.3124999999999999,0.8731617647058824,0.6194852941176471,0.1729717249218526,207
s44,balanced,never_embedded,zho-eng,stage3,10,0.2573529411764705,0.1764705882352941,0.3216911764705882,0.8713235294117647,0.6139705882352942,0.1725365870986073,207
s45,all,seen_embedded,pooled,stage1,0,0.0,0.0,0.0,0.6012590177580466,0.6012590177580466,0.0,1102
s45,all,seen_embedded,pooled,stage1,1,0.0838499693779559,0.053300152608213,0.1184902161291822,0.7589848427323969,0.6751348733544409,0.0608431477381248,1102
s45,all,seen_embedded,pooled,stage1,5,0.0735814372918979,0.0480800959274083,0.0949488896486437,0.8773584905660378,0.8037770532741398,0.0707852595559279,1102
s45,all,seen_embedded,pooled,stage1,10,0.0844923166699085,0.0609057561882395,0.1058754162042175,0.9009871620307331,0.8164948453608247,0.085990363772496,1102
s45,all,seen_embedded,pooled,stage2,1,0.08991434202547,0.0695058209592434,0.1141169180136644,0.90625,0.81633565797453,0.0842535643550621,1102
s45,all,seen_embedded,pooled,stage2,5,0.1002358490566037,0.0828880322094489,0.1218567287399921,0.9375,0.8372641509433962,0.0886451407536063,1102
s45,all,seen_embedded,pooled,stage2,10,0.109322974472808,0.0909713664059661,0.1236469072164948,0.9410377358490566,0.8317147613762486,0.0935677384309702,1102
s45,all,seen_embedded,pooled,stage3,1,0.0903362594636288,0.0716076240300156,0.1127309822035836,0.9319720285021224,0.8416357690384936,0.0906690656600164,1102
s45,all,seen_embedded,pooled,stage3,5,0.0914551572014792,0.074302211540369,0.1076018217354992,0.9386792452830188,0.8472240880815396,0.0938760375714077,1102
s45,all,seen_embedded,pooled,stage3,10,0.0889983351831298,0.071292476214656,0.1132109357068632,0.9411764705882352,0.8521781354051055,0.0951752496526645,1102
s45,all,seen_embedded,eng-nld,stage1,0,0.0,0.0,0.0,0.7039660056657224,0.7039660056657224,0.0,359
s45,all,seen_embedded,eng-nld,stage1,1,0.1005665722379604,0.0524079320113314,0.1402620396600564,0.8640226628895185,0.7634560906515581,0.0580775998800571,359
s45,all,seen_embedded,eng-nld,stage1,5,0.0042492917847025,-0.0113314447592067,0.0269121813031161,0.9490084985835694,0.9447592067988668,0.020437633653444,359
s45,all,seen_embedded,eng-nld,stage1,10,0.0155807365439093,-0.0014164305949008,0.0325779036827195,0.963172804532578,0.9475920679886686,0.0366417574786746,359
s45,all,seen_embedded,eng-nld,stage2,1,0.0169971671388101,0.0,0.0354107648725212,0.9745042492917848,0.9575070821529744,0.0375886748680234,359
s45,all,seen_embedded,eng-nld,stage2,5,0.0169971671388101,0.0042492917847025,0.038243626062323,0.9844192634560908,0.9674220963172804,0.0388630678545218,359
s45,all,seen_embedded,eng-nld,stage2,10,0.0113314447592067,0.0028328611898017,0.0297450424929178,0.9844192634560908,0.973087818696884,0.0372335808470174,359
s45,all,seen_embedded,eng-nld,stage3,1,0.0070821529745043,-0.0014164305949009,0.0339943342776204,0.9830028328611898,0.9759206798866856,0.0303053019482824,359
s45,all,seen_embedded,eng-nld,stage3,5,0.0099150141643059,0.0,0.0226628895184136,0.9872521246458924,0.9773371104815864,0.0326647044434098,359
s45,all,seen_embedded,eng-nld,stage3,10,0.0070821529745043,0.0,0.0212464589235127,0.9886685552407932,0.9815864022662888,0.0286363600495553,359
s45,all,seen_embedded,eng-zho,stage1,0,0.0,0.0,0.0,0.5353773584905661,0.5353773584905661,0.0,219
s45,all,seen_embedded,eng-zho,stage1,1,0.1037735849056603,0.0495283018867923,0.1981132075471698,0.6344339622641509,0.5306603773584906,0.1056259153958817,219
s45,all,seen_embedded,eng-zho,stage1,5,0.1367924528301887,0.0613207547169811,0.1981132075471696,0.7122641509433962,0.5754716981132075,0.1308262255535452,219
s45,all,seen_embedded,eng-zho,stage1,10,0.1933962264150943,0.0966981132075471,0.2830188679245283,0.7594339622641509,0.5660377358490566,0.1519987938313086,219
s45,all,seen_embedded,eng-zho,stage2,1,0.1957547169811321,0.1226415094339622,0.2452830188679244,0.7665094339622641,0.570754716981132,0.1525695700870164,219
s45,all,seen_embedded,eng-zho,stage2,5,0.2004716981132075,0.1084905660377358,0.2995283018867924,0.7924528301886793,0.5919811320754718,0.1727728956664082,219
s45,all,seen_embedded,eng-zho,stage2,10,0.2216981132075473,0.1131485849056603,0.2830188679245282,0.8113207547169812,0.5896226415094339,0.1778775738778323,219
s45,all,seen_embedded,eng-zho,stage3,1,0.2099056603773584,0.1297169811320755,0.2641509433962264,0.8089622641509434,0.5990566037735849,0.1692190057723785,219
s45,all,seen_embedded,eng-zho,stage3,5,0.2169811320754717,0.1485849056603773,0.2900943396226415,0.8254716981132075,0.6084905660377358,0.1829284052726801,219
s45,all,seen_embedded,eng-zho,stage3,10,0.2099056603773584,0.1415094339622642,0.2735849056603773,0.8278301886792453,0.6179245283018868,0.1820345481175153,219
s45,all,seen_embedded,nld-eng,stage1,0,0.0,0.0,0.0,0.8144329896907216,0.8144329896907216,0.0,245
s45,all,seen_embedded,nld-eng,stage1,1,0.0618556701030927,0.022680412371134,0.0969072164948452,0.9443298969072164,0.8824742268041237,0.0400252472122868,245
s45,all,seen_embedded,nld-eng,stage1,5,0.0144329896907217,0.002061855670103,0.0309278350515463,0.9917525773195875,0.977319587628866,0.0347569955817377,245
s45,all,seen_embedded,nld-eng,stage1,10,0.0041237113402061,-0.002061855670103,0.022680412371134,0.9938144329896909,0.9896907216494846,0.028133810225121,245
s45,all,seen_embedded,nld-eng,stage2,1,0.0061855670103092,0.0,0.0185567010309277,0.9938144329896909,0.9876288659793816,0.0165032610982538,245
s45,all,seen_embedded,nld-eng,stage2,5,0.0,-0.002061855670103,0.0103092783505155,0.9938144329896909,0.9938144329896909,0.0140037870818431,245
s45,all,seen_embedded,nld-eng,stage2,10,0.0041237113402061,-0.002061855670103,0.0123711340206186,0.9979381443298968,0.9938144329896909,0.021552703555649,245
s45,all,seen_embedded,nld-eng,stage3,1,0.0,-0.002061855670103,0.0144329896907217,0.9958762886597938,0.9958762886597938,0.0218220071533766,245
s45,all,seen_embedded,nld-eng,stage3,5,0.002061855670103,0.0,0.0123711340206186,0.9958762886597938,0.9938144329896909,0.0228234799074266,245
s45,all,seen_embedded,nld-eng,stage3,10,0.0041237113402061,0.0,0.0123711340206186,0.9958762886597938,0.9917525773195875,0.0242120765832106,245
s45,all,seen_embedded,zho-eng,stage1,0,0.0,0.0,0.0,0.4172794117647058,0.4172794117647058,0.0,279
s45,all,seen_embedded,zho-eng,stage1,1,0.0441176470588233,-0.0238970588235294,0.1102941176470587,0.6158088235294117,0.5716911764705883,0.0475305713683323,279
s45,all,seen_embedded,zho-eng,stage1,5,0.1691176470588236,0.0974264705882353,0.2206341911764704,0.8125,0.6433823529411764,0.1200782732447819,279
s45,all,seen_embedded,zho-eng,stage1,10,0.193014705882353,0.1323529411764705,0.270220588235294,0.8363970588235294,0.6433823529411764,0.148481973434535,279
s45,all,seen_embedded,zho-eng,stage2,1,0.1801470588235294,0.13046875,0.2463235294117647,0.8511029411764706,0.6709558823529411,0.1501686696183849,279
s45,all,seen_embedded,zho-eng,stage2,5,0.1856617647058823,0.1397058823529411,0.2279411764705882,0.8694852941176471,0.6838235294117647,0.1522111532785157,279
s45,all,seen_embedded,zho-eng,stage2,10,0.2040441176470587,0.1617647058823528,0.2463235294117647,0.8768382352941176,0.6727941176470589,0.1631153805608265,279
s45,all,seen_embedded,zho-eng,stage3,1,0.1838235294117647,0.1415441176470588,0.2297794117647058,0.8639705882352942,0.6801470588235294,0.1671410499683744,279
s45,all,seen_embedded,zho-eng,stage3,5,0.1930147058823529,0.1580882352941176,0.2555606617647057,0.8823529411764706,0.6893382352941176,0.1651315095930846,279
s45,all,seen_embedded,zho-eng,stage3,10,0.2205882352941176,0.1746323529411764,0.2665441176470589,0.8878676470588235,0.6672794117647058,0.1749288425047437,279
s45,all,never_embedded,pooled,stage1,0,0.0,0.0,0.0,0.6663602941176471,0.6663602941176471,0.0,1102
s45,all,never_embedded,pooled,stage1,1,0.0736700058354405,0.042772321330028,0.0928047417603006,0.8041844971795371,0.7305144913440965,0.0428138857200697,1102
s45,all,never_embedded,pooled,stage1,5,0.0448758736751421,0.0295260392349629,0.0639157510743484,0.8936251387347391,0.848749265059597,0.0535379089828035,1102
s45,all,never_embedded,pooled,stage1,10,0.0564489251791368,0.0388966762657578,0.077744063190098,0.9105565739043492,0.8541076487252125,0.0579818850940712,1102
s45,all,never_embedded,pooled,stage2,1,0.0662734636581189,0.0428800278078654,0.0856965525095975,0.920133757775766,0.853860294117647,0.0559749385017848,1102
s45,all,never_embedded,pooled,stage2,5,0.0645190718999664,0.0470307204105919,0.0850477073041035,0.934403228392752,0.8698841564927857,0.061060445668284,1102
s45,all,never_embedded,pooled,stage2,10,0.0702020493139945,0.0488668082785615,0.0889111548808883,0.9392158598566904,0.869013810542696,0.0617458913527678,1102
s45,all,never_embedded,pooled,stage3,1,0.0628281367697227,0.0412726731180705,0.0783134199229252,0.9369103773584906,0.8740822405887678,0.0636764776117821,1102
s45,all,never_embedded,pooled,stage3,5,0.0627162903188895,0.0434503554909039,0.0831198494409006,0.9440113791091228,0.8812950887902331,0.0671335782496054,1102
s45,all,never_embedded,pooled,stage3,10,0.0564397384240991,0.036764705882353,0.0793662611416868,0.9431787410431596,0.8867390026190604,0.0662118170924457,1102
s45,all,never_embedded,eng-nld,stage1,0,0.0,0.0,0.0,0.7861189801699717,0.7861189801699717,0.0,359
s45,all,never_embedded,eng-nld,stage1,1,0.0481586402266288,0.0183781869688384,0.093484419263456,0.9022662889518414,0.8541076487252125,0.0433056886062164,359
s45,all,never_embedded,eng-nld,stage1,5,0.0099150141643059,-0.0028328611898017,0.0198300283286119,0.9745042492917848,0.9645892351274789,0.0169143118672421,359
s45,all,never_embedded,eng-nld,stage1,10,0.0084985835694051,0.0014164305949008,0.0226628895184136,0.9773371104815864,0.9688385269121812,0.0294294033631347,359
s45,all,never_embedded,eng-nld,stage2,1,0.0084985835694051,0.0028328611898016,0.0254957507082153,0.980169971671388,0.971671388101983,0.0267938166294473,359
s45,all,never_embedded,eng-nld,stage2,5,0.0113314447592067,0.0028328611898017,0.0226628895184136,0.9886685552407932,0.9773371104815864,0.0250262375026631,359
s45,all,never_embedded,eng-nld,stage2,10,0.0113314447592067,0.0028328611898016,0.0198654390934842,0.990084985835694,0.9787535410764872,0.0268372170097925,359
s45,all,never_embedded,eng-nld,stage3,1,0.0127478753541077,0.0,0.0170325779036826,0.9872521246458924,0.9745042492917848,0.0270818373353746,359
s45,all,never_embedded,eng-nld,stage3,5,0.0113314447592067,0.0027974504249291,0.0169971671388102,0.990084985835694,0.9787535410764872,0.0291098187442296,359
s45,all,never_embedded,eng-nld,stage3,10,0.0099150141643059,0.0014164305949008,0.018413597733711,0.9915014164305948,0.9815864022662888,0.0286087416256992,359
s45,all,never_embedded,eng-zho,stage1,0,0.0,0.0,0.0,0.4811320754716981,0.4811320754716981,0.0,219
s45,all,never_embedded,eng-zho,stage1,1,0.035377358490566,-0.0471698113207547,0.1438679245283018,0.6816037735849056,0.6462264150943396,0.0279572671663653,219
s45,all,never_embedded,eng-zho,stage1,5,0.0754716981132075,0.0212264150943395,0.1202830188679244,0.7311320754716981,0.6556603773584906,0.0443051606789005,219
s45,all,never_embedded,eng-zho,stage1,10,0.0542452830188678,0.0117924528301887,0.1179245283018867,0.7382075471698113,0.6839622641509434,0.0474067373136901,219
s45,all,never_embedded,eng-zho,stage2,1,0.0471698113207547,-0.0047169811320755,0.113266509433962,0.7476415094339622,0.7004716981132075,0.0421835961057983,219
s45,all,never_embedded,eng-zho,stage2,5,0.0919811320754716,0.035318396226415,0.1344929245283016,0.7830188679245282,0.6910377358490566,0.0574437839234943,219
s45,all,never_embedded,eng-zho,stage2,10,0.1132075471698113,0.0589622641509434,0.1627358490566037,0.7948113207547169,0.6816037735849056,0.0615253726199704,219
s45,all,never_embedded,eng-zho,stage3,1,0.0943396226415095,0.0235849056603772,0.1367924528301886,0.7712264150943396,0.6768867924528301,0.0610407512707849,219
s45,all,never_embedded,eng-zho,stage3,5,0.0778301886792451,0.0423938679245282,0.1533018867924528,0.7570754716981132,0.679245283018868,0.0681485310588437,219
s45,all,never_embedded,eng-zho,stage3,10,0.0778301886792453,0.0377358490566037,0.1415094339622642,0.75,0.6721698113207547,0.0648746446110105,219
s45,all,never_embedded,nld-eng,stage1,0,0.0,0.0,0.0,0.8391752577319588,0.8391752577319588,0.0,245
s45,all,never_embedded,nld-eng,stage1,1,0.0123711340206186,-0.0144329896907217,0.0577319587628866,0.954639175257732,0.9422680412371134,0.0272754050073635,245
s45,all,never_embedded,nld-eng,stage1,5,-0.0041237113402061,-0.0103092783505154,0.0103092783505154,0.9855670103092784,0.9896907216494846,0.0186576898800756,245
s45,all,never_embedded,nld-eng,stage1,10,-0.002061855670103,-0.0061855670103092,0.0041237113402062,0.9896907216494846,0.9917525773195875,0.0168903850199875,245
s45,all,never_embedded,nld-eng,stage2,1,-0.002061855670103,-0.0082474226804124,0.002061855670103,0.9896907216494846,0.9917525773195875,0.0144582369030086,245
s45,all,never_embedded,nld-eng,stage2,5,-0.002061855670103,-0.0041237113402061,0.002061855670103,0.9938144329896909,0.9958762886597938,0.0182537344834842,245
s45,all,never_embedded,nld-eng,stage2,10,0.002061855670103,-0.0041237113402061,0.0041237113402061,0.9958762886597938,0.9938144329896909,0.0189438249526613,245
s45,all,never_embedded,nld-eng,stage3,1,0.0,-0.0041237113402061,0.0041237113402061,0.9958762886597938,0.9958762886597938,0.019381443298969,245
s45,all,never_embedded,nld-eng,stage3,5,0.0,-0.002061855670103,0.0041237113402061,0.9958762886597938,0.9958762886597938,0.0171428571428571,245
s45,all,never_embedded,nld-eng,stage3,10,0.002061855670103,-0.002061855670103,0.0041237113402061,0.9979381443298968,0.9958762886597938,0.017302756154008,245
s45,all,never_embedded,zho-eng,stage1,0,0.0,0.0,0.0,0.625,0.625,0.0,279
s45,all,never_embedded,zho-eng,stage1,1,0.0974264705882352,0.0403952205882352,0.1415441176470588,0.7095588235294117,0.6121323529411764,0.0674876133248999,279
s45,all,never_embedded,zho-eng,stage1,5,0.1801470588235294,0.1139705882352941,0.21875,0.8125,0.6323529411764706,0.1385396900695762,279
s45,all,never_embedded,zho-eng,stage1,10,0.15625,0.0992647058823529,0.2095588235294118,0.8161764705882353,0.6599264705882353,0.1391063145688382,279
s45,all,never_embedded,zho-eng,stage2,1,0.1746323529411764,0.1176470588235294,0.2205882352941176,0.8235294117647058,0.6488970588235294,0.1408061880666244,279
s45,all,never_embedded,zho-eng,stage2,5,0.1801470588235294,0.119485294117647,0.2389705882352941,0.8363970588235294,0.65625,0.1478560510225596,279
s45,all,never_embedded,zho-eng,stage2,10,0.1727941176470588,0.1286764705882352,0.238970588235294,0.8474264705882353,0.6746323529411764,0.1444233607421464,279
s45,all,never_embedded,zho-eng,stage3,1,0.2003676470588236,0.1360294117647059,0.255514705882353,0.8474264705882353,0.6470588235294117,0.1517301813198397,279
s45,all,never_embedded,zho-eng,stage3,5,0.21875,0.1580882352941175,0.2683823529411764,0.8547794117647058,0.6360294117647058,0.1591621863799281,279
s45,all,never_embedded,zho-eng,stage3,10,0.207720588235294,0.1525735294117647,0.2665900735294115,0.8621323529411764,0.6544117647058824,0.1585955618806662,279
s45,balanced,seen_embedded,pooled,stage1,0,0.0,0.0,0.0,0.5711340206185567,0.5711340206185567,0.0,617
s45,balanced,seen_embedded,pooled,stage1,1,0.0978092783505154,0.0349264705882352,0.1329373563525575,0.6875,0.5896907216494846,0.066091097213386,617
s45,balanced,seen_embedded,pooled,stage1,5,0.13242230854606,0.0837343515664057,0.1629131165835569,0.8419811320754718,0.7095588235294117,0.0980854173766735,617
s45,balanced,seen_embedded,pooled,stage1,10,0.1580882352941176,0.1184349950126236,0.1824022671732383,0.8694852941176471,0.7113970588235294,0.1166570617566304,617
s45,balanced,seen_embedded,pooled,stage2,1,0.1553386935510748,0.1175637393767705,0.1847504582569572,0.8796033994334278,0.7242647058823529,0.1171411168807812,617
s45,balanced,seen_embedded,pooled,stage2,5,0.1415441176470587,0.1133144475920679,0.1643074043588452,0.9080882352941176,0.7665441176470589,0.1198834188038826,617
s45,balanced,seen_embedded,pooled,stage2,10,0.1470588235294117,0.1211515479534857,0.1875167031909775,0.9099264705882352,0.7628676470588236,0.1294243296810614,617
s45,balanced,seen_embedded,pooled,stage3,1,0.1430594900849858,0.1181609778680876,0.1728007571654723,0.906515580736544,0.7634560906515581,0.1224747525846743,617
s45,balanced,seen_embedded,pooled,stage3,5,0.1530244173140954,0.1085989132510933,0.1877676637227129,0.910377358490566,0.7573529411764706,0.129546130301593,617
s45,balanced,seen_embedded,pooled,stage3,10,0.1405442842859523,0.1159506678679241,0.1863285585460598,0.9107648725212464,0.7702205882352942,0.1310507899426846,617
s45,balanced,seen_embedded,eng-nld,stage1,0,0.0,0.0,0.0,0.660056657223796,0.660056657223796,0.0,151
s45,balanced,seen_embedded,eng-nld,stage1,1,0.1841359773371105,0.0779036827195467,0.2478753541076487,0.7393767705382437,0.5552407932011332,0.0749394968388268,151
s45,balanced,seen_embedded,eng-nld,stage1,5,0.0169971671388102,-0.0127478753541075,0.0722379603399433,0.8838526912181304,0.8668555240793201,0.0200739170403165,151
s45,balanced,seen_embedded,eng-nld,stage1,10,0.046742209631728,0.0127478753541075,0.0892705382436258,0.9121813031161472,0.8654390934844193,0.0389659118623719,151
s45,balanced,seen_embedded,eng-nld,stage2,1,0.036827195467422,-0.0028328611898016,0.0920679886685551,0.91643059490085,0.8796033994334278,0.0481774008967602,151
s45,balanced,seen_embedded,eng-nld,stage2,5,0.0453257790368272,0.0197946175637392,0.0750708215297449,0.9546742209631728,0.9093484419263456,0.0537305592555764,151
s45,balanced,seen_embedded,eng-nld,stage2,10,0.0439093484419264,0.0141643059490085,0.0722379603399433,0.9518413597733713,0.9079320113314449,0.0509070784008404,151
s45,balanced,seen_embedded,eng-nld,stage3,1,0.0325779036827196,0.0042492917847025,0.0623229461756373,0.9518413597733713,0.9192634560906516,0.0411984316079769,151
s45,balanced,seen_embedded,eng-nld,stage3,5,0.0396600566572238,0.0070821529745042,0.0779036827195467,0.953257790368272,0.913597733711048,0.0417706320469768,151
s45,balanced,seen_embedded,eng-nld,stage3,10,0.0495750708215297,-0.0014164305949008,0.075070821529745,0.9518413597733713,0.9022662889518414,0.0358234996154063,151
s45,balanced,seen_embedded,eng-zho,stage1,0,0.0,0.0,0.0,0.5825471698113207,0.5825471698113207,0.0,150
s45,balanced,seen_embedded,eng-zho,stage1,1,0.1191037735849056,0.0518867924528302,0.2146521226415093,0.6627358490566038,0.5436320754716981,0.1156289308176099,150
s45,balanced,seen_embedded,eng-zho,stage1,5,0.1816037735849056,0.1061320754716981,0.2712558962264149,0.7382075471698113,0.5566037735849056,0.162311320754717,150
s45,balanced,seen_embedded,eng-zho,stage1,10,0.277122641509434,0.1650943396226415,0.3431603773584905,0.7747641509433962,0.4976415094339622,0.1804402515723269,150
s45,balanced,seen_embedded,eng-zho,stage2,1,0.2287735849056603,0.1638856132075471,0.3018867924528301,0.7783018867924528,0.5495283018867925,0.1745911949685534,150
s45,balanced,seen_embedded,eng-zho,stage2,5,0.2181603773584906,0.1462264150943396,0.3325471698113208,0.7959905660377359,0.5778301886792453,0.1911635220125784,150
s45,balanced,seen_embedded,eng-zho,stage2,10,0.2500000000000001,0.1474056603773584,0.3278301886792453,0.8207547169811321,0.570754716981132,0.2009276729559747,150
s45,balanced,seen_embedded,eng-zho,stage3,1,0.2275943396226416,0.1403301886792453,0.3266804245283016,0.8113207547169812,0.5837264150943395,0.1845754716981131,150
s45,balanced,seen_embedded,eng-zho,stage3,5,0.2724056603773584,0.1969339622641509,0.3561320754716981,0.839622641509434,0.5672169811320755,0.2130345911949684,150
s45,balanced,seen_embedded,eng-zho,stage3,10,0.2441037735849056,0.1792452830188678,0.3537735849056603,0.8443396226415094,0.6002358490566038,0.2088836477987421,150
s45,balanced,seen_embedded,nld-eng,stage1,0,0.0,0.0,0.0,0.6907216494845361,0.6907216494845361,0.0,109
s45,balanced,seen_embedded,nld-eng,stage1,1,0.0865979381443298,-0.0206185567010308,0.1876288659793814,0.8865979381443299,0.8,0.0398373214792395,109
s45,balanced,seen_embedded,nld-eng,stage1,5,0.0288659793814433,0.0,0.0845360824742267,0.9731958762886598,0.9443298969072164,0.0346164759292536,109
s45,balanced,seen_embedded,nld-eng,stage1,10,0.024742268041237,-0.0041237113402061,0.0783505154639174,0.981443298969072,0.9567010309278352,0.0248746807906929,109
s45,balanced,seen_embedded,nld-eng,stage2,1,0.0226804123711339,-0.0041237113402062,0.0783505154639175,0.981443298969072,0.9587628865979382,0.0194457580629906,109
s45,balanced,seen_embedded,nld-eng,stage2,5,0.0061855670103093,0.0,0.0536597938144327,0.9855670103092784,0.979381443298969,0.0110470065260568,109
s45,balanced,seen_embedded,nld-eng,stage2,10,0.0103092783505155,0.0,0.0618556701030927,0.9855670103092784,0.9752577319587628,0.0276175163151422,109
s45,balanced,seen_embedded,nld-eng,stage3,1,0.0144329896907217,0.0,0.0762886597938143,0.9876288659793816,0.9731958762886598,0.0220561808379833,109
s45,balanced,seen_embedded,nld-eng,stage3,5,0.0082474226804124,0.0,0.0659793814432989,0.9896907216494846,0.981443298969072,0.0292443015227464,109
s45,balanced,seen_embedded,nld-eng,stage3,10,0.0082474226804124,0.0,0.0701030927835051,0.9876288659793816,0.979381443298969,0.0319303887260001,109
s45,balanced,seen_embedded,zho-eng,stage1,0,0.0,0.0,0.0,0.4099264705882353,0.4099264705882353,0.0,207
s45,balanced,seen_embedded,zho-eng,stage1,1,0.0091911764705883,-0.0551930147058823,0.1121323529411765,0.5790441176470589,0.5698529411764706,0.0375639386189258,207
s45,balanced,seen_embedded,zho-eng,stage1,5,0.2095588235294118,0.1341911764705883,0.2573529411764705,0.8033088235294118,0.59375,0.1418726911054275,207
s45,balanced,seen_embedded,zho-eng,stage1,10,0.255514705882353,0.1893382352941177,0.3106617647058823,0.8253676470588236,0.5698529411764706,0.1754404660414892,207
s45,balanced,seen_embedded,zho-eng,stage2,1,0.2371323529411764,0.1525735294117647,0.2830882352941175,0.8511029411764706,0.6139705882352942,0.1772609406081274,207
s45,balanced,seen_embedded,zho-eng,stage2,5,0.207720588235294,0.150735294117647,0.2647058823529411,0.8621323529411764,0.6544117647058824,0.1737975987496447,207
s45,balanced,seen_embedded,zho-eng,stage2,10,0.2371323529411764,0.1691176470588234,0.2922794117647058,0.8713235294117647,0.6341911764705883,0.1884946007388462,207
s45,balanced,seen_embedded,zho-eng,stage3,1,0.2095588235294118,0.1599264705882352,0.2830882352941176,0.8676470588235294,0.6580882352941176,0.1896401676612674,207
s45,balanced,seen_embedded,zho-eng,stage3,5,0.2316176470588234,0.1672794117647059,0.2922794117647058,0.8768382352941176,0.6452205882352942,0.1858926541631144,207
s45,balanced,seen_embedded,zho-eng,stage3,10,0.2499999999999999,0.1783088235294118,0.3069852941176469,0.8878676470588235,0.6378676470588236,0.1963093208297812,207
s45,balanced,never_embedded,pooled,stage1,0,0.0,0.0,0.0,0.6360294117647058,0.6360294117647058,0.0,617
s45,balanced,never_embedded,pooled,stage1,1,0.0903963922679552,0.0551470588235294,0.1317711223640399,0.7334558823529411,0.6430594900849859,0.0563591662776448,617
s45,balanced,never_embedded,pooled,stage1,5,0.0964637659187386,0.0610981503082819,0.1296873916875555,0.8511029411764706,0.7546391752577319,0.0829141542976874,617
s45,balanced,never_embedded,pooled,stage1,10,0.0948251942286348,0.0712212041950896,0.1322175470754873,0.8566176470588236,0.7617924528301887,0.0872345853876702,617
s45,balanced,never_embedded,pooled,stage2,1,0.1048158640226628,0.0744733950591568,0.1373064513946988,0.8753541076487252,0.7705382436260624,0.0874081451488243,617
s45,balanced,never_embedded,pooled,stage2,5,0.1232763289451758,0.0959692169488966,0.1526894077991718,0.9008498583569404,0.7775735294117647,0.0899504798405413,617
s45,balanced,never_embedded,pooled,stage2,10,0.1238491501416431,0.0983942952314551,0.1599264705882352,0.9050991501416432,0.78125,0.0935488490823684,617
s45,balanced,never_embedded,pooled,stage3,1,0.1246458923512747,0.093541030799112,0.158981706173971,0.886685552407932,0.7620396600566572,0.0984987919057154,617
s45,balanced,never_embedded,pooled,stage3,5,0.1415441176470587,0.1088280915809564,0.1798349056603774,0.9080882352941176,0.7665441176470589,0.1035524532480485,617
s45,balanced,never_embedded,pooled,stage3,10,0.1384226842696028,0.1035935444818718,0.1672853276571278,0.910377358490566,0.7719546742209632,0.1001370303180452,617
s45,balanced,never_embedded,eng-nld,stage1,0,0.0,0.0,0.0,0.6713881019830028,0.6713881019830028,0.0,151
s45,balanced,never_embedded,eng-nld,stage1,1,0.0793201133144476,0.0269121813031162,0.1770538243626062,0.7422096317280453,0.6628895184135977,0.0744798604206142,151
s45,balanced,never_embedded,eng-nld,stage1,5,0.0637393767705382,0.0027974504249292,0.0906515580736544,0.9093484419263456,0.8456090651558074,0.0310113877267695,151
s45,balanced,never_embedded,eng-nld,stage1,10,0.0566572237960339,0.0070821529745042,0.1062677053824361,0.923512747875354,0.8668555240793201,0.0521640432996265,151
s45,balanced,never_embedded,eng-nld,stage2,1,0.0410764872521246,0.0184135977337109,0.1133144475920679,0.9320113314447592,0.8909348441926346,0.0452601166913682,151
s45,balanced,never_embedded,eng-nld,stage2,5,0.0424929178470255,0.0099150141643059,0.0708215297450425,0.9518413597733713,0.9093484419263456,0.0385719377896179,151
s45,balanced,never_embedded,eng-nld,stage2,10,0.0382436260623229,0.0099150141643059,0.0764872521246458,0.9560906515580736,0.9178470254957508,0.0450537493199257,151
s45,balanced,never_embedded,eng-nld,stage3,1,0.028328611898017,0.0028328611898017,0.0679886685552407,0.9518413597733713,0.923512747875354,0.0427180458885991,151
s45,balanced,never_embedded,eng-nld,stage3,5,0.0155807365439093,-0.0014164305949008,0.0736543909348442,0.9560906515580736,0.9405099150141644,0.0487965030110876,151
s45,balanced,never_embedded,eng-nld,stage3,10,0.0141643059490085,-0.0028328611898016,0.0637393767705383,0.9575070821529744,0.943342776203966,0.0464607995797609,151
s45,balanced,never_embedded,eng-zho,stage1,0,0.0,0.0,0.0,0.5672169811320754,0.5672169811320754,0.0,150
s45,balanced,never_embedded,eng-zho,stage1,1,0.0837264150943397,-0.0235849056603772,0.1804245283018868,0.6992924528301887,0.615566037735849,0.0409748427672955,150
s45,balanced,never_embedded,eng-zho,stage1,5,0.070754716981132,0.0082252358490565,0.1391509433962263,0.7452830188679245,0.6745283018867925,0.0636163522012578,150
s45,balanced,never_embedded,eng-zho,stage1,10,0.088443396226415,0.0247641509433963,0.1391509433962263,0.7535377358490566,0.6650943396226415,0.0649528301886791,150
s45,balanced,never_embedded,eng-zho,stage2,1,0.053066037735849,0.0011792452830188,0.1391804245283018,0.7558962264150944,0.7028301886792453,0.0632861635220125,150
s45,balanced,never_embedded,eng-zho,stage2,5,0.1120283018867924,0.057753537735849,0.1827830188679245,0.7948113207547169,0.6827830188679245,0.0702987421383647,150
s45,balanced,never_embedded,eng-zho,stage2,10,0.1474056603773585,0.071933962264151,0.205188679245283,0.8231132075471699,0.6757075471698113,0.080691823899371,150
s45,balanced,never_embedded,eng-zho,stage3,1,0.1202830188679245,0.0341981132075472,0.1674528301886793,0.7724056603773586,0.652122641509434,0.0847798742138365,150
s45,balanced,never_embedded,eng-zho,stage3,5,0.0908018867924528,0.0436025943396225,0.2040094339622641,0.7665094339622641,0.6757075471698113,0.0860377358490565,150
s45,balanced,never_embedded,eng-zho,stage3,10,0.0955188679245282,0.0341981132075471,0.1721698113207548,0.7617924528301887,0.6662735849056605,0.0780503144654088,150
s45,balanced,never_embedded,nld-eng,stage1,0,0.0,0.0,0.0,0.6948453608247422,0.6948453608247422,0.0,109
s45,balanced,never_embedded,nld-eng,stage1,1,0.0742268041237114,0.0164948453608246,0.1589175257731951,0.8618556701030928,0.7876288659793814,0.0488603045493239,109
s45,balanced,never_embedded,nld-eng,stage1,5,0.0268041237113402,-0.0123711340206186,0.0515463917525772,0.9567010309278352,0.9298969072164948,0.0297739525205712,109
s45,balanced,never_embedded,nld-eng,stage1,10,-0.0041237113402061,-0.022680412371134,0.0309278350515463,0.9608247422680412,0.9649484536082474,0.018348623853211,109
s45,balanced,never_embedded,nld-eng,stage2,1,0.0144329896907215,-0.0123711340206186,0.0453608247422679,0.9690721649484536,0.954639175257732,0.0226047479428734,109
s45,balanced,never_embedded,nld-eng,stage2,5,0.0061855670103092,-0.0082474226804124,0.0350515463917526,0.981443298969072,0.9752577319587628,0.0296793719852455,109
s45,balanced,never_embedded,nld-eng,stage2,10,0.0041237113402062,-0.0061855670103092,0.0412371134020618,0.9855670103092784,0.981443298969072,0.0281660834200321,109
s45,balanced,never_embedded,nld-eng,stage3,1,0.0061855670103093,-0.0082474226804123,0.0226804123711339,0.9855670103092784,0.979381443298969,0.029055140452095,109
s45,balanced,never_embedded,nld-eng,stage3,5,0.0041237113402061,-0.0123711340206186,0.0185567010309278,0.9896907216494846,0.9855670103092784,0.0224155868722217,109
s45,balanced,never_embedded,nld-eng,stage3,10,0.002061855670103,-0.0123711340206185,0.0185567010309278,0.9876288659793816,0.9855670103092784,0.0230776506195025,109
s45,balanced,never_embedded,zho-eng,stage1,0,0.0,0.0,0.0,0.625,0.625,0.0,207
s45,balanced,never_embedded,zho-eng,stage1,1,0.0919117647058822,0.0349264705882353,0.1526194852941174,0.6985294117647058,0.6066176470588236,0.0582374254049447,207
s45,balanced,never_embedded,zho-eng,stage1,5,0.1875,0.1176470588235293,0.2518382352941176,0.8051470588235294,0.6176470588235294,0.1627415458937198,207
s45,balanced,never_embedded,zho-eng,stage1,10,0.1819852941176469,0.1066176470588236,0.2665441176470589,0.8161764705882353,0.6341911764705883,0.165236928104575,207
s45,balanced,never_embedded,zho-eng,stage2,1,0.1948529411764705,0.1414981617647058,0.2683823529411765,0.8088235294117647,0.6139705882352942,0.1697570332480819,207
s45,balanced,never_embedded,zho-eng,stage2,5,0.2297794117647058,0.1544117647058823,0.2996323529411765,0.8400735294117647,0.6102941176470589,0.1734068627450981,207
s45,balanced,never_embedded,zho-eng,stage2,10,0.2279411764705882,0.1598805147058823,0.3015165441176468,0.8511029411764706,0.6231617647058824,0.1726697925547029,207
s45,balanced,never_embedded,zho-eng,stage3,1,0.2536764705882353,0.1892922794117647,0.3198529411764705,0.8621323529411764,0.6084558823529411,0.1856972861608412,207
s45,balanced,never_embedded,zho-eng,stage3,5,0.2647058823529412,0.213235294117647,0.3382352941176469,0.8639705882352942,0.5992647058823529,0.1989112674055128,207
s45,balanced,never_embedded,zho-eng,stage3,10,0.2647058823529412,0.1930147058823528,0.332720588235294,0.8694852941176471,0.6047794117647058,0.1958741830065359,207
s46,all,seen_embedded,pooled,stage1,0,0.0,0.0,0.0,0.6143867924528301,0.6143867924528301,0.0,1102
s46,all,seen_embedded,pooled,stage1,1,0.1115989807516357,0.0744970828859498,0.1454309735228876,0.7715905446576514,0.6599915639060157,0.0678046160129897,1102
s46,all,seen_embedded,pooled,stage1,5,0.0856513596004439,0.0627295190384936,0.1093677883567783,0.8852316870144283,0.7995803274139844,0.0802768421449704,1102
s46,all,seen_embedded,pooled,stage1,10,0.1058481212250788,0.0813834324383253,0.1249282631627383,0.8983009514137581,0.7924528301886793,0.0881675091047019,1102
s46,all,seen_embedded,pooled,stage2,1,0.1038690544297858,0.0783479633348487,0.1301447314303748,0.908053551609323,0.8041844971795371,0.0974213027571792,1102
s46,all,seen_embedded,pooled,stage2,5,0.1230866959669336,0.0974339399052736,0.1458467112792522,0.931958762886598,0.8088720669196643,0.1159811954489702,1102
s46,all,seen_embedded,pooled,stage2,10,0.1278951051397094,0.098844193758405,0.1487226738251958,0.9388863648511412,0.8109912597114317,0.1172183558918728,1102
s46,all,seen_embedded,pooled,stage3,1,0.1101213553981683,0.0934658212757635,0.1350370251753816,0.9266162007589932,0.8164948453608247,0.1124335034265927,1102
s46,all,seen_embedded,pooled,stage3,5,0.0992031691591244,0.0790440992244216,0.1357132513095301,0.9398584905660377,0.8406553214069132,0.1144452111284415,1102
s46,all,seen_embedded,pooled,stage3,10,0.0985710321864594,0.077471201029688,0.1240026690103819,0.9375,0.8389289678135405,0.1169140738699775,1102
s46,all,seen_embedded,eng-nld,stage1,0,0.0,0.0,0.0,0.7110481586402266,0.7110481586402266,0.0,359
s46,all,seen_embedded,eng-nld,stage1,1,0.0991501416430594,0.0552053824362605,0.1628895184135977,0.8696883852691218,0.7705382436260624,0.069274898009106,359
s46,all,seen_embedded,eng-nld,stage1,5,0.0127478753541075,-0.0014164305949009,0.0283286118980169,0.9645892351274789,0.9518413597733713,0.0276657697254728,359
s46,all,seen_embedded,eng-nld,stage1,10,0.0198300283286118,0.0056657223796033,0.0325779036827195,0.971671388101983,0.9518413597733713,0.0347203042761213,359
s46,all,seen_embedded,eng-nld,stage2,1,0.018413597733711,0.0028328611898016,0.0339943342776204,0.9745042492917848,0.9560906515580736,0.0352134904164067,359
s46,all,seen_embedded,eng-nld,stage2,5,0.0099150141643059,0.0013810198300283,0.0240793201133143,0.9815864022662888,0.971671388101983,0.0419642223046392,359
s46,all,seen_embedded,eng-nld,stage2,10,0.0155807365439093,0.0028328611898016,0.0297450424929177,0.9858356940509916,0.970254957507082,0.0452981606129713,359
s46,all,seen_embedded,eng-nld,stage3,1,0.0155807365439093,0.0028328611898016,0.0311614730878186,0.9858356940509916,0.970254957507082,0.0370836522603704,359
s46,all,seen_embedded,eng-nld,stage3,5,0.0042492917847025,0.0,0.0255311614730876,0.9872521246458924,0.9830028328611898,0.0399835867652511,359
s46,all,seen_embedded,eng-nld,stage3,10,0.0070821529745043,0.0014164305949008,0.0269121813031161,0.9886685552407932,0.9815864022662888,0.0413329440450732,359
s46,all,seen_embedded,eng-zho,stage1,0,0.0,0.0,0.0,0.5117924528301887,0.5117924528301887,0.0,219
s46,all,seen_embedded,eng-zho,stage1,1,0.1226415094339622,0.0376768867924528,0.2028301886792451,0.5872641509433962,0.464622641509434,0.1034505040062031,219
s46,all,seen_embedded,eng-zho,stage1,5,0.1933962264150942,0.1108490566037736,0.2358490566037735,0.7476415094339622,0.554245283018868,0.1342078056345308,219
s46,all,seen_embedded,eng-zho,stage1,10,0.1981132075471698,0.141450471698113,0.2547169811320754,0.7735849056603774,0.5754716981132075,0.1508141638666322,219
s46,all,seen_embedded,eng-zho,stage2,1,0.2146226415094339,0.1108490566037736,0.2830188679245283,0.8018867924528301,0.5872641509433962,0.1583634875506159,219
s46,all,seen_embedded,eng-zho,stage2,5,0.2735849056603774,0.186320754716981,0.339622641509434,0.8372641509433962,0.5636792452830188,0.1887115533729646,219
s46,all,seen_embedded,eng-zho,stage2,10,0.2853773584905661,0.1886792452830189,0.330188679245283,0.8490566037735849,0.5636792452830188,0.1916731282846556,219
s46,all,seen_embedded,eng-zho,stage3,1,0.2358490566037736,0.1627358490566037,0.2971698113207547,0.8231132075471699,0.5872641509433962,0.190348496596881,219
s46,all,seen_embedded,eng-zho,stage3,5,0.240566037735849,0.150943396226415,0.3018867924528301,0.8349056603773585,0.5943396226415094,0.1736236753683122,219
s46,all,seen_embedded,eng-zho,stage3,10,0.2311320754716981,0.1580188679245283,0.3136792452830188,0.8301886792452831,0.5990566037735849,0.1789975876626173,219
s46,all,seen_embedded,nld-eng,stage1,0,0.0,0.0,0.0,0.8082474226804124,0.8082474226804124,0.0,245
s46,all,seen_embedded,nld-eng,stage1,1,0.0412371134020619,0.0041237113402061,0.0824742268041237,0.9587628865979382,0.9175257731958762,0.0470608037029244,245
s46,all,seen_embedded,nld-eng,stage1,5,0.0061855670103093,-0.002061855670103,0.037164948453608,0.9876288659793816,0.981443298969072,0.0269808541973491,245
s46,all,seen_embedded,nld-eng,stage1,10,0.0061855670103092,-0.002061855670103,0.0350515463917525,0.9917525773195875,0.9855670103092784,0.0248516726278141,245
s46,all,seen_embedded,nld-eng,stage2,1,0.0061855670103093,0.0,0.0247422680412371,0.9896907216494846,0.9835051546391752,0.0208962760361876,245
s46,all,seen_embedded,nld-eng,stage2,5,0.0061855670103092,0.0,0.0185567010309278,0.9938144329896909,0.9876288659793816,0.0397475278771303,245
s46,all,seen_embedded,nld-eng,stage2,10,0.0061855670103092,-0.002061855670103,0.0185567010309278,0.9938144329896909,0.9876288659793816,0.0310119924258364,245
s46,all,seen_embedded,nld-eng,stage3,1,0.0061855670103092,0.0,0.0206185567010309,0.9958762886597938,0.9896907216494846,0.0357584683357878,245
s46,all,seen_embedded,nld-eng,stage3,5,0.0041237113402061,0.0,0.0164948453608247,0.9958762886597938,0.9917525773195875,0.0403366294971598,245
s46,all,seen_embedded,nld-eng,stage3,10,0.0041237113402061,0.0,0.0164948453608247,0.9958762886597938,0.9917525773195875,0.0380054702293288,245
s46,all,seen_embedded,zho-eng,stage1,0,0.0,0.0,0.0,0.4466911764705882,0.4466911764705882,0.0,279
s46,all,seen_embedded,zho-eng,stage1,1,0.0790441176470587,0.005514705882353,0.1397058823529412,0.6121323529411764,0.5330882352941176,0.0561485346826904,279
s46,all,seen_embedded,zho-eng,stage1,5,0.1875,0.1102941176470587,0.2463235294117647,0.7849264705882353,0.5974264705882353,0.1524417562724014,279
s46,all,seen_embedded,zho-eng,stage1,10,0.2113970588235294,0.1452205882352941,0.2665441176470589,0.8069852941176471,0.5955882352941176,0.1633657495256165,279
s46,all,seen_embedded,zho-eng,stage2,1,0.2242647058823529,0.1653952205882352,0.2867647058823528,0.8382352941176471,0.6139705882352942,0.1968295382669196,279
s46,all,seen_embedded,zho-eng,stage2,5,0.3088235294117647,0.2389705882352941,0.3511029411764705,0.8897058823529411,0.5808823529411764,0.2210757959097616,279
s46,all,seen_embedded,zho-eng,stage2,10,0.2904411764705882,0.2463235294117647,0.3658547794117645,0.8878676470588235,0.5974264705882353,0.2270187644950453,279
s46,all,seen_embedded,zho-eng,stage3,1,0.2610294117647058,0.2003216911764706,0.3253676470588236,0.8786764705882353,0.6176470588235294,0.2155610900274087,279
s46,all,seen_embedded,zho-eng,stage3,5,0.3051470588235294,0.2371323529411765,0.3492647058823528,0.8915441176470589,0.5863970588235294,0.2288833544170356,279
s46,all,seen_embedded,zho-eng,stage3,10,0.3125000000000001,0.2371323529411764,0.3603400735294115,0.8933823529411765,0.5808823529411764,0.2347274931477967,279
s46,all,never_embedded,pooled,stage1,0,0.0,0.0,0.0,0.6772987416616131,0.6772987416616131,0.0,1102
s46,all,never_embedded,pooled,stage1,1,0.066675453855175,0.0433541574686005,0.0937817868612217,0.808892896781354,0.742217442926179,0.0452302335987659,1102
s46,all,never_embedded,pooled,stage1,5,0.0589582148679688,0.0387905088542754,0.0737677664493632,0.906382790368272,0.8474245755003031,0.054567645260792,1102
s46,all,never_embedded,pooled,stage1,10,0.0526185644154942,0.0359317865261449,0.0744920328194871,0.9117607546508572,0.8591421902353629,0.0606193220520109,1102
s46,all,never_embedded,pooled,stage2,1,0.0583630230442692,0.0423735809165454,0.0743197465811515,0.9232527289266222,0.864889705882353,0.0649201538145144,1102
s46,all,never_embedded,pooled,stage2,5,0.0540764825359295,0.0398003909244595,0.0760668715066729,0.9362906889732214,0.8822142064372919,0.0682298414096234,1102
s46,all,never_embedded,pooled,stage2,10,0.0581021841299159,0.0404658126137051,0.0797891544250339,0.9403580502905872,0.8822558661606713,0.0698931305971805,1102
s46,all,never_embedded,pooled,stage3,1,0.0479229287257155,0.0312284492674842,0.0639864535039604,0.9352529786702216,0.887330049944506,0.0670954280554504,1102
s46,all,never_embedded,pooled,stage3,5,0.0524140728903673,0.0363777847794998,0.0682604785918817,0.9420262208657048,0.8896121479753374,0.070533407933894,1102
s46,all,never_embedded,pooled,stage3,10,0.0524501623173354,0.0373492131108496,0.0704971955342348,0.9436723013947848,0.8912221390774493,0.070607079063327,1102
s46,all,never_embedded,eng-nld,stage1,0,0.0,0.0,0.0,0.7847025495750708,0.7847025495750708,0.0,359
s46,all,never_embedded,eng-nld,stage1,1,0.084985835694051,0.0354107648725212,0.1133144475920679,0.9277620396600568,0.8427762039660056,0.0407726845897085,359
s46,all,never_embedded,eng-nld,stage1,5,0.0127478753541077,-0.0014164305949008,0.0226628895184135,0.9773371104815864,0.9645892351274789,0.00757533911479,359
s46,all,never_embedded,eng-nld,stage1,10,0.0084985835694051,-0.0028328611898017,0.0169971671388101,0.9773371104815864,0.9688385269121812,0.0155018267614636,359
s46,all,never_embedded,eng-nld,stage2,1,0.0070821529745042,-0.0042492917847025,0.0169971671388101,0.980169971671388,0.973087818696884,0.0106686025866629,359
s46,all,never_embedded,eng-nld,stage2,5,0.0014164305949009,-0.0056657223796033,0.0070821529745043,0.9830028328611898,0.9815864022662888,0.0120850331815635,359
s46,all,never_embedded,eng-nld,stage2,10,0.0056657223796033,-0.0042492917847025,0.0084985835694051,0.9844192634560908,0.9787535410764872,0.0127794392670858,359
s46,all,never_embedded,eng-nld,stage3,1,0.0028328611898016,-0.0042492917847024,0.0099150141643059,0.9815864022662888,0.9787535410764872,0.0153874075769174,359
s46,all,never_embedded,eng-nld,stage3,5,0.0014164305949008,-0.0042492917847025,0.0070821529745043,0.9858356940509916,0.9844192634560908,0.0131345332880916,359
s46,all,never_embedded,eng-nld,stage3,10,0.0028328611898016,-0.0028328611898017,0.0084985835694051,0.9858356940509916,0.9830028328611898,0.0147876932303296,359
s46,all,never_embedded,eng-zho,stage1,0,0.0,0.0,0.0,0.4976415094339622,0.4976415094339622,0.0,219
s46,all,never_embedded,eng-zho,stage1,1,0.1084905660377357,0.0330188679245283,0.1745283018867924,0.695754716981132,0.5872641509433962,0.0560760747824587,219
s46,all,never_embedded,eng-zho,stage1,5,0.1627358490566037,0.1037735849056603,0.2287735849056602,0.7830188679245282,0.6202830188679245,0.1045059016110967,219
s46,all,never_embedded,eng-zho,stage1,10,0.1816037735849056,0.1084905660377358,0.2382075471698113,0.7783018867924528,0.5966981132075472,0.1023735676746792,219
s46,all,never_embedded,eng-zho,stage2,1,0.2146226415094339,0.1391509433962263,0.283077830188679,0.7759433962264151,0.5613207547169812,0.1239446023951064,219
s46,all,never_embedded,eng-zho,stage2,5,0.1863207547169811,0.1084316037735848,0.2523584905660377,0.7924528301886793,0.6061320754716981,0.1178276040320496,219
s46,all,never_embedded,eng-zho,stage2,10,0.1839622641509434,0.1037735849056603,0.2547759433962261,0.7783018867924528,0.5943396226415094,0.1221891961747221,219
s46,all,never_embedded,eng-zho,stage3,1,0.1650943396226415,0.0919811320754717,0.2382075471698113,0.7877358490566038,0.6226415094339622,0.1115598345825794,219
s46,all,never_embedded,eng-zho,stage3,5,0.1674528301886793,0.1179245283018868,0.2452830188679244,0.7924528301886793,0.625,0.1214030326527096,219
s46,all,never_embedded,eng-zho,stage3,10,0.205188679245283,0.1226415094339622,0.2688679245283019,0.7995283018867925,0.5943396226415094,0.1262169380546222,219
s46,all,never_embedded,nld-eng,stage1,0,0.0,0.0,0.0,0.8762886597938144,0.8762886597938144,0.0,245
s46,all,never_embedded,nld-eng,stage1,1,0.0103092783505154,-0.0123711340206185,0.037164948453608,0.977319587628866,0.9670103092783504,0.034698085419735,245
s46,all,never_embedded,nld-eng,stage1,5,0.0,-0.0082474226804124,0.0062371134020616,0.9917525773195875,0.9917525773195875,0.0130612244897959,245
s46,all,never_embedded,nld-eng,stage1,10,0.0,-0.0061855670103092,0.0041237113402062,0.9917525773195875,0.9917525773195875,0.0135409215232485,245
s46,all,never_embedded,nld-eng,stage2,1,-0.002061855670103,-0.0061855670103092,0.0061855670103093,0.9896907216494846,0.9917525773195875,0.016191878813381,245
s46,all,never_embedded,nld-eng,stage2,5,0.0,-0.002061855670103,0.0061855670103093,0.9938144329896909,0.9938144329896909,0.0180770039974751,245
s46,all,never_embedded,nld-eng,stage2,10,0.002061855670103,-0.002061855670103,0.0061855670103093,0.9958762886597938,0.9938144329896909,0.0158552493162212,245
s46,all,never_embedded,nld-eng,stage3,1,0.0041237113402061,-0.002061855670103,0.0061855670103093,0.9958762886597938,0.9917525773195875,0.0159814853776563,245
s46,all,never_embedded,nld-eng,stage3,5,0.0041237113402061,-0.002061855670103,0.0061855670103092,0.9979381443298968,0.9938144329896909,0.0123374710709025,245
s46,all,never_embedded,nld-eng,stage3,10,0.0,0.0,0.0061855670103092,0.9958762886597938,0.9958762886597938,0.0090721649484535,245
s46,all,never_embedded,zho-eng,stage1,0,0.0,0.0,0.0,0.5992647058823529,0.5992647058823529,0.0,279
s46,all,never_embedded,zho-eng,stage1,1,0.068014705882353,0.0201746323529411,0.1268382352941177,0.6415441176470589,0.5735294117647058,0.0517011912291799,279
s46,all,never_embedded,zho-eng,stage1,5,0.1452205882352941,0.0643382352941177,0.1948529411764705,0.7702205882352942,0.625,0.1122838920514442,279
s46,all,never_embedded,zho-eng,stage1,10,0.1544117647058823,0.0881893382352941,0.2113970588235294,0.7867647058823529,0.6323529411764706,0.1272401433691756,279
s46,all,never_embedded,zho-eng,stage2,1,0.1783088235294118,0.1084099264705881,0.238970588235294,0.8216911764705882,0.6433823529411764,0.1311867488931056,279
s46,all,never_embedded,zho-eng,stage2,5,0.1360294117647059,0.0955882352941177,0.2169117647058823,0.8290441176470589,0.6930147058823529,0.145582964368543,279
s46,all,never_embedded,zho-eng,stage2,10,0.1709558823529411,0.1029411764705882,0.2334558823529411,0.8308823529411764,0.6599264705882353,0.1497865275142313,279
s46,all,never_embedded,zho-eng,stage3,1,0.1415441176470587,0.0955882352941176,0.2022058823529411,0.8308823529411764,0.6893382352941176,0.1436129559350621,279
s46,all,never_embedded,zho-eng,stage3,5,0.1801470588235293,0.1268382352941176,0.2352941176470588,0.8455882352941176,0.6654411764705883,0.155564779675311,279
s46,all,never_embedded,zho-eng,stage3,10,0.161764705882353,0.1010569852941176,0.2113970588235294,0.8327205882352942,0.6709558823529411,0.1528173097195867,279
s46,balanced,seen_embedded,pooled,stage1,0,0.0,0.0,0.0,0.5463917525773196,0.5463917525773196,0.0,617
s46,balanced,seen_embedded,pooled,stage1,1,0.0929032446482287,0.0477941176470587,0.1426243177683445,0.678470254957507,0.5855670103092783,0.0776107807271526,617
s46,balanced,seen_embedded,pooled,stage1,5,0.1123927262122979,0.0688483879939805,0.1519744105149141,0.8201133144475921,0.7077205882352942,0.1028998010146753,617
s46,balanced,seen_embedded,pooled,stage1,10,0.1323529411764706,0.1033498403926535,0.1716387862283601,0.8382352941176471,0.7058823529411764,0.1150947258721434,617
s46,balanced,seen_embedded,pooled,stage2,1,0.1436674862365706,0.1202299616730544,0.1839657325194228,0.8561320754716981,0.7124645892351275,0.1285981829355461,617
s46,balanced,seen_embedded,pooled,stage2,5,0.1769561598224195,0.1488961917314095,0.2223789318278374,0.8938679245283019,0.7169117647058824,0.1523331108826726,617
s46,balanced,seen_embedded,pooled,stage2,10,0.1770902766205633,0.1404529319920452,0.2138851956277727,0.8952205882352942,0.7181303116147308,0.1515758210108113,617
s46,balanced,seen_embedded,pooled,stage3,1,0.1693257491675915,0.1389448722496196,0.2035494084319279,0.8933823529411765,0.7240566037735849,0.1489494085247799,617
s46,balanced,seen_embedded,pooled,stage3,5,0.1768867924528302,0.1415094339622641,0.2107942947008831,0.9033018867924528,0.7264150943396226,0.1512415365744466,617
s46,balanced,seen_embedded,pooled,stage3,10,0.1721459975742875,0.1488961917314095,0.2122041054281833,0.909278350515464,0.7371323529411764,0.1543923580675088,617
s46,balanced,seen_embedded,eng-nld,stage1,0,0.0,0.0,0.0,0.6628895184135977,0.6628895184135977,0.0,151
s46,balanced,seen_embedded,eng-nld,stage1,1,0.151558073654391,0.0750708215297449,0.2181657223796032,0.7507082152974505,0.5991501416430595,0.0811680393223646,151
s46,balanced,seen_embedded,eng-nld,stage1,5,0.0240793201133143,-0.0141643059490085,0.0849858356940509,0.9036827195467422,0.8796033994334278,0.0375119599272085,151
s46,balanced,seen_embedded,eng-nld,stage1,10,0.0410764872521246,0.0099150141643059,0.1104815864022663,0.9192634560906516,0.8781869688385269,0.0457760351199744,151
s46,balanced,seen_embedded,eng-nld,stage2,1,0.0382436260623229,0.0070821529745043,0.0779036827195467,0.9220963172804532,0.8838526912181304,0.0473331707408588,151
s46,balanced,seen_embedded,eng-nld,stage2,5,0.0495750708215297,0.0141643059490085,0.1005665722379604,0.9475920679886686,0.8980169971671388,0.0503442582969065,151
s46,balanced,seen_embedded,eng-nld,stage2,10,0.046742209631728,0.0184135977337109,0.1005665722379604,0.953257790368272,0.906515580736544,0.0526612010581019,151
s46,balanced,seen_embedded,eng-nld,stage3,1,0.0396600566572238,0.0084985835694051,0.0949008498583569,0.9320113314447592,0.8923512747875354,0.0419300977430913,151
s46,balanced,seen_embedded,eng-nld,stage3,5,0.0354107648725212,0.0,0.087854107648725,0.9518413597733713,0.91643059490085,0.0437686434159428,151
s46,balanced,seen_embedded,eng-nld,stage3,10,0.0311614730878186,0.0042492917847025,0.0864022662889517,0.9475920679886686,0.91643059490085,0.0470799016940883,151
s46,balanced,seen_embedded,eng-zho,stage1,0,0.0,0.0,0.0,0.5613207547169812,0.5613207547169812,0.0,150
s46,balanced,seen_embedded,eng-zho,stage1,1,0.1297169811320754,0.0365566037735849,0.2299823113207545,0.6073113207547169,0.4775943396226415,0.1165723270440253,150
s46,balanced,seen_embedded,eng-zho,stage1,5,0.1922169811320753,0.1132075471698113,0.2594339622641509,0.7464622641509433,0.554245283018868,0.1422641509433961,150
s46,balanced,seen_embedded,eng-zho,stage1,10,0.2087264150943397,0.1627358490566037,0.2901238207547168,0.7724056603773586,0.5636792452830188,0.1684905660377357,150
s46,balanced,seen_embedded,eng-zho,stage2,1,0.2653301886792452,0.1320459905660377,0.3573408018867922,0.8066037735849056,0.5412735849056605,0.1829559748427673,150
s46,balanced,seen_embedded,eng-zho,stage2,5,0.294811320754717,0.1980837264150943,0.3667452830188679,0.8266509433962265,0.5318396226415094,0.2113836477987422,150
s46,balanced,seen_embedded,eng-zho,stage2,10,0.295990566037736,0.2039799528301887,0.3785672169811319,0.8408018867924529,0.5448113207547169,0.2091037735849056,150
s46,balanced,seen_embedded,eng-zho,stage3,1,0.2464622641509434,0.1697818396226414,0.3537735849056604,0.8231132075471699,0.5766509433962265,0.2109276729559749,150
s46,balanced,seen_embedded,eng-zho,stage3,5,0.2712264150943395,0.1686320754716981,0.3349351415094337,0.8266509433962264,0.5554245283018868,0.1998270440251572,150
s46,balanced,seen_embedded,eng-zho,stage3,10,0.275943396226415,0.1698113207547169,0.3525943396226415,0.8337264150943396,0.5577830188679246,0.2050628930817609,150
s46,balanced,seen_embedded,nld-eng,stage1,0,0.0,0.0,0.0,0.6639175257731958,0.6639175257731958,0.0,109
s46,balanced,seen_embedded,nld-eng,stage1,1,0.0762886597938145,0.0144329896907215,0.1505154639175258,0.9030927835051548,0.8268041237113402,0.0542892272770264,109
s46,balanced,seen_embedded,nld-eng,stage1,5,0.0371134020618556,-0.0082474226804123,0.0927835051546391,0.979381443298969,0.9422680412371134,0.0382483684857656,109
s46,balanced,seen_embedded,nld-eng,stage1,10,0.0309278350515463,-0.0082474226804124,0.0865979381443299,0.981443298969072,0.9505154639175256,0.0373593114537028,109
s46,balanced,seen_embedded,nld-eng,stage2,1,0.0309278350515463,-0.0061855670103092,0.0804123711340206,0.981443298969072,0.9505154639175256,0.0373782275607679,109
s46,balanced,seen_embedded,nld-eng,stage2,5,0.0391752577319587,0.0,0.0907216494845361,0.9835051546391752,0.9443298969072164,0.073848481982408,109
s46,balanced,seen_embedded,nld-eng,stage2,10,0.0288659793814433,-0.0041237113402061,0.088659793814433,0.9855670103092784,0.9567010309278352,0.0588480090797314,109
s46,balanced,seen_embedded,nld-eng,stage3,1,0.0268041237113401,-0.002061855670103,0.084587628865979,0.9835051546391752,0.9567010309278352,0.063841861344935,109
s46,balanced,seen_embedded,nld-eng,stage3,5,0.0061855670103092,-0.0041752577319587,0.0742268041237113,0.977319587628866,0.9711340206185568,0.0630852170623287,109
s46,balanced,seen_embedded,nld-eng,stage3,10,0.0123711340206186,-0.002061855670103,0.0721649484536082,0.9855670103092784,0.9731958762886598,0.0612692707840727,109
s46,balanced,seen_embedded,zho-eng,stage1,0,0.0,0.0,0.0,0.4356617647058823,0.4356617647058823,0.0,207
s46,balanced,seen_embedded,zho-eng,stage1,1,0.0919117647058823,-0.0055147058823529,0.15625,0.6268382352941176,0.5349264705882353,0.0590632992327365,207
s46,balanced,seen_embedded,zho-eng,stage1,5,0.1875,0.1139705882352941,0.2647058823529412,0.7702205882352942,0.5827205882352942,0.1561167945439044,207
s46,balanced,seen_embedded,zho-eng,stage1,10,0.21875,0.1433363970588234,0.2831341911764704,0.8014705882352942,0.5827205882352942,0.1679010372264848,207
s46,balanced,seen_embedded,zho-eng,stage2,1,0.2463235294117647,0.1672794117647059,0.286764705882353,0.8290441176470589,0.5827205882352942,0.1965224495595338,207
s46,balanced,seen_embedded,zho-eng,stage2,5,0.3198529411764705,0.2518382352941177,0.3713235294117647,0.8805147058823529,0.5606617647058824,0.225268186984939,207
s46,balanced,seen_embedded,zho-eng,stage2,10,0.3272058823529411,0.25,0.3897518382352939,0.8823529411764706,0.5551470588235294,0.2308716965046888,207
s46,balanced,seen_embedded,zho-eng,stage3,1,0.2794117647058823,0.2077205882352941,0.3566176470588236,0.8786764705882353,0.5992647058823529,0.226919934640523,207
s46,balanced,seen_embedded,zho-eng,stage3,5,0.3180147058823529,0.2610294117647058,0.3658088235294118,0.8878676470588235,0.5698529411764706,0.2408532253481102,207
s46,balanced,seen_embedded,zho-eng,stage3,10,0.3345588235294118,0.2591911764705883,0.3841911764705882,0.8933823529411765,0.5588235294117647,0.24499147485081,207
s46,balanced,never_embedded,pooled,stage1,0,0.0,0.0,0.0,0.6226415094339622,0.6226415094339622,0.0,617
s46,balanced,never_embedded,pooled,stage1,1,0.1048158640226628,0.0636792452830189,0.1390370399155171,0.7294617563739376,0.6246458923512748,0.0650198097931756,617
s46,balanced,never_embedded,pooled,stage1,5,0.0977193153083058,0.0583246383871587,0.1323529411764705,0.845360824742268,0.7476415094339622,0.0826693172503625,617
s46,balanced,never_embedded,pooled,stage1,10,0.1101951758040326,0.0744014740208472,0.1403502644409893,0.858356940509915,0.7481617647058824,0.0907781960457128,617
s46,balanced,never_embedded,pooled,stage2,1,0.1236820199778024,0.0955877615221346,0.15625,0.8713235294117647,0.7476415094339622,0.0960854800909152,617
s46,balanced,never_embedded,pooled,stage2,5,0.1057534869617951,0.0807299043909348,0.1417365973595595,0.8933823529411765,0.7876288659793814,0.0995002425485235,617
s46,balanced,never_embedded,pooled,stage2,10,0.1016297756215889,0.0800744893033291,0.1363071340649523,0.8933823529411765,0.7917525773195876,0.1012957829122442,617
s46,balanced,never_embedded,pooled,stage3,1,0.1012499634940568,0.0710770861106482,0.1289151026912181,0.8845360824742268,0.78328611898017,0.098283754880633,617
s46,balanced,never_embedded,pooled,stage3,5,0.1136584350721421,0.0790418307837058,0.1401638429677527,0.8985849056603774,0.7849264705882353,0.1033692300025577,617
s46,balanced,never_embedded,pooled,stage3,10,0.1066176470588236,0.0730124701111135,0.1297178482241952,0.8952205882352942,0.7886029411764706,0.0999937932085409,617
s46,balanced,never_embedded,eng-nld,stage1,0,0.0,0.0,0.0,0.71671388101983,0.71671388101983,0.0,151
s46,balanced,never_embedded,eng-nld,stage1,1,0.0779036827195467,-0.0014518413597733,0.1558427762039657,0.7889518413597734,0.7110481586402266,0.0666379003057988,151
s46,balanced,never_embedded,eng-nld,stage1,5,0.0254957507082151,-0.008498583569405,0.0651558073654391,0.9093484419263456,0.8838526912181304,0.0120349698891245,151
s46,balanced,never_embedded,eng-nld,stage1,10,0.0254957507082153,-0.0099150141643059,0.0779036827195467,0.9263456090651558,0.9008498583569404,0.0236196836951013,151
s46,balanced,never_embedded,eng-nld,stage2,1,0.0127478753541075,-0.0141643059490085,0.0566572237960339,0.9277620396600568,0.9150141643059492,0.0196142806221037,151
s46,balanced,never_embedded,eng-nld,stage2,5,-0.0028328611898016,-0.0212464589235127,0.0524079320113314,0.9419263456090652,0.9447592067988668,0.0195767592818415,151
s46,balanced,never_embedded,eng-nld,stage2,10,0.0042492917847025,-0.0283286118980169,0.0439093484419262,0.9490084985835694,0.9447592067988668,0.0159278089413356,151
s46,balanced,never_embedded,eng-nld,stage3,1,-0.0070821529745042,-0.0297450424929178,0.0297450424929178,0.93342776203966,0.9405099150141644,0.0215466296456107,151
s46,balanced,never_embedded,eng-nld,stage3,5,0.0070821529745043,-0.0226628895184135,0.028328611898017,0.9518413597733713,0.9447592067988668,0.0161716976530402,151
s46,balanced,never_embedded,eng-nld,stage3,10,-0.0014164305949008,-0.024114730878187,0.0269121813031161,0.9475920679886686,0.9490084985835694,0.0187981914713993,151
s46,balanced,never_embedded,eng-zho,stage1,0,0.0,0.0,0.0,0.5813679245283019,0.5813679245283019,0.0,150
s46,balanced,never_embedded,eng-zho,stage1,1,0.1497641509433961,0.0247641509433962,0.2146226415094339,0.6898584905660377,0.5400943396226415,0.068317610062893,150
s46,balanced,never_embedded,eng-zho,stage1,5,0.2040094339622641,0.1379716981132075,0.2783018867924528,0.7818396226415094,0.5778301886792453,0.1373427672955977,150
s46,balanced,never_embedded,eng-zho,stage1,10,0.2275943396226414,0.1249705188679245,0.2936320754716981,0.7759433962264151,0.5483490566037736,0.1327830188679245,150
s46,balanced,never_embedded,eng-zho,stage2,1,0.2441037735849055,0.1580188679245282,0.3349056603773586,0.7724056603773585,0.5283018867924529,0.1492452830188677,150
s46,balanced,never_embedded,eng-zho,stage2,5,0.240566037735849,0.142688679245283,0.339622641509434,0.7936320754716981,0.5530660377358491,0.1465408805031446,150
s46,balanced,never_embedded,eng-zho,stage2,10,0.241745283018868,0.133254716981132,0.3419811320754716,0.7806603773584906,0.5389150943396226,0.1549528301886792,150
s46,balanced,never_embedded,eng-zho,stage3,1,0.2181603773584906,0.1356132075471698,0.3078124999999998,0.7877358490566038,0.5695754716981132,0.1407389937106916,150
s46,balanced,never_embedded,eng-zho,stage3,5,0.2629716981132075,0.1674233490566038,0.3361143867924527,0.7948113207547169,0.5318396226415094,0.1524213836477987,150
s46,balanced,never_embedded,eng-zho,stage3,10,0.2617924528301886,0.1686320754716981,0.3278596698113206,0.7830188679245282,0.5212264150943396,0.149622641509434,150
s46,balanced,never_embedded,nld-eng,stage1,0,0.0,0.0,0.0,0.8,0.8,0.0,109
s46,balanced,never_embedded,nld-eng,stage1,1,0.0123711340206186,-0.0454123711340206,0.0865979381443298,0.9030927835051548,0.890721649484536,0.0549134588101768,109
s46,balanced,never_embedded,nld-eng,stage1,5,0.0,-0.0309278350515463,0.0309278350515463,0.9628865979381444,0.9628865979381444,0.0323465430814338,109
s46,balanced,never_embedded,nld-eng,stage1,10,0.0061855670103092,-0.0206185567010308,0.0350515463917525,0.9690721649484536,0.9628865979381444,0.0326870330086067,109
s46,balanced,never_embedded,nld-eng,stage2,1,0.0061855670103092,-0.0082474226804123,0.0412371134020618,0.979381443298969,0.9731958762886598,0.0400075664428259,109
s46,balanced,never_embedded,nld-eng,stage2,5,0.0061855670103092,-0.0082474226804123,0.0247422680412371,0.9835051546391752,0.977319587628866,0.0312872410857844,109
s46,balanced,never_embedded,nld-eng,stage2,10,0.0041237113402061,-0.0082474226804123,0.0288659793814433,0.981443298969072,0.977319587628866,0.0270878653173177,109
s46,balanced,never_embedded,nld-eng,stage3,1,0.0041237113402061,-0.0061855670103092,0.0391752577319588,0.9835051546391752,0.979381443298969,0.0302468551972006,109
s46,balanced,never_embedded,nld-eng,stage3,5,0.0082474226804124,-0.0041237113402061,0.0309278350515463,0.9876288659793816,0.979381443298969,0.0229641539771117,109
s46,balanced,never_embedded,nld-eng,stage3,10,0.0103092783505155,-0.0041237113402061,0.0329896907216494,0.9876288659793816,0.977319587628866,0.0177811406412559,109
s46,balanced,never_embedded,zho-eng,stage1,0,0.0,0.0,0.0,0.5900735294117647,0.5900735294117647,0.0,207
s46,balanced,never_embedded,zho-eng,stage1,1,0.0974264705882352,0.0238970588235294,0.1636029411764705,0.6415441176470589,0.5441176470588236,0.0667714549587952,207
s46,balanced,never_embedded,zho-eng,stage1,5,0.1599264705882352,0.0845588235294118,0.21875,0.7665441176470589,0.6066176470588236,0.121074879227053,207
s46,balanced,never_embedded,zho-eng,stage1,10,0.1746323529411764,0.1084558823529411,0.2426470588235294,0.78125,0.6066176470588236,0.1399190110826939,207
s46,balanced,never_embedded,zho-eng,stage2,1,0.213235294117647,0.1139705882352941,0.2518382352941177,0.8143382352941176,0.6011029411764706,0.1428761722080135,207
s46,balanced,never_embedded,zho-eng,stage2,5,0.1672794117647058,0.1011029411764705,0.2555147058823529,0.8272058823529411,0.6599264705882353,0.159633418584825,207
s46,balanced,never_embedded,zho-eng,stage2,10,0.1948529411764705,0.1065716911764705,0.2591911764705882,0.8290441176470589,0.6341911764705883,0.1637627877237851,207
s46,balanced,never_embedded,zho-eng,stage3,1,0.1525735294117646,0.0974264705882352,0.2408088235294118,0.8216911764705882,0.6691176470588236,0.1593226058539357,207
s46,balanced,never_embedded,zho-eng,stage3,5,0.1966911764705882,0.1360294117647058,0.2665441176470589,0.8419117647058824,0.6452205882352942,0.1737709576584256,207
s46,balanced,never_embedded,zho-eng,stage3,10,0.1599264705882352,0.1047794117647059,0.2408088235294117,0.8272058823529411,0.6672794117647058,0.1665512219380505,207
s47,all,seen_embedded,pooled,stage1,0,0.0,0.0,0.0,0.6148897058823529,0.6148897058823529,0.0,1102
s47,all,seen_embedded,pooled,stage1,1,0.0593677095484086,0.0246822155418822,0.087441530229283,0.7384654640893185,0.6790977545409098,0.0363640868220822,1102
s47,all,seen_embedded,pooled,stage1,5,0.0769758258292618,0.056960592139242,0.0994747657033575,0.8930829290479079,0.816107103218646,0.0711917750024212,1102
s47,all,seen_embedded,pooled,stage1,10,0.0815984707016185,0.0564398240165573,0.1021565975848956,0.9044117647058824,0.8228132940042638,0.0731022703871568,1102
s47,all,seen_embedded,pooled,stage2,1,0.0784509551243176,0.056985294117647,0.0994547769445747,0.9135025015160704,0.8350515463917526,0.0781001181733731,1102
s47,all,seen_embedded,pooled,stage2,5,0.0888098275684521,0.0690886577693754,0.1084085152965857,0.9358721194663432,0.8470622918978912,0.0920485092030666,1102
s47,all,seen_embedded,pooled,stage2,10,0.1015538290788012,0.0819453671958599,0.1189551692553283,0.9411764705882352,0.839622641509434,0.0931898718083698,1102
s47,all,seen_embedded,pooled,stage3,1,0.095023225295784,0.0770949732813367,0.1134258050086177,0.9392158598566904,0.8441926345609065,0.0923879937104099,1102
s47,all,seen_embedded,pooled,stage3,5,0.0823986526138529,0.06415510812013,0.0961750368157979,0.9405099150141644,0.8581112624003113,0.0885679559908421,1102
s47,all,seen_embedded,pooled,stage3,10,0.0805151801354769,0.0655959671520941,0.1057835437411374,0.9440777166069806,0.8635625364715036,0.0930981510807842,1102
s47,all,seen_embedded,eng-nld,stage1,0,0.0,0.0,0.0,0.7747875354107648,0.7747875354107648,0.0,359
s47,all,seen_embedded,eng-nld,stage1,1,0.0396600566572238,-0.018413597733711,0.0835694050991501,0.8526912181303117,0.8130311614730878,0.0287113243428788,359
s47,all,seen_embedded,eng-nld,stage1,5,0.0269121813031161,0.0042492917847025,0.0552407932011331,0.9603399433427762,0.93342776203966,0.0455625083841642,359
s47,all,seen_embedded,eng-nld,stage1,10,0.0155807365439093,0.0,0.0509915014164306,0.9660056657223796,0.9504249291784702,0.0387447031808532,359
s47,all,seen_embedded,eng-nld,stage2,1,0.0155807365439093,-0.0028328611898016,0.036827195467422,0.970254957507082,0.9546742209631728,0.0334380203113781,359
s47,all,seen_embedded,eng-nld,stage2,5,0.0127478753541077,0.0042492917847025,0.0325779036827195,0.9844192634560908,0.971671388101983,0.0388630678545219,359
s47,all,seen_embedded,eng-nld,stage2,10,0.0184135977337109,0.008498583569405,0.0311614730878186,0.9858356940509916,0.9674220963172804,0.0380345151388417,359
s47,all,seen_embedded,eng-nld,stage3,1,0.0169971671388101,0.0056657223796033,0.0311614730878186,0.9858356940509916,0.9688385269121812,0.0343257553638924,359
s47,all,seen_embedded,eng-nld,stage3,5,0.0127478753541077,0.0056657223796033,0.0254957507082153,0.9886685552407932,0.9759206798866856,0.0325739581935972,359
s47,all,seen_embedded,eng-nld,stage3,10,0.0127478753541075,0.0056657223796033,0.0226628895184136,0.990084985835694,0.9773371104815864,0.0350438343841483,359
s47,all,seen_embedded,eng-zho,stage1,0,0.0,0.0,0.0,0.5471698113207547,0.5471698113207547,0.0,219
s47,all,seen_embedded,eng-zho,stage1,1,0.0990566037735848,0.0282429245283017,0.1674528301886793,0.6202830188679245,0.5212264150943396,0.0723270440251572,219
s47,all,seen_embedded,eng-zho,stage1,5,0.125,0.0471698113207545,0.1792452830188678,0.7594339622641509,0.6344339622641509,0.0964611872146116,219
s47,all,seen_embedded,eng-zho,stage1,10,0.125,0.0589622641509434,0.1816037735849056,0.7547169811320755,0.6297169811320755,0.1102998190746962,219
s47,all,seen_embedded,eng-zho,stage2,1,0.1391509433962263,0.0778301886792453,0.1816037735849056,0.7995283018867925,0.6603773584905661,0.1217153441888515,219
s47,all,seen_embedded,eng-zho,stage2,5,0.160377358490566,0.0849056603773584,0.2052476415094336,0.8160377358490566,0.6556603773584906,0.1287046609804429,219
s47,all,seen_embedded,eng-zho,stage2,10,0.1674528301886791,0.0825471698113207,0.2169811320754717,0.8325471698113207,0.6650943396226415,0.1349185836133365,219
s47,all,seen_embedded,eng-zho,stage3,1,0.1839622641509435,0.1202240566037735,0.2405660377358491,0.8231132075471699,0.6391509433962264,0.1438463858016713,219
s47,all,seen_embedded,eng-zho,stage3,5,0.1721698113207546,0.0919811320754716,0.25,0.8325471698113207,0.6603773584905661,0.1359093650383388,219
s47,all,seen_embedded,eng-zho,stage3,10,0.1816037735849056,0.1061320754716981,0.2476415094339622,0.8301886792452831,0.6485849056603774,0.1402601878176962,219
s47,all,seen_embedded,nld-eng,stage1,0,0.0,0.0,0.0,0.8082474226804124,0.8082474226804124,0.0,245
s47,all,seen_embedded,nld-eng,stage1,1,0.0412371134020618,-0.0144329896907217,0.0804123711340205,0.936082474226804,0.8948453608247423,0.0185314538186409,245
s47,all,seen_embedded,nld-eng,stage1,5,0.0082474226804124,-0.002061855670103,0.0329896907216494,0.9896907216494846,0.981443298969072,0.0265264043761833,245
s47,all,seen_embedded,nld-eng,stage1,10,0.0082474226804124,-0.002061855670103,0.0371134020618557,0.9917525773195875,0.9835051546391752,0.0331075110456554,245
s47,all,seen_embedded,nld-eng,stage2,1,0.002061855670103,-0.0082474226804123,0.0206185567010308,0.9896907216494846,0.9876288659793816,0.0198611403324215,245
s47,all,seen_embedded,nld-eng,stage2,5,0.0061855670103092,0.0,0.0185567010309278,0.9979381443298968,0.9917525773195875,0.0343698716600041,245
s47,all,seen_embedded,nld-eng,stage2,10,0.0061855670103092,0.0,0.022680412371134,0.9958762886597938,0.9896907216494846,0.0346980854197349,245
s47,all,seen_embedded,nld-eng,stage3,1,0.0061855670103092,0.0,0.0123711340206186,0.9979381443298968,0.9917525773195875,0.0328971176099307,245
s47,all,seen_embedded,nld-eng,stage3,5,0.0041237113402061,0.0,0.0185567010309278,0.9958762886597938,0.9917525773195875,0.0212497370082052,245
s47,all,seen_embedded,nld-eng,stage3,10,0.0041237113402061,-0.002061855670103,0.0206185567010309,0.9958762886597938,0.9917525773195875,0.0231937723543023,245
s47,all,seen_embedded,zho-eng,stage1,0,0.0,0.0,0.0,0.4485294117647058,0.4485294117647058,0.0,279
s47,all,seen_embedded,zho-eng,stage1,1,0.0716911764705883,-0.0110294117647059,0.1341911764705883,0.6066176470588236,0.5349264705882353,0.0336416824794433,279
s47,all,seen_embedded,zho-eng,stage1,5,0.1746323529411765,0.1157628676470587,0.2390165441176468,0.8033088235294118,0.6286764705882353,0.1235570841239721,279
s47,all,seen_embedded,zho-eng,stage1,10,0.1875,0.1213235294117647,0.2518382352941177,0.8327205882352942,0.6452205882352942,0.1232342399325321,279
s47,all,seen_embedded,zho-eng,stage2,1,0.1985294117647058,0.1360294117647059,0.2629136029411762,0.8511029411764706,0.6525735294117647,0.1524746995572422,279
s47,all,seen_embedded,zho-eng,stage2,5,0.2279411764705883,0.1892922794117647,0.2996323529411765,0.875,0.6470588235294117,0.1823608475648322,279
s47,all,seen_embedded,zho-eng,stage2,10,0.2499999999999999,0.2058823529411765,0.2996323529411765,0.8878676470588235,0.6378676470588236,0.1827693442968585,279
s47,all,seen_embedded,zho-eng,stage3,1,0.244485294117647,0.1783088235294118,0.2904411764705882,0.8970588235294118,0.6525735294117647,0.1789479232553235,279
s47,all,seen_embedded,zho-eng,stage3,5,0.25,0.1875,0.3088235294117647,0.8897058823529411,0.6397058823529411,0.1825716845878137,279
s47,all,seen_embedded,zho-eng,stage3,10,0.2481617647058823,0.1856617647058823,0.3070312499999997,0.8988970588235294,0.6507352941176471,0.1921647691334598,279
s47,all,never_embedded,pooled,stage1,0,0.0,0.0,0.0,0.671448605215282,0.671448605215282,0.0,1102
s47,all,never_embedded,pooled,stage1,1,0.0564437177137142,0.0311962698280955,0.0804534149968716,0.7922794117647058,0.7358356940509916,0.0334021818815574,1102
s47,all,never_embedded,pooled,stage1,5,0.0727120210075861,0.0483527579078234,0.0883232003021784,0.9076176813849446,0.8349056603773585,0.0584334163528836,1102
s47,all,never_embedded,pooled,stage1,10,0.0670262208657047,0.0515727710848685,0.0836365875439784,0.9152677580466148,0.8482415371809101,0.0560220796460156,1102
s47,all,never_embedded,pooled,stage2,1,0.0679315338166909,0.0448124175157126,0.0829350203621722,0.9191905515747376,0.8512590177580466,0.0593402876338866,1102
s47,all,never_embedded,pooled,stage2,5,0.0650923352397242,0.0505325407145192,0.0863491222405274,0.9305949008498584,0.8655025656101342,0.0611017570124619,1102
s47,all,never_embedded,pooled,stage2,10,0.0638409223462755,0.0465898366434203,0.0797995624451742,0.93342776203966,0.8695868396933845,0.0628808332633273,1102
s47,all,never_embedded,pooled,stage3,1,0.0579737791342951,0.041869342784194,0.0796545354650537,0.9380896226415094,0.8801158435072143,0.061783793301678,1102
s47,all,never_embedded,pooled,stage3,5,0.0546084620500745,0.0383540894225961,0.0786280988840695,0.9390934844192634,0.8844850223691889,0.0641748185695458,1102
s47,all,never_embedded,pooled,stage3,10,0.0605226180086823,0.0428818160318406,0.0772090461338205,0.9445445518530416,0.8840219338443593,0.063584509370981,1102
s47,all,never_embedded,eng-nld,stage1,0,0.0,0.0,0.0,0.7804532577903682,0.7804532577903682,0.0,359
s47,all,never_embedded,eng-nld,stage1,1,0.0127478753541075,-0.0141643059490085,0.0637393767705382,0.8824362606232294,0.8696883852691218,0.0088536775904111,359
s47,all,never_embedded,eng-nld,stage1,5,0.0240793201133144,0.0113314447592067,0.038243626062323,0.980169971671388,0.9560906515580736,0.0282497021155712,359
s47,all,never_embedded,eng-nld,stage1,10,0.0141643059490085,0.0028328611898017,0.0254957507082153,0.9787535410764872,0.9645892351274789,0.0222209947367174,359
s47,all,never_embedded,eng-nld,stage2,1,0.0099150141643059,0.0014164305949008,0.0212464589235128,0.9830028328611898,0.973087818696884,0.0195735715356631,359
s47,all,never_embedded,eng-nld,stage2,5,0.0113314447592067,0.0,0.0297450424929178,0.9844192634560908,0.973087818696884,0.0265925966842112,359
s47,all,never_embedded,eng-nld,stage2,10,0.0113314447592067,0.0014164305949008,0.0212464589235128,0.9858356940509916,0.9745042492917848,0.0277762434208969,359
s47,all,never_embedded,eng-nld,stage3,1,0.0113314447592067,0.0028328611898016,0.0254957507082153,0.9858356940509916,0.9745042492917848,0.0243160494606516,359
s47,all,never_embedded,eng-nld,stage3,5,0.0084985835694051,0.0,0.0226628895184135,0.9872521246458924,0.9787535410764872,0.0304828489587853,359
s47,all,never_embedded,eng-nld,stage3,10,0.0056657223796033,0.0,0.0198300283286118,0.9886685552407932,0.9830028328611898,0.0281707923331253,359
s47,all,never_embedded,eng-zho,stage1,0,0.0,0.0,0.0,0.4787735849056603,0.4787735849056603,0.0,219
s47,all,never_embedded,eng-zho,stage1,1,0.0660377358490567,0.0023584905660377,0.1202830188679245,0.6674528301886793,0.6014150943396226,0.0452097871973808,219
s47,all,never_embedded,eng-zho,stage1,5,0.0542452830188679,-0.009433962264151,0.1297169811320754,0.7169811320754718,0.6627358490566038,0.0636361678297579,219
s47,all,never_embedded,eng-zho,stage1,10,0.0566037735849056,0.0094339622641509,0.1202830188679244,0.7264150943396226,0.6698113207547169,0.0587145687946927,219
s47,all,never_embedded,eng-zho,stage2,1,0.115566037735849,0.0518867924528302,0.1627358490566037,0.7783018867924528,0.6627358490566038,0.080145601792022,219
s47,all,never_embedded,eng-zho,stage2,5,0.1226415094339623,0.0377358490566037,0.1816627358490562,0.7547169811320755,0.6320754716981132,0.0791763590936504,219
s47,all,never_embedded,eng-zho,stage2,10,0.1084905660377358,0.0377358490566037,0.1721698113207547,0.7783018867924528,0.6698113207547169,0.0784871198414749,219
s47,all,never_embedded,eng-zho,stage3,1,0.0683962264150943,0.0165094339622641,0.1580188679245283,0.75,0.6816037735849056,0.0745886103213576,219
s47,all,never_embedded,eng-zho,stage3,5,0.0754716981132075,0.025943396226415,0.1533018867924528,0.7688679245283019,0.6933962264150944,0.0778194193159299,219
s47,all,never_embedded,eng-zho,stage3,10,0.0801886792452829,0.0140919811320754,0.1485849056603773,0.7783018867924528,0.6981132075471699,0.0763224778151115,219
s47,all,never_embedded,nld-eng,stage1,0,0.0,0.0,0.0,0.8824742268041237,0.8824742268041237,0.0,245
s47,all,never_embedded,nld-eng,stage1,1,0.0164948453608247,0.0,0.0536082474226804,0.9649484536082474,0.9484536082474226,0.0018682937092363,245
s47,all,never_embedded,nld-eng,stage1,5,0.0041237113402061,-0.002061855670103,0.0123711340206185,0.9896907216494846,0.9855670103092784,0.0214264674942142,245
s47,all,never_embedded,nld-eng,stage1,10,0.002061855670103,-0.0020618556701031,0.0082474226804124,0.9917525773195875,0.9896907216494846,0.0191542183883863,245
s47,all,never_embedded,nld-eng,stage2,1,0.0,-0.002061855670103,0.0103092783505155,0.9917525773195875,0.9917525773195875,0.0177740374500315,245
s47,all,never_embedded,nld-eng,stage2,5,0.0041237113402061,0.0,0.0123711340206186,0.9958762886597938,0.9917525773195875,0.014222596254997,245
s47,all,never_embedded,nld-eng,stage2,10,0.002061855670103,0.0,0.0103092783505155,0.9958762886597938,0.9938144329896909,0.0142562592047126,245
s47,all,never_embedded,nld-eng,stage3,1,0.002061855670103,0.0,0.0123711340206186,0.9958762886597938,0.9938144329896909,0.0178918577740375,245
s47,all,never_embedded,nld-eng,stage3,5,0.0041237113402061,0.0,0.0123711340206186,0.9979381443298968,0.9938144329896909,0.0175552282768777,245
s47,all,never_embedded,nld-eng,stage3,10,0.0041237113402061,0.0,0.0103092783505154,0.9958762886597938,0.9917525773195875,0.0191458026509572,245
s47,all,never_embedded,zho-eng,stage1,0,0.0,0.0,0.0,0.5919117647058824,0.5919117647058824,0.0,279
s47,all,never_embedded,zho-eng,stage1,1,0.1121323529411764,0.0477941176470587,0.1709558823529411,0.7022058823529411,0.5900735294117647,0.0834123972169512,279
s47,all,never_embedded,zho-eng,stage1,5,0.1525735294117647,0.09375,0.207720588235294,0.8069852941176471,0.6544117647058824,0.1256852203246889,279
s47,all,never_embedded,zho-eng,stage1,10,0.1286764705882354,0.0808823529411764,0.1856617647058824,0.8069852941176471,0.6783088235294117,0.1297767763019185,279
s47,all,never_embedded,zho-eng,stage2,1,0.1470588235294117,0.1011029411764705,0.2169577205882351,0.8272058823529411,0.6801470588235294,0.130679422306557,279
s47,all,never_embedded,zho-eng,stage2,5,0.1727941176470588,0.1047794117647058,0.2279411764705882,0.8253676470588236,0.6525735294117647,0.1324847143158338,279
s47,all,never_embedded,zho-eng,stage2,10,0.1783088235294118,0.1286305147058823,0.2206341911764704,0.8363970588235294,0.6580882352941176,0.1385001581277672,279
s47,all,never_embedded,zho-eng,stage3,1,0.1544117647058824,0.1084558823529411,0.2242647058823529,0.8327205882352942,0.6783088235294117,0.1384869808138309,279
s47,all,never_embedded,zho-eng,stage3,5,0.1433823529411765,0.0974264705882352,0.1966911764705882,0.8382352941176471,0.6948529411764706,0.1377556398903647,279
s47,all,never_embedded,zho-eng,stage3,10,0.1617647058823529,0.1011029411764705,0.2113970588235293,0.8474264705882353,0.6856617647058824,0.1381773139363271,279
s47,balanced,seen_embedded,pooled,stage1,0,0.0,0.0,0.0,0.53125,0.53125,0.0,617
s47,balanced,seen_embedded,pooled,stage1,1,0.0621437234687689,0.010022338795954,0.1076487252124647,0.6577319587628866,0.5955882352941176,0.0396835932520062,617
s47,balanced,seen_embedded,pooled,stage1,5,0.0841616417039486,0.0533407647001613,0.1299627145475753,0.8412371134020619,0.7570754716981132,0.0872533534375008,617
s47,balanced,seen_embedded,pooled,stage1,10,0.1158088235294118,0.0812176512065631,0.150735294117647,0.8639705882352942,0.7481617647058824,0.0904130800545395,617
s47,balanced,seen_embedded,pooled,stage2,1,0.1214068488585236,0.0900735294117647,0.161851144895662,0.8824362606232294,0.7610294117647058,0.100387493373834,617
s47,balanced,seen_embedded,pooled,stage2,5,0.1524995137132853,0.1132434359559019,0.1791730219151376,0.9072164948453608,0.7547169811320755,0.1201993815408898,617
s47,balanced,seen_embedded,pooled,stage2,10,0.1473087818696884,0.1195546614872364,0.1794557322045235,0.9107648725212464,0.7634560906515581,0.1210286063469376,617
s47,balanced,seen_embedded,pooled,stage3,1,0.1347171304782536,0.1010989525527191,0.1782169436972768,0.9080882352941176,0.773371104815864,0.1189613830429549,617
s47,balanced,seen_embedded,pooled,stage3,5,0.1280332994815329,0.0968297950015446,0.1579341827462718,0.9127358490566038,0.7847025495750708,0.1152018810296653,617
s47,balanced,seen_embedded,pooled,stage3,10,0.1433602990566864,0.1041851789259998,0.1692511178364926,0.9206798866855525,0.777319587628866,0.1208840914834549,617
s47,balanced,seen_embedded,eng-nld,stage1,0,0.0,0.0,0.0,0.6444759206798867,0.6444759206798867,0.0,151
s47,balanced,seen_embedded,eng-nld,stage1,1,0.0439093484419264,-0.0439447592067988,0.1430594900849858,0.6685552407932012,0.6246458923512748,0.0240324184379865,151
s47,balanced,seen_embedded,eng-nld,stage1,5,0.0580736543909348,0.0198300283286119,0.0892351274787535,0.8923512747875354,0.8342776203966006,0.0683451212877324,151
s47,balanced,seen_embedded,eng-nld,stage1,10,0.0481586402266288,0.0099150141643059,0.0906515580736544,0.923512747875354,0.8753541076487252,0.0585332908091476,151
s47,balanced,seen_embedded,eng-nld,stage2,1,0.0269121813031161,-0.0070821529745042,0.0680240793201132,0.91643059490085,0.8895184135977338,0.0506631896891358,151
s47,balanced,seen_embedded,eng-nld,stage2,5,0.0226628895184135,0.0028328611898017,0.0736543909348441,0.9490084985835694,0.9263456090651558,0.055897416655723,151
s47,balanced,seen_embedded,eng-nld,stage2,10,0.0396600566572237,0.0099150141643059,0.084985835694051,0.9546742209631728,0.9150141643059492,0.053505431214003,151
s47,balanced,seen_embedded,eng-nld,stage3,1,0.046742209631728,0.0112960339943342,0.084985835694051,0.9475920679886686,0.9008498583569404,0.0476896234733507,151
s47,balanced,seen_embedded,eng-nld,stage3,5,0.0410764872521246,0.0070467422096316,0.0623583569405097,0.9617563739376772,0.9206798866855525,0.0494249854604806,151
s47,balanced,seen_embedded,eng-nld,stage3,10,0.0509915014164306,0.0113314447592067,0.0736543909348442,0.970254957507082,0.9192634560906516,0.0517137872164792,151
s47,balanced,seen_embedded,eng-zho,stage1,0,0.0,0.0,0.0,0.5837264150943396,0.5837264150943396,0.0,150
s47,balanced,seen_embedded,eng-zho,stage1,1,0.0872641509433962,0.021196933962264,0.2075471698113207,0.6344339622641509,0.5471698113207547,0.079575471698113,150
s47,balanced,seen_embedded,eng-zho,stage1,5,0.1332547169811321,0.0412735849056604,0.2051886792452829,0.7606132075471699,0.6273584905660378,0.1048742138364779,150
s47,balanced,seen_embedded,eng-zho,stage1,10,0.1297169811320755,0.0542452830188678,0.195754716981132,0.7547169811320755,0.625,0.1175157232704402,150
s47,balanced,seen_embedded,eng-zho,stage2,1,0.1438679245283017,0.0683962264150943,0.1957841981132074,0.8018867924528301,0.6580188679245284,0.1287735849056603,150
s47,balanced,seen_embedded,eng-zho,stage2,5,0.1745283018867924,0.1084905660377358,0.2523584905660376,0.8242924528301887,0.6497641509433962,0.1409905660377359,150
s47,balanced,seen_embedded,eng-zho,stage2,10,0.1709905660377357,0.0919811320754717,0.253567216981132,0.8325471698113207,0.6615566037735849,0.1462421383647798,150
s47,balanced,seen_embedded,eng-zho,stage3,1,0.1886792452830189,0.1226415094339623,0.2535377358490566,0.8231132075471699,0.6344339622641509,0.153805031446541,150
s47,balanced,seen_embedded,eng-zho,stage3,5,0.1910377358490566,0.0790094339622642,0.2641509433962264,0.8502358490566038,0.6591981132075472,0.1402830188679245,150
s47,balanced,seen_embedded,eng-zho,stage3,10,0.1910377358490564,0.0978773584905661,0.2653301886792452,0.8455188679245282,0.6544811320754718,0.1407861635220126,150
s47,balanced,seen_embedded,nld-eng,stage1,0,0.0,0.0,0.0,0.7051546391752577,0.7051546391752577,0.0,109
s47,balanced,seen_embedded,nld-eng,stage1,1,0.0865979381443299,-0.0247422680412371,0.1670103092783504,0.8701030927835052,0.7835051546391752,0.0169866641445188,109
s47,balanced,seen_embedded,nld-eng,stage1,5,0.0061855670103092,-0.0268041237113402,0.0742268041237113,0.977319587628866,0.9711340206185568,0.02449635864939,109
s47,balanced,seen_embedded,nld-eng,stage1,10,0.0061855670103092,-0.0103092783505154,0.0907216494845361,0.977319587628866,0.9711340206185568,0.0372458148113118,109
s47,balanced,seen_embedded,nld-eng,stage2,1,-0.0041237113402061,-0.0185567010309278,0.0804123711340206,0.9731958762886598,0.977319587628866,0.0295847914499195,109
s47,balanced,seen_embedded,nld-eng,stage2,5,0.0082474226804123,-0.0061855670103093,0.0721649484536082,0.979381443298969,0.9711340206185568,0.0446609287808567,109
s47,balanced,seen_embedded,nld-eng,stage2,10,0.0123711340206185,-0.0061855670103092,0.0927835051546391,0.981443298969072,0.9690721649484536,0.0465714555944388,109
s47,balanced,seen_embedded,nld-eng,stage3,1,0.0061855670103093,-0.0041237113402061,0.068041237113402,0.9876288659793816,0.981443298969072,0.0367350799205524,109
s47,balanced,seen_embedded,nld-eng,stage3,5,0.0144329896907217,-0.002061855670103,0.0597938144329897,0.9896907216494846,0.9752577319587628,0.0213373687695074,109
s47,balanced,seen_embedded,nld-eng,stage3,10,0.0082474226804124,-0.002061855670103,0.0556701030927835,0.9855670103092784,0.977319587628866,0.025404331788518,109
s47,balanced,seen_embedded,zho-eng,stage1,0,0.0,0.0,0.0,0.4411764705882353,0.4411764705882353,0.0,207
s47,balanced,seen_embedded,zho-eng,stage1,1,0.0680147058823529,-0.0386029411764706,0.150735294117647,0.5992647058823529,0.53125,0.0341449985791417,207
s47,balanced,seen_embedded,zho-eng,stage1,5,0.1838235294117647,0.0937499999999998,0.2555147058823528,0.7996323529411764,0.6158088235294117,0.1213235294117646,207
s47,balanced,seen_embedded,zho-eng,stage1,10,0.1691176470588234,0.1084558823529412,0.2684283088235291,0.8106617647058824,0.6415441176470589,0.1220250781472008,207
s47,balanced,seen_embedded,zho-eng,stage2,1,0.2077205882352941,0.1397058823529412,0.286764705882353,0.8511029411764706,0.6433823529411764,0.1533727621483375,207
s47,balanced,seen_embedded,zho-eng,stage2,5,0.2316176470588236,0.1838235294117647,0.3161764705882353,0.875,0.6433823529411764,0.1918158567774935,207
s47,balanced,seen_embedded,zho-eng,stage2,10,0.2499999999999999,0.1985294117647058,0.3180147058823529,0.8841911764705882,0.6341911764705883,0.1912208724069338,207
s47,balanced,seen_embedded,zho-eng,stage3,1,0.2481617647058823,0.1764705882352941,0.3106617647058822,0.8786764705882353,0.6305147058823529,0.189000781472009,207
s47,balanced,seen_embedded,zho-eng,stage3,5,0.2794117647058822,0.2058823529411764,0.3382352941176471,0.8897058823529411,0.6102941176470589,0.1944355640807048,207
s47,balanced,seen_embedded,zho-eng,stage3,10,0.2849264705882353,0.2003676470588234,0.3363970588235293,0.8988970588235294,0.6139705882352942,0.2071966467746517,207
s47,balanced,never_embedded,pooled,stage1,0,0.0,0.0,0.0,0.6084558823529411,0.6084558823529411,0.0,617
s47,balanced,never_embedded,pooled,stage1,1,0.0685318769895738,0.031712032369605,0.1115705586869542,0.7030927835051546,0.6345609065155807,0.0416846825109771,617
s47,balanced,never_embedded,pooled,stage1,5,0.092682666096531,0.0611859341310504,0.1277187074499124,0.8490566037735849,0.7563739376770539,0.0865374110867246,617
s47,balanced,never_embedded,pooled,stage1,10,0.0998452148009696,0.0696448390677025,0.1288951841359773,0.8668555240793201,0.7670103092783505,0.0813064496881096,617
s47,balanced,never_embedded,pooled,stage2,1,0.0862037598544572,0.0635744548667989,0.1231279481132075,0.8676470588235294,0.7814432989690722,0.0815905353123762,617
s47,balanced,never_embedded,pooled,stage2,5,0.0985710321864595,0.066057364311704,0.1251117987621591,0.8933823529411765,0.7948113207547169,0.0847264775335772,617
s47,balanced,never_embedded,pooled,stage2,10,0.1094140559906682,0.0753676470588234,0.1391509433962264,0.8980169971671388,0.7886029411764706,0.0880006411582092,617
s47,balanced,never_embedded,pooled,stage3,1,0.0855646503884572,0.0607906306852638,0.1222828943800246,0.8962264150943396,0.8106617647058824,0.0857263036242537,617
s47,balanced,never_embedded,pooled,stage3,5,0.0953591068155307,0.0729317099700218,0.1213235294117646,0.8970588235294118,0.8016997167138811,0.0857754822196906,617
s47,balanced,never_embedded,pooled,stage3,10,0.0991781754522466,0.0754716981132075,0.1226415094339622,0.9033018867924528,0.8041237113402062,0.0854179240485789,617
s47,balanced,never_embedded,eng-nld,stage1,0,0.0,0.0,0.0,0.678470254957507,0.678470254957507,0.0,151
s47,balanced,never_embedded,eng-nld,stage1,1,0.0694050991501417,0.0070821529745042,0.1317634560906514,0.7039660056657224,0.6345609065155807,0.0309644860514418,151
s47,balanced,never_embedded,eng-nld,stage1,5,0.0594900849858357,0.0056657223796033,0.0977337110481586,0.9107648725212464,0.8512747875354107,0.0540025889724782,151
s47,balanced,never_embedded,eng-nld,stage1,10,0.0226628895184135,-0.0042492917847024,0.0835694050991501,0.9192634560906516,0.896600566572238,0.0470611410239573,151
s47,balanced,never_embedded,eng-nld,stage2,1,0.028328611898017,-0.0014164305949008,0.0821529745042493,0.9320113314447592,0.9036827195467422,0.0407669361949609,151
s47,balanced,never_embedded,eng-nld,stage2,5,0.0169971671388101,0.0014164305949009,0.0708215297450425,0.9376770538243626,0.9206798866855525,0.0506069076787423,151
s47,balanced,never_embedded,eng-nld,stage2,10,0.0311614730878186,0.0099150141643059,0.0793201133144475,0.9490084985835694,0.9178470254957508,0.0540025889724778,151
s47,balanced,never_embedded,eng-nld,stage3,1,0.046742209631728,0.0169971671388102,0.0736543909348441,0.9589235127478754,0.9121813031161472,0.0418550550625667,151
s47,balanced,never_embedded,eng-nld,stage3,5,0.0311614730878186,0.0169971671388101,0.0779036827195467,0.9617563739376772,0.9305949008498584,0.0504568223176929,151
s47,balanced,never_embedded,eng-nld,stage3,10,0.0354107648725211,0.0169971671388101,0.0651558073654391,0.9660056657223796,0.9305949008498584,0.0505693863384801,151
s47,balanced,never_embedded,eng-zho,stage1,0,0.0,0.0,0.0,0.5306603773584906,0.5306603773584906,0.0,150
s47,balanced,never_embedded,eng-zho,stage1,1,0.044811320754717,-0.0424528301886792,0.1179540094339621,0.6462264150943396,0.6014150943396226,0.0319811320754717,150
s47,balanced,never_embedded,eng-zho,stage1,5,0.1226415094339622,0.0224056603773584,0.2099351415094338,0.758254716981132,0.6356132075471698,0.0795440251572326,150
s47,balanced,never_embedded,eng-zho,stage1,10,0.0849056603773585,0.025943396226415,0.1698113207547169,0.7429245283018868,0.6580188679245282,0.0695283018867924,150
s47,balanced,never_embedded,eng-zho,stage2,1,0.1356132075471697,0.0719339622641509,0.2087264150943396,0.7889150943396226,0.6533018867924528,0.0903144654088049,150
s47,balanced,never_embedded,eng-zho,stage2,5,0.1556603773584906,0.0518573113207547,0.2099351415094339,0.7865566037735849,0.6308962264150944,0.0901886792452829,150
s47,balanced,never_embedded,eng-zho,stage2,10,0.1120283018867923,0.0542452830188679,0.2004716981132075,0.7818396226415094,0.669811320754717,0.0897327044025159,150
s47,balanced,never_embedded,eng-zho,stage3,1,0.0931603773584905,0.0377358490566038,0.2075471698113207,0.7712264150943396,0.6780660377358491,0.0911635220125787,150
s47,balanced,never_embedded,eng-zho,stage3,5,0.0790094339622641,0.025943396226415,0.1698408018867922,0.7724056603773585,0.6933962264150944,0.0833490566037735,150
s47,balanced,never_embedded,eng-zho,stage3,10,0.080188679245283,0.012942216981132,0.1556603773584906,0.7865566037735849,0.7063679245283019,0.0798270440251571,150
s47,balanced,never_embedded,nld-eng,stage1,0,0.0,0.0,0.0,0.7525773195876289,0.7525773195876289,0.0,109
s47,balanced,never_embedded,nld-eng,stage1,1,0.0144329896907215,-0.0494845360824742,0.1092783505154639,0.8536082474226804,0.8391752577319588,0.0074907783978056,109
s47,balanced,never_embedded,nld-eng,stage1,5,0.0103092783505154,-0.0082474226804123,0.0351030927835049,0.9670103092783504,0.9567010309278352,0.0482549891232385,109
s47,balanced,never_embedded,nld-eng,stage1,10,0.0164948453608246,-0.0103092783505155,0.0309278350515463,0.977319587628866,0.9608247422680412,0.041369526151518,109
s47,balanced,never_embedded,nld-eng,stage2,1,0.0103092783505154,-0.0082474226804123,0.0474226804123711,0.979381443298969,0.9690721649484536,0.0344083987515368,109
s47,balanced,never_embedded,nld-eng,stage2,5,0.0041237113402061,-0.0041237113402061,0.0350515463917525,0.981443298969072,0.977319587628866,0.0264068854629717,109
s47,balanced,never_embedded,nld-eng,stage2,10,0.0103092783505154,-0.0041237113402062,0.0350515463917525,0.9835051546391752,0.9731958762886598,0.0236451338314573,109
s47,balanced,never_embedded,nld-eng,stage3,1,0.0082474226804124,-0.0041237113402062,0.0309793814432986,0.9855670103092784,0.977319587628866,0.0323087108673035,109
s47,balanced,never_embedded,nld-eng,stage3,5,0.0103092783505155,-0.002061855670103,0.0309278350515463,0.9896907216494846,0.979381443298969,0.0247801002553675,109
s47,balanced,never_embedded,nld-eng,stage3,10,0.0123711340206186,-0.0041237113402061,0.0247422680412371,0.9917525773195875,0.979381443298969,0.025423247895583,109
s47,balanced,never_embedded,zho-eng,stage1,0,0.0,0.0,0.0,0.5496323529411764,0.5496323529411764,0.0,207
s47,balanced,never_embedded,zho-eng,stage1,1,0.1011029411764706,0.0404411764705882,0.176470588235294,0.6819852941176471,0.5808823529411764,0.0745417732310316,207
s47,balanced,never_embedded,zho-eng,stage1,5,0.1617647058823529,0.0919117647058823,0.2279411764705883,0.8125,0.6507352941176471,0.1354965899403239,207
s47,balanced,never_embedded,zho-eng,stage1,10,0.1213235294117647,0.0661764705882352,0.2022058823529411,0.8069852941176471,0.6856617647058824,0.1358518044899117,207
s47,balanced,never_embedded,zho-eng,stage2,1,0.1599264705882352,0.0919117647058823,0.2463235294117647,0.8290441176470589,0.6691176470588236,0.1298930804205741,207
s47,balanced,never_embedded,zho-eng,stage2,5,0.1783088235294117,0.1010569852941176,0.2371323529411765,0.8308823529411764,0.6525735294117647,0.1363668655868144,207
s47,balanced,never_embedded,zho-eng,stage2,10,0.1838235294117647,0.1268382352941177,0.2334558823529412,0.84375,0.6599264705882353,0.1454337169650468,207
s47,balanced,never_embedded,zho-eng,stage3,1,0.1525735294117647,0.1084558823529412,0.2408088235294118,0.8382352941176471,0.6856617647058824,0.1419170929241262,207
s47,balanced,never_embedded,zho-eng,stage3,5,0.1580882352941176,0.099264705882353,0.2224264705882352,0.84375,0.6856617647058824,0.1454159562375674,207
s47,balanced,never_embedded,zho-eng,stage3,10,0.176470588235294,0.1047794117647059,0.2408088235294117,0.8455882352941176,0.6691176470588236,0.1464815998863313,207
s48,all,seen_embedded,pooled,stage1,0,0.0,0.0,0.0,0.6313279401886627,0.6313279401886627,0.0,1102
s48,all,seen_embedded,pooled,stage1,1,0.1247995125812364,0.095448633462819,0.1618512799950006,0.7779377081021088,0.6531381955208724,0.0671460479998536,1102
s48,all,seen_embedded,pooled,stage1,5,0.0957586912061048,0.069749696428367,0.1177384101070402,0.8845360824742268,0.788777391268122,0.0747791673758693,1102
s48,all,seen_embedded,pooled,stage1,10,0.1044909879710769,0.0853961789705362,0.1241299547681235,0.8984570279953341,0.7939660400242572,0.088191232698878,1102
s48,all,seen_embedded,pooled,stage2,1,0.1049821098999224,0.081323539133346,0.1196015116993565,0.9138750066812764,0.808892896781354,0.0937299782182909,1102
s48,all,seen_embedded,pooled,stage2,5,0.1040347852329027,0.0847067806407264,0.1266109896900774,0.9287770532741398,0.8247422680412371,0.1046688512052795,1102
s48,all,seen_embedded,pooled,stage2,10,0.1062001164114156,0.0881978637835267,0.1275493195292193,0.9348120144284128,0.8286118980169972,0.10695769081061,1102
s48,all,seen_embedded,pooled,stage3,1,0.1050743261002892,0.0839727643653034,0.12399477324538,0.9362606232294618,0.8311862971291726,0.105730501017817,1102
s48,all,seen_embedded,pooled,stage3,5,0.0882294300719703,0.0726604656235606,0.1131228779578402,0.9375,0.8492705699280296,0.1043978147481418,1102
s48,all,seen_embedded,pooled,stage3,10,0.0983618065373984,0.0816381096883498,0.1197284817526076,0.9438363365555912,0.8454745300181928,0.1096602930912075,1102
s48,all,seen_embedded,eng-nld,stage1,0,0.0,0.0,0.0,0.7365439093484419,0.7365439093484419,0.0,359
s48,all,seen_embedded,eng-nld,stage1,1,0.1104815864022662,0.0495750708215297,0.1572237960339942,0.8626062322946175,0.7521246458923513,0.0600661263976896,359
s48,all,seen_embedded,eng-nld,stage1,5,0.018413597733711,-0.0014164305949008,0.0410764872521246,0.9575070821529744,0.9390934844192634,0.0325502852588635,359
s48,all,seen_embedded,eng-nld,stage1,10,0.0070821529745042,-0.0056657223796033,0.028328611898017,0.9603399433427762,0.953257790368272,0.0320255352055993,359
s48,all,seen_embedded,eng-nld,stage2,1,0.0127478753541077,0.0,0.028328611898017,0.9688385269121812,0.9560906515580736,0.0251880025566768,359
s48,all,seen_embedded,eng-nld,stage2,5,0.008498583569405,-0.0028328611898016,0.0184135977337109,0.9815864022662888,0.973087818696884,0.0242844855476732,359
s48,all,seen_embedded,eng-nld,stage2,10,0.0084985835694051,0.0,0.0212464589235127,0.9844192634560908,0.9759206798866856,0.0272593843458771,359
s48,all,seen_embedded,eng-nld,stage3,1,0.0099150141643059,0.0014164305949008,0.0226628895184136,0.980169971671388,0.970254957507082,0.0281273919527804,359
s48,all,seen_embedded,eng-nld,stage3,5,0.0070821529745042,-0.0028328611898017,0.0155807365439093,0.9858356940509916,0.9787535410764872,0.0195814625139079,359
s48,all,seen_embedded,eng-nld,stage3,10,0.0042492917847025,-0.0014164305949009,0.0226628895184135,0.9858356940509916,0.9815864022662888,0.0247105983728801,359
s48,all,seen_embedded,eng-zho,stage1,0,0.0,0.0,0.0,0.5660377358490566,0.5660377358490566,0.0,219
s48,all,seen_embedded,eng-zho,stage1,1,0.1179245283018868,0.0330188679245282,0.1981132075471698,0.6674528301886793,0.5495283018867925,0.0833441026966486,219
s48,all,seen_embedded,eng-zho,stage1,5,0.1957547169811321,0.115566037735849,0.2594339622641509,0.7712264150943396,0.5754716981132075,0.1344339622641508,219
s48,all,seen_embedded,eng-zho,stage1,10,0.2358490566037735,0.1603773584905661,0.2877358490566037,0.7948113207547169,0.5589622641509434,0.1594296545188246,219
s48,all,seen_embedded,eng-zho,stage2,1,0.2287735849056603,0.1674528301886793,0.3018867924528301,0.8042452830188679,0.5754716981132075,0.1853515120186094,219
s48,all,seen_embedded,eng-zho,stage2,5,0.2523584905660376,0.1839622641509434,0.3160377358490566,0.8325471698113207,0.5801886792452831,0.1962177996036873,219
s48,all,seen_embedded,eng-zho,stage2,10,0.2877358490566037,0.2216981132075471,0.3514150943396226,0.8349056603773585,0.5471698113207547,0.2120703024037218,219
s48,all,seen_embedded,eng-zho,stage3,1,0.2476415094339622,0.1556603773584904,0.2995283018867923,0.8160377358490566,0.5683962264150944,0.1946239338330319,219
s48,all,seen_embedded,eng-zho,stage3,5,0.2334905660377358,0.1627358490566037,0.2948113207547169,0.8089622641509434,0.5754716981132075,0.1973701214784182,219
s48,all,seen_embedded,eng-zho,stage3,10,0.2783018867924529,0.1862617924528301,0.3207547169811321,0.8301886792452831,0.5518867924528301,0.2105410528129576,219
s48,all,seen_embedded,nld-eng,stage1,0,0.0,0.0,0.0,0.797938144329897,0.797938144329897,0.0,245
s48,all,seen_embedded,nld-eng,stage1,1,0.0742268041237113,0.0309278350515463,0.1092783505154638,0.9463917525773196,0.8721649484536083,0.0557795076793603,245
s48,all,seen_embedded,nld-eng,stage1,5,0.0082474226804123,-0.0020618556701031,0.0247422680412371,0.9938144329896909,0.9855670103092784,0.0072880286135073,245
s48,all,seen_embedded,nld-eng,stage1,10,0.0061855670103092,-0.002061855670103,0.0289175257731956,0.9938144329896909,0.9876288659793816,0.0177319587628866,245
s48,all,seen_embedded,nld-eng,stage2,1,0.0061855670103092,0.0,0.0288659793814433,0.9958762886597938,0.9896907216494846,0.0138943824952662,245
s48,all,seen_embedded,nld-eng,stage2,5,0.0061855670103092,0.0,0.022680412371134,0.9979381443298968,0.9917525773195875,0.0227224910582791,245
s48,all,seen_embedded,nld-eng,stage2,10,0.002061855670103,0.0,0.0206185567010309,0.9979381443298968,0.9958762886597938,0.0150810014727541,245
s48,all,seen_embedded,nld-eng,stage3,1,0.0041237113402061,0.0,0.0185567010309278,0.9979381443298968,0.9938144329896909,0.0240942562592045,245
s48,all,seen_embedded,nld-eng,stage3,5,0.002061855670103,0.0,0.0144329896907217,0.9979381443298968,0.9958762886597938,0.018413633494635,245
s48,all,seen_embedded,nld-eng,stage3,10,0.002061855670103,0.0,0.0144329896907217,0.9979381443298968,0.9958762886597938,0.0229076372817168,245
s48,all,seen_embedded,zho-eng,stage1,0,0.0,0.0,0.0,0.4577205882352941,0.4577205882352941,0.0,279
s48,all,seen_embedded,zho-eng,stage1,1,0.1488970588235294,0.0606617647058823,0.1948529411764706,0.6727941176470589,0.5238970588235294,0.0735228231077377,279
s48,all,seen_embedded,zho-eng,stage1,5,0.1599264705882352,0.1029411764705882,0.2298253676470586,0.7683823529411764,0.6084558823529411,0.1415572949609951,279
s48,all,seen_embedded,zho-eng,stage1,10,0.1911764705882352,0.1268382352941175,0.2536764705882353,0.7775735294117647,0.5863970588235294,0.1664162977018765,279
s48,all,seen_embedded,zho-eng,stage2,1,0.2242647058823529,0.1544117647058823,0.3088235294117646,0.84375,0.6194852941176471,0.1801141155386887,279
s48,all,seen_embedded,zho-eng,stage2,5,0.2573529411764705,0.2040441176470588,0.3180147058823529,0.8492647058823529,0.5919117647058824,0.2082015601939701,279
s48,all,seen_embedded,zho-eng,stage2,10,0.2591911764705882,0.2113970588235294,0.3180147058823529,0.8547794117647058,0.5955882352941176,0.2076810562934851,279
s48,all,seen_embedded,zho-eng,stage3,1,0.2628676470588235,0.2022058823529412,0.3290441176470587,0.8694852941176471,0.6066176470588236,0.2074965738983766,279
s48,all,seen_embedded,zho-eng,stage3,5,0.2775735294117647,0.2022058823529411,0.3308823529411764,0.8768382352941176,0.5992647058823529,0.2160618279569892,279
s48,all,seen_embedded,zho-eng,stage3,10,0.2720588235294118,0.2022058823529411,0.3216911764705883,0.8713235294117647,0.5992647058823529,0.2159629981024668,279
s48,all,never_embedded,pooled,stage1,0,0.0,0.0,0.0,0.6930898657848668,0.6930898657848668,0.0,1102
s48,all,never_embedded,pooled,stage1,1,0.0774486681465038,0.0545500007170521,0.1048721034210492,0.8088235294117647,0.7313748612652609,0.0435536221516564,1102
s48,all,never_embedded,pooled,stage1,5,0.0464213946130873,0.0289727052786517,0.0671650217541792,0.8989330654942389,0.8525116708811515,0.0496155605724148,1102
s48,all,never_embedded,pooled,stage1,10,0.0517207398423286,0.0312613580128609,0.0694431120397012,0.9117647058823528,0.8600439660400243,0.0551741417779818,1102
s48,all,never_embedded,pooled,stage2,1,0.0629643487091773,0.0435355251579268,0.0781015437261298,0.9220963172804532,0.8591319685712759,0.058703850860807,1102
s48,all,never_embedded,pooled,stage2,5,0.0561636634444087,0.0400501192337384,0.0755479260728557,0.9396498349931368,0.8834861715487281,0.0604727081585939,1102
s48,all,never_embedded,pooled,stage2,10,0.0564476970033296,0.0412368994538363,0.0750721577850231,0.9433962264150944,0.8869485294117647,0.0641929324000497,1102
s48,all,never_embedded,pooled,stage3,1,0.0600084693788148,0.0439600303447852,0.0799914855230759,0.9445445518530416,0.8845360824742268,0.0650788208787409,1102
s48,all,never_embedded,pooled,stage3,5,0.0575008331944675,0.042305181349492,0.0715541759156492,0.9503676470588236,0.892866813864356,0.0630264997242739,1102
s48,all,never_embedded,pooled,stage3,10,0.0575032871150533,0.040954157333172,0.0807826957958985,0.9525180355160932,0.8950147484010398,0.0714959528531683,1102
s48,all,never_embedded,eng-nld,stage1,0,0.0,0.0,0.0,0.8243626062322946,0.8243626062322946,0.0,359
s48,all,never_embedded,eng-nld,stage1,1,0.0311614730878186,0.0056657223796033,0.0765226628895182,0.9121813031161472,0.8810198300283286,0.0440040401808612,359
s48,all,never_embedded,eng-nld,stage1,5,0.0099150141643059,-0.0014518413597734,0.0226628895184136,0.973087818696884,0.963172804532578,0.0233217862018354,359
s48,all,never_embedded,eng-nld,stage1,10,0.0070821529745042,-0.0014164305949008,0.018413597733711,0.980169971671388,0.973087818696884,0.0223472503886305,359
s48,all,never_embedded,eng-nld,stage2,1,0.0070821529745042,0.0,0.018413597733711,0.9815864022662888,0.9745042492917848,0.0113077718244728,359
s48,all,never_embedded,eng-nld,stage2,5,0.0099150141643059,0.0,0.0169971671388101,0.9886685552407932,0.9787535410764872,0.0151191143166017,359
s48,all,never_embedded,eng-nld,stage2,10,0.0070821529745043,0.0,0.0169971671388101,0.9886685552407932,0.9815864022662888,0.0162514696946979,359
s48,all,never_embedded,eng-nld,stage3,1,0.0056657223796033,0.0,0.0141643059490085,0.9886685552407932,0.9830028328611898,0.0167801652370843,359
s48,all,never_embedded,eng-nld,stage3,5,0.0056657223796033,0.0014164305949008,0.0141643059490084,0.9929178470254958,0.9872521246458924,0.0123967268222242,359
s48,all,never_embedded,eng-nld,stage3,10,0.0070821529745043,0.0,0.0141643059490084,0.9929178470254958,0.9858356940509916,0.0182755056144308,359
s48,all,never_embedded,eng-zho,stage1,0,0.0,0.0,0.0,0.4787735849056603,0.4787735849056603,0.0,219
s48,all,never_embedded,eng-zho,stage1,1,0.0660377358490565,-0.0094929245283019,0.1226415094339622,0.6721698113207547,0.6061320754716981,0.0327173257517013,219
s48,all,never_embedded,eng-zho,stage1,5,0.1037735849056603,0.0306603773584905,0.160377358490566,0.7216981132075472,0.6179245283018868,0.0548591367278368,219
s48,all,never_embedded,eng-zho,stage1,10,0.1155660377358489,0.0424528301886792,0.1745283018867924,0.7452830188679245,0.6297169811320755,0.0637654001895404,219
s48,all,never_embedded,eng-zho,stage2,1,0.1061320754716981,0.0471698113207547,0.195754716981132,0.75,0.6438679245283019,0.0847764280175759,219
s48,all,never_embedded,eng-zho,stage2,5,0.1202830188679245,0.0400943396226415,0.179245283018868,0.7594339622641509,0.6391509433962264,0.0749655380373911,219
s48,all,never_embedded,eng-zho,stage2,10,0.1721698113207546,0.080188679245283,0.2358490566037735,0.7830188679245282,0.6108490566037736,0.0881903161885068,219
s48,all,never_embedded,eng-zho,stage3,1,0.125,0.0636792452830188,0.1886792452830188,0.7570754716981132,0.6320754716981132,0.0861225984319805,219
s48,all,never_embedded,eng-zho,stage3,5,0.125,0.0589622641509434,0.2099056603773584,0.7476415094339622,0.6226415094339622,0.0877595416558973,219
s48,all,never_embedded,eng-zho,stage3,10,0.1367924528301887,0.0636792452830189,0.2193396226415094,0.7547169811320755,0.6179245283018868,0.0986150598776601,219
s48,all,never_embedded,nld-eng,stage1,0,0.0,0.0,0.0,0.8762886597938144,0.8762886597938144,0.0,245
s48,all,never_embedded,nld-eng,stage1,1,0.0123711340206186,0.0,0.0536082474226804,0.9608247422680412,0.9484536082474226,0.0467830843677676,245
s48,all,never_embedded,nld-eng,stage1,5,0.0041237113402061,-0.0041237113402062,0.0082474226804124,0.9917525773195875,0.9876288659793816,0.012977067115506,245
s48,all,never_embedded,nld-eng,stage1,10,0.002061855670103,-0.0041237113402061,0.0082474226804124,0.9917525773195875,0.9896907216494846,0.0175131495897326,245
s48,all,never_embedded,nld-eng,stage2,1,0.002061855670103,-0.0061855670103093,0.0061855670103092,0.9917525773195875,0.9896907216494846,0.0145255628024404,245
s48,all,never_embedded,nld-eng,stage2,5,0.0,-0.0041237113402061,0.0041237113402061,0.9938144329896909,0.9938144329896909,0.0207447927624658,245
s48,all,never_embedded,nld-eng,stage2,10,0.0,-0.0041237113402061,0.0041237113402061,0.9938144329896909,0.9938144329896909,0.0200210393435724,245
s48,all,never_embedded,nld-eng,stage3,1,0.002061855670103,-0.002061855670103,0.0061855670103092,0.9958762886597938,0.9938144329896909,0.0174037450031558,245
s48,all,never_embedded,nld-eng,stage3,5,0.002061855670103,-0.002061855670103,0.0041237113402061,0.9958762886597938,0.9938144329896909,0.0146854618135913,245
s48,all,never_embedded,nld-eng,stage3,10,0.002061855670103,-0.002061855670103,0.0041237113402061,0.9958762886597938,0.9938144329896909,0.0201472754050072,245
s48,all,never_embedded,zho-eng,stage1,0,0.0,0.0,0.0,0.6397058823529411,0.6397058823529411,0.0,279
s48,all,never_embedded,zho-eng,stage1,1,0.0882352941176469,0.0018382352941177,0.1378676470588234,0.6599264705882353,0.5716911764705883,0.0486440543959519,279
s48,all,never_embedded,zho-eng,stage1,5,0.1617647058823529,0.1011029411764705,0.2279411764705882,0.8180147058823529,0.65625,0.1115064305292009,279
s48,all,never_embedded,zho-eng,stage1,10,0.1764705882352941,0.1231617647058822,0.2408088235294117,0.8327205882352942,0.65625,0.1237415665190807,279
s48,all,never_embedded,zho-eng,stage2,1,0.1654411764705882,0.093704044117647,0.2352941176470587,0.8161764705882353,0.6507352941176471,0.1380191861690912,279
s48,all,never_embedded,zho-eng,stage2,5,0.1617647058823528,0.1139705882352941,0.2683823529411764,0.8308823529411764,0.6691176470588236,0.1423413451402065,279
s48,all,never_embedded,zho-eng,stage2,10,0.193014705882353,0.1470588235294118,0.2463235294117647,0.8566176470588236,0.6636029411764706,0.1458333333333333,279
s48,all,never_embedded,zho-eng,stage3,1,0.2095588235294118,0.1488970588235294,0.2647518382352939,0.8658088235294118,0.65625,0.1525735294117646,279
s48,all,never_embedded,zho-eng,stage3,5,0.2113970588235294,0.1507352941176469,0.2684283088235291,0.8694852941176471,0.6580882352941176,0.1512096774193548,279
s48,all,never_embedded,zho-eng,stage3,10,0.2169117647058823,0.145220588235294,0.2831341911764703,0.8878676470588235,0.6709558823529411,0.163780834914611,279
s48,balanced,seen_embedded,pooled,stage1,0,0.0,0.0,0.0,0.5731132075471699,0.5731132075471699,0.0,617
s48,balanced,seen_embedded,pooled,stage1,1,0.1355294950841526,0.0943396226415094,0.1737723965227494,0.7053824362606232,0.5698529411764706,0.0771066970823467,617
s48,balanced,seen_embedded,pooled,stage1,5,0.1293701442841287,0.0966981132075472,0.1617700464870975,0.8345588235294118,0.7051886792452831,0.1036485330620885,617
s48,balanced,seen_embedded,pooled,stage1,10,0.1307345360824742,0.1016223293562708,0.1781018881876606,0.8494845360824742,0.71875,0.1223446942521865,617
s48,balanced,seen_embedded,pooled,stage2,1,0.1602805782369605,0.1161457833875171,0.2039679584652557,0.8753541076487252,0.7150735294117647,0.1318877232685859,617
s48,balanced,seen_embedded,pooled,stage2,5,0.1580188679245282,0.1226415094339622,0.2022058823529411,0.8891509433962264,0.7311320754716981,0.1405286581508789,617
s48,balanced,seen_embedded,pooled,stage2,10,0.1808754162042175,0.1326801203235886,0.2140030425100403,0.9025735294117648,0.7216981132075472,0.144809127724127,617
s48,balanced,seen_embedded,pooled,stage3,1,0.1630480022197558,0.1305096286035661,0.2146268836286719,0.8988970588235294,0.7358490566037736,0.1500069271106905,617
s48,balanced,seen_embedded,pooled,stage3,5,0.1630957012254424,0.1303182980027383,0.1926774582512604,0.9033018867924528,0.7402061855670103,0.1463764735056979,617
s48,balanced,seen_embedded,pooled,stage3,10,0.1643312985571586,0.1280743850618443,0.1954928918795905,0.9033018867924528,0.7389705882352942,0.1507195848419932,617
s48,balanced,seen_embedded,eng-nld,stage1,0,0.0,0.0,0.0,0.6926345609065157,0.6926345609065157,0.0,151
s48,balanced,seen_embedded,eng-nld,stage1,1,0.1784702549575071,0.1019830028328612,0.2606232294617564,0.7195467422096318,0.5410764872521246,0.0865054499746731,151
s48,balanced,seen_embedded,eng-nld,stage1,5,0.0609065155807365,0.0042492917847025,0.1006373937677049,0.9050991501416432,0.8441926345609065,0.0624448905314899,151
s48,balanced,seen_embedded,eng-nld,stage1,10,0.0552407932011331,0.0056657223796033,0.1005665722379604,0.913597733711048,0.858356940509915,0.0606907678742283,151
s48,balanced,seen_embedded,eng-nld,stage2,1,0.0481586402266288,0.0056657223796033,0.1104815864022663,0.9320113314447592,0.8838526912181304,0.044265801174418,151
s48,balanced,seen_embedded,eng-nld,stage2,5,0.0325779036827195,0.0028328611898016,0.0878186968838526,0.9405099150141644,0.9079320113314449,0.0365364050803894,151
s48,balanced,seen_embedded,eng-nld,stage2,10,0.036827195467422,-3.541076487251847e-05,0.0821529745042493,0.9504249291784702,0.913597733711048,0.0405136671481906,151
s48,balanced,seen_embedded,eng-nld,stage3,1,0.0453257790368272,0.0084985835694051,0.0878186968838526,0.9461756373937678,0.9008498583569404,0.0478209481642684,151
s48,balanced,seen_embedded,eng-nld,stage3,5,0.0254957507082153,-0.0042492917847025,0.0509915014164306,0.9475920679886686,0.9220963172804532,0.0316586308462937,151
s48,balanced,seen_embedded,eng-nld,stage3,10,0.0212464589235127,-0.0014518413597733,0.0623229461756373,0.9490084985835694,0.9277620396600568,0.0324559593268671,151
s48,balanced,seen_embedded,eng-zho,stage1,0,0.0,0.0,0.0,0.5872641509433962,0.5872641509433962,0.0,150
s48,balanced,seen_embedded,eng-zho,stage1,1,0.1202830188679244,0.0329599056603774,0.2287735849056603,0.6827830188679245,0.5625,0.093238993710692,150
s48,balanced,seen_embedded,eng-zho,stage1,5,0.2028301886792453,0.0943396226415094,0.2724351415094337,0.7806603773584906,0.5778301886792453,0.145691823899371,150
s48,balanced,seen_embedded,eng-zho,stage1,10,0.2629716981132075,0.1497346698113206,0.3101415094339623,0.7959905660377358,0.5330188679245282,0.1649528301886792,150
s48,balanced,seen_embedded,eng-zho,stage2,1,0.2688679245283019,0.1721698113207547,0.3537735849056603,0.8101415094339623,0.5412735849056605,0.2045283018867925,150
s48,balanced,seen_embedded,eng-zho,stage2,5,0.2617924528301886,0.1827830188679245,0.375,0.8290094339622641,0.5672169811320755,0.2061635220125786,150
s48,balanced,seen_embedded,eng-zho,stage2,10,0.3042452830188679,0.2122641509433962,0.386821933962264,0.8349056603773585,0.5306603773584906,0.2223584905660376,150
s48,balanced,seen_embedded,eng-zho,stage3,1,0.2688679245283017,0.1886497641509434,0.3502358490566037,0.803066037735849,0.5341981132075472,0.2174842767295598,150
s48,balanced,seen_embedded,eng-zho,stage3,5,0.2523584905660377,0.1627358490566037,0.3325471698113207,0.7959905660377359,0.5436320754716981,0.2107704402515723,150
s48,balanced,seen_embedded,eng-zho,stage3,10,0.2889150943396227,0.1980837264150943,0.3714622641509434,0.8231132075471699,0.5341981132075472,0.2249685534591196,150
s48,balanced,seen_embedded,nld-eng,stage1,0,0.0,0.0,0.0,0.688659793814433,0.688659793814433,0.0,109
s48,balanced,seen_embedded,nld-eng,stage1,1,0.1051546391752578,0.0123711340206186,0.1999999999999999,0.8969072164948454,0.7917525773195876,0.0571455594438665,109
s48,balanced,seen_embedded,nld-eng,stage1,5,0.0144329896907215,-0.0288659793814433,0.0721649484536082,0.979381443298969,0.9649484536082474,-0.0020996878842335,109
s48,balanced,seen_embedded,nld-eng,stage1,10,0.0123711340206185,-0.0083505154639176,0.0804639175257728,0.9835051546391752,0.9711340206185568,0.019937576846685,109
s48,balanced,seen_embedded,nld-eng,stage2,1,0.0288659793814433,-0.0061855670103093,0.0618556701030927,0.9938144329896909,0.9649484536082474,0.0152652984015888,109
s48,balanced,seen_embedded,nld-eng,stage2,5,0.022680412371134,0.0,0.0639175257731958,0.9938144329896909,0.9711340206185568,0.0276742646363379,109
s48,balanced,seen_embedded,nld-eng,stage2,10,0.0185567010309278,0.0,0.0536082474226804,0.9938144329896909,0.9752577319587628,0.0184242882814713,109
s48,balanced,seen_embedded,nld-eng,stage3,1,0.0206185567010309,0.0,0.068041237113402,0.9958762886597938,0.9752577319587628,0.0248179324694979,109
s48,balanced,seen_embedded,nld-eng,stage3,5,0.0164948453608247,0.0,0.0639175257731958,0.9917525773195875,0.9752577319587628,0.0244963586493898,109
s48,balanced,seen_embedded,nld-eng,stage3,10,0.0144329896907217,0.0,0.0701030927835052,0.9896907216494846,0.9752577319587628,0.0283363283836187,109
s48,balanced,seen_embedded,zho-eng,stage1,0,0.0,0.0,0.0,0.4356617647058823,0.4356617647058823,0.0,207
s48,balanced,seen_embedded,zho-eng,stage1,1,0.1360294117647059,0.0403952205882352,0.1875459558823526,0.6691176470588236,0.5330882352941176,0.0690714691673771,207
s48,balanced,seen_embedded,zho-eng,stage1,5,0.2022058823529412,0.1084099264705881,0.2738970588235294,0.7665441176470589,0.5643382352941176,0.1589229894856493,207
s48,balanced,seen_embedded,zho-eng,stage1,10,0.2279411764705883,0.15625,0.3272058823529411,0.7665441176470589,0.5386029411764706,0.1903683574879229,207
s48,balanced,seen_embedded,zho-eng,stage2,1,0.3014705882352941,0.181985294117647,0.3639705882352941,0.8400735294117647,0.5386029411764706,0.2045769394714409,207
s48,balanced,seen_embedded,zho-eng,stage2,5,0.2941176470588235,0.2279411764705882,0.3658547794117645,0.8345588235294118,0.5404411764705883,0.2282519892014777,207
s48,balanced,seen_embedded,zho-eng,stage2,10,0.3125,0.2371323529411765,0.3658088235294117,0.8455882352941176,0.5330882352941176,0.2312446717817562,207
s48,balanced,seen_embedded,zho-eng,stage3,1,0.3161764705882353,0.25,0.3713235294117646,0.8676470588235294,0.5514705882352942,0.2415725348110259,207
s48,balanced,seen_embedded,zho-eng,stage3,5,0.3290441176470589,0.2591911764705883,0.3841911764705882,0.8786764705882353,0.5496323529411764,0.2475756606990621,207
s48,balanced,seen_embedded,zho-eng,stage3,10,0.3143382352941176,0.2555147058823529,0.3805147058823529,0.8713235294117647,0.5569852941176471,0.2476289428815004,207
s48,balanced,never_embedded,pooled,stage1,0,0.0,0.0,0.0,0.6444759206798867,0.6444759206798867,0.0,617
s48,balanced,never_embedded,pooled,stage1,1,0.0920679886685552,0.0504977108768035,0.1444702780958327,0.7365439093484419,0.6444759206798867,0.0655698018310205,617
s48,balanced,never_embedded,pooled,stage1,5,0.1100860155382907,0.0748929907740284,0.1452205882352941,0.8490566037735849,0.7389705882352942,0.075467657262329,617
s48,balanced,never_embedded,pooled,stage1,10,0.0933802699550074,0.0623258666510908,0.1272331267464305,0.8654390934844193,0.7720588235294118,0.0843861539029003,617
s48,balanced,never_embedded,pooled,stage2,1,0.0911878411158277,0.0630846116842162,0.1286920929845026,0.8577319587628867,0.7665441176470589,0.0906409134102971,617
s48,balanced,never_embedded,pooled,stage2,5,0.1212888457269699,0.0865064942006521,0.1563561249241963,0.8915094339622641,0.7702205882352942,0.0976521917812148,617
s48,balanced,never_embedded,pooled,stage2,10,0.125,0.0840262005271134,0.1580882352941176,0.8970588235294118,0.7720588235294118,0.1006250335698951,617
s48,balanced,never_embedded,pooled,stage3,1,0.1355898230798011,0.0985669055157474,0.1627396177786422,0.910377358490566,0.7747875354107648,0.1043185171778334,617
s48,balanced,never_embedded,pooled,stage3,5,0.1097500486286714,0.0827205882352941,0.1502351809289646,0.909278350515464,0.7995283018867925,0.099422817997599,617
s48,balanced,never_embedded,pooled,stage3,10,0.1303168221963005,0.1033226970033296,0.15625,0.9136029411764706,0.78328611898017,0.1103874959006723,617
s48,balanced,never_embedded,eng-nld,stage1,0,0.0,0.0,0.0,0.6671388101983002,0.6671388101983002,0.0,151
s48,balanced,never_embedded,eng-nld,stage1,1,0.1359773371104815,0.0679886685552408,0.2535410764872521,0.8087818696883853,0.6728045325779037,0.0822749188601018,151
s48,balanced,never_embedded,eng-nld,stage1,5,0.0580736543909348,0.0099150141643059,0.0906515580736543,0.9249291784702548,0.8668555240793201,0.0453070183666959,151
s48,balanced,never_embedded,eng-nld,stage1,10,0.0339943342776204,0.0070821529745043,0.0835694050991501,0.9263456090651558,0.8923512747875354,0.0472675083953998,151
s48,balanced,never_embedded,eng-nld,stage2,1,0.0311614730878186,-0.0169971671388101,0.0637747875354106,0.9249291784702548,0.8937677053824362,0.0323152543008837,151
s48,balanced,never_embedded,eng-nld,stage2,5,0.0424929178470254,0.0056303116147308,0.0637393767705382,0.9504249291784702,0.9079320113314449,0.0358422602855373,151
s48,balanced,never_embedded,eng-nld,stage2,10,0.0325779036827195,0.0113314447592067,0.0679886685552407,0.953257790368272,0.9206798866855525,0.0401665947507643,151
s48,balanced,never_embedded,eng-nld,stage3,1,0.0269121813031162,0.0028328611898016,0.065155807365439,0.9461756373937678,0.9192634560906516,0.040898260885879,151
s48,balanced,never_embedded,eng-nld,stage3,5,0.0198300283286119,-0.0056657223796033,0.0524079320113314,0.9518413597733713,0.9320113314447592,0.0331501041217192,151
s48,balanced,never_embedded,eng-nld,stage3,10,0.0297450424929177,0.0042492917847025,0.0665722379603399,0.9660056657223796,0.9362606232294618,0.0439750107873854,151
s48,balanced,never_embedded,eng-zho,stage1,0,0.0,0.0,0.0,0.5719339622641509,0.5719339622641509,0.0,150
s48,balanced,never_embedded,eng-zho,stage1,1,0.0577830188679244,-0.0047464622641509,0.1450471698113207,0.6816037735849056,0.6238207547169812,0.0569182389937106,150
s48,balanced,never_embedded,eng-zho,stage1,5,0.1120283018867924,0.0330188679245282,0.1827830188679244,0.7240566037735849,0.6120283018867925,0.0644182389937105,150
s48,balanced,never_embedded,eng-zho,stage1,10,0.1108490566037734,0.0353773584905661,0.1969634433962261,0.7393867924528301,0.6285377358490567,0.0725157232704403,150
s48,balanced,never_embedded,eng-zho,stage2,1,0.1379716981132075,0.0495283018867924,0.2370577830188678,0.7558962264150944,0.6179245283018868,0.096635220125786,150
s48,balanced,never_embedded,eng-zho,stage2,5,0.1202830188679245,0.0377358490566037,0.2099056603773584,0.7523584905660378,0.6320754716981132,0.0878616352201258,150
s48,balanced,never_embedded,eng-zho,stage2,10,0.1981132075471698,0.0896226415094338,0.2665094339622641,0.7688679245283019,0.570754716981132,0.0992295597484277,150
s48,balanced,never_embedded,eng-zho,stage3,1,0.1674528301886791,0.0801591981132074,0.2559257075471696,0.7511792452830188,0.5837264150943396,0.1087578616352201,150
s48,balanced,never_embedded,eng-zho,stage3,5,0.1580188679245283,0.0613207547169811,0.2582841981132073,0.741745283018868,0.5837264150943396,0.110125786163522,150
s48,balanced,never_embedded,eng-zho,stage3,10,0.1509433962264151,0.0612912735849055,0.2912735849056604,0.7228773584905661,0.5719339622641509,0.1200943396226416,150
s48,balanced,never_embedded,nld-eng,stage1,0,0.0,0.0,0.0,0.7402061855670103,0.7402061855670103,0.0,109
s48,balanced,never_embedded,nld-eng,stage1,1,0.1298969072164949,0.0226288659793814,0.2021134020618554,0.8969072164948454,0.7670103092783505,0.0694221129291592,109
s48,balanced,never_embedded,nld-eng,stage1,5,-0.0041237113402061,-0.0247422680412371,0.0329896907216494,0.9587628865979382,0.9628865979381444,0.0199564929537501,109
s48,balanced,never_embedded,nld-eng,stage1,10,0.002061855670103,-0.0144329896907215,0.0412371134020618,0.9628865979381444,0.9608247422680412,0.0217724392320057,109
s48,balanced,never_embedded,nld-eng,stage2,1,0.0041237113402061,-0.0082474226804123,0.0371649484536079,0.9752577319587628,0.9711340206185568,0.0204483117374443,109
s48,balanced,never_embedded,nld-eng,stage2,5,0.0123711340206185,-0.002061855670103,0.0288659793814433,0.981443298969072,0.9690721649484536,0.0273716069232949,109
s48,balanced,never_embedded,nld-eng,stage2,10,0.0103092783505154,-0.002061855670103,0.0289175257731956,0.9835051546391752,0.9731958762886598,0.0281471673129668,109
s48,balanced,never_embedded,nld-eng,stage3,1,0.0123711340206185,-0.0061855670103092,0.043298969072165,0.981443298969072,0.9690721649484536,0.0219426841955924,109
s48,balanced,never_embedded,nld-eng,stage3,5,0.0082474226804124,-0.0041237113402061,0.0288659793814433,0.9896907216494846,0.981443298969072,0.0142627447271348,109
s48,balanced,never_embedded,nld-eng,stage3,10,0.0103092783505155,0.0,0.0309278350515463,0.9896907216494846,0.979381443298969,0.0247801002553674,109
s48,balanced,never_embedded,zho-eng,stage1,0,0.0,0.0,0.0,0.6286764705882353,0.6286764705882353,0.0,207
s48,balanced,never_embedded,zho-eng,stage1,1,0.0845588235294116,-0.0073529411764706,0.1544117647058823,0.65625,0.5716911764705883,0.0576246803069052,207
s48,balanced,never_embedded,zho-eng,stage1,5,0.1948529411764706,0.09375,0.2684283088235292,0.8069852941176471,0.6121323529411764,0.1347062375674907,207
s48,balanced,never_embedded,zho-eng,stage1,10,0.21875,0.1286764705882352,0.2922794117647059,0.8327205882352942,0.6139705882352942,0.1530353083262289,207
s48,balanced,never_embedded,zho-eng,stage2,1,0.2150735294117647,0.1396599264705882,0.2904411764705882,0.8198529411764706,0.6047794117647058,0.165805271383916,207
s48,balanced,never_embedded,zho-eng,stage2,5,0.2720588235294118,0.1672334558823529,0.3198988970588232,0.8382352941176471,0.5661764705882353,0.1868428530832622,207
s48,balanced,never_embedded,zho-eng,stage2,10,0.2463235294117647,0.1838235294117647,0.3125,0.8566176470588236,0.6102941176470589,0.1839034526854219,207
s48,balanced,never_embedded,zho-eng,stage3,1,0.2591911764705882,0.1948069852941176,0.3363970588235294,0.8731617647058824,0.6139705882352942,0.19074133276499,207
s48,balanced,never_embedded,zho-eng,stage3,5,0.25,0.1966911764705883,0.3198988970588232,0.8823529411764706,0.6323529411764706,0.1848536516055696,207
s48,balanced,never_embedded,zho-eng,stage3,10,0.2849264705882353,0.1966911764705882,0.3474264705882353,0.8988970588235294,0.6139705882352942,0.1968776641091218,207
s49,all,seen_embedded,pooled,stage1,0,0.0,0.0,0.0,0.6179245283018868,0.6179245283018868,0.0,1102
s49,all,seen_embedded,pooled,stage1,1,0.082204263125957,0.0488577377899896,0.1174965684413422,0.7432752953124165,0.6610710321864595,0.05739682031848,1102
s49,all,seen_embedded,pooled,stage1,5,0.0780382907880133,0.0568947933344871,0.0989392837179627,0.8797169811320755,0.8016786903440621,0.0768866659082793,1102
s49,all,seen_embedded,pooled,stage1,10,0.0884998426800486,0.0683961830338989,0.1064666516811323,0.897462106830992,0.8089622641509434,0.0870852345687182,1102
s49,all,seen_embedded,pooled,stage2,1,0.0850160488189075,0.0642287200855675,0.1050961265475359,0.917649927842215,0.8326338790233074,0.083077816334538,1102
s49,all,seen_embedded,pooled,stage2,5,0.096299482083985,0.0801482189862524,0.1172673750264414,0.936082474226804,0.839782992142819,0.1065080288933298,1102
s49,all,seen_embedded,pooled,stage2,10,0.1037517020035012,0.0872319368593206,0.1257032798818323,0.9443298969072164,0.8405781949037152,0.1069669138643357,1102
s49,all,seen_embedded,pooled,stage3,1,0.1006889476753873,0.0778981559284145,0.1209654714735671,0.9399240751541408,0.8392351274787535,0.098467180451403,1102
s49,all,seen_embedded,pooled,stage3,5,0.0903596876895087,0.0734216766994939,0.1059018723468768,0.9484536082474226,0.8580939205579139,0.1073441376098948,1102
s49,all,seen_embedded,pooled,stage3,10,0.0907946613708711,0.0722403157431032,0.1071546832361281,0.9463917525773196,0.8555970912064484,0.1045340967008098,1102
s49,all,seen_embedded,eng-nld,stage1,0,0.0,0.0,0.0,0.7379603399433428,0.7379603399433428,0.0,359
s49,all,seen_embedded,eng-nld,stage1,1,0.0878186968838525,0.0467067988668555,0.1246458923512747,0.8314447592067988,0.7436260623229463,0.0473221965327042,359
s49,all,seen_embedded,eng-nld,stage1,5,0.0283286118980169,-0.0028328611898017,0.0495750708215297,0.9490084985835694,0.9206798866855525,0.0279182810292991,359
s49,all,seen_embedded,eng-nld,stage1,10,0.0325779036827195,0.0028328611898017,0.0439093484419264,0.9645892351274789,0.9320113314447592,0.0304591760240516,359
s49,all,seen_embedded,eng-nld,stage2,1,0.0042492917847025,-0.0070821529745042,0.0240793201133144,0.9645892351274789,0.9603399433427762,0.0196051354486416,359
s49,all,seen_embedded,eng-nld,stage2,5,0.0099150141643059,0.0,0.0198300283286119,0.9815864022662888,0.971671388101983,0.0341324263969006,359
s49,all,seen_embedded,eng-nld,stage2,10,0.0084985835694051,-0.0014164305949008,0.0311614730878186,0.9787535410764872,0.970254957507082,0.0341758267772455,359
s49,all,seen_embedded,eng-nld,stage3,1,0.0127478753541075,0.0014164305949008,0.0283286118980169,0.9815864022662888,0.9688385269121812,0.0266320515754339,359
s49,all,seen_embedded,eng-nld,stage3,5,0.0099150141643059,0.0,0.0297450424929177,0.9844192634560908,0.9745042492917848,0.0355409660135568,359
s49,all,seen_embedded,eng-nld,stage3,10,0.0070821529745042,-0.0014164305949008,0.0254957507082153,0.9858356940509916,0.9787535410764872,0.0304355030893179,359
s49,all,seen_embedded,eng-zho,stage1,0,0.0,0.0,0.0,0.5825471698113207,0.5825471698113207,0.0,219
s49,all,seen_embedded,eng-zho,stage1,1,0.1014150943396227,0.0235849056603772,0.1674528301886791,0.6415094339622642,0.5400943396226415,0.0701085551822178,219
s49,all,seen_embedded,eng-zho,stage1,5,0.1698113207547169,0.0849056603773584,0.2358490566037735,0.7476415094339622,0.5778301886792453,0.1376755406220383,219
s49,all,seen_embedded,eng-zho,stage1,10,0.1627358490566038,0.1014150943396227,0.2452830188679245,0.7712264150943396,0.6084905660377358,0.1542711294908244,219
s49,all,seen_embedded,eng-zho,stage2,1,0.1768867924528302,0.1297169811320754,0.2405660377358489,0.7735849056603774,0.5966981132075472,0.1677866804514517,219
s49,all,seen_embedded,eng-zho,stage2,5,0.2264150943396226,0.1674528301886793,0.2759433962264151,0.8183962264150944,0.5919811320754718,0.1952485569053157,219
s49,all,seen_embedded,eng-zho,stage2,10,0.2382075471698114,0.1556603773584904,0.2948113207547169,0.8278301886792453,0.5896226415094339,0.1925885241664512,219
s49,all,seen_embedded,eng-zho,stage3,1,0.2028301886792451,0.1438679245283018,0.2830188679245282,0.8136792452830188,0.6108490566037736,0.1802252950805547,219
s49,all,seen_embedded,eng-zho,stage3,5,0.2311320754716981,0.1721698113207547,0.2783018867924528,0.8419811320754718,0.6108490566037736,0.1902408029637288,219
s49,all,seen_embedded,eng-zho,stage3,10,0.2028301886792453,0.1462264150943396,0.2783018867924528,0.8301886792452831,0.6273584905660378,0.1803329887137073,219
s49,all,seen_embedded,nld-eng,stage1,0,0.0,0.0,0.0,0.8082474226804124,0.8082474226804124,0.0,245
s49,all,seen_embedded,nld-eng,stage1,1,0.0639175257731958,0.0206185567010308,0.136082474226804,0.931958762886598,0.8680412371134021,0.0482474226804123,245
s49,all,seen_embedded,nld-eng,stage1,5,0.0061855670103092,-0.002061855670103,0.0515463917525772,0.9917525773195875,0.9855670103092784,0.0252640437618346,245
s49,all,seen_embedded,nld-eng,stage1,10,0.0144329896907217,0.002061855670103,0.0474742268041234,0.9938144329896909,0.979381443298969,0.031390700610141,245
s49,all,seen_embedded,nld-eng,stage2,1,0.0103092783505154,0.002061855670103,0.0309278350515463,0.9958762886597938,0.9855670103092784,0.0234462444771722,245
s49,all,seen_embedded,nld-eng,stage2,5,0.0082474226804123,0.002061855670103,0.0371134020618556,0.9958762886597938,0.9876288659793816,0.0317694087944457,245
s49,all,seen_embedded,nld-eng,stage2,10,0.0082474226804123,0.002061855670103,0.0350515463917526,0.9958762886597938,0.9876288659793816,0.031390700610141,245
s49,all,seen_embedded,nld-eng,stage3,1,0.0103092783505154,0.002061855670103,0.0268041237113402,0.9979381443298968,0.9876288659793816,0.0224447717231222,245
s49,all,seen_embedded,nld-eng,stage3,5,0.0082474226804123,0.0,0.0329896907216494,0.9979381443298968,0.9896907216494846,0.0282937092362719,245
s49,all,seen_embedded,nld-eng,stage3,10,0.0082474226804123,0.002061855670103,0.0268041237113402,0.9979381443298968,0.9896907216494846,0.0292531033031768,245
s49,all,seen_embedded,zho-eng,stage1,0,0.0,0.0,0.0,0.4448529411764705,0.4448529411764705,0.0,279
s49,all,seen_embedded,zho-eng,stage1,1,0.0919117647058824,0.0128676470588235,0.1544117647058823,0.6415441176470589,0.5496323529411764,0.0684166139574108,279
s49,all,seen_embedded,zho-eng,stage1,5,0.1709558823529412,0.0753676470588234,0.248207720588235,0.7720588235294118,0.6011029411764706,0.1375118595825426,279
s49,all,seen_embedded,zho-eng,stage1,10,0.1525735294117646,0.09375,0.2371783088235292,0.7904411764705882,0.6378676470588236,0.1561182268606368,279
s49,all,seen_embedded,zho-eng,stage2,1,0.1580882352941177,0.0863970588235294,0.2297794117647058,0.8327205882352942,0.6746323529411764,0.1506232869491883,279
s49,all,seen_embedded,zho-eng,stage2,5,0.2297794117647058,0.1691176470588236,0.2830882352941176,0.8713235294117647,0.6415441176470589,0.1956106367278094,279
s49,all,seen_embedded,zho-eng,stage2,10,0.2242647058823529,0.1801470588235294,0.2868106617647057,0.875,0.6507352941176471,0.1997878452456251,279
s49,all,seen_embedded,zho-eng,stage3,1,0.2316176470588234,0.1709558823529411,0.2941176470588236,0.8805147058823529,0.6488970588235294,0.1934825005270926,279
s49,all,seen_embedded,zho-eng,stage3,5,0.2536764705882353,0.1856617647058822,0.3033088235294118,0.8860294117647058,0.6323529411764706,0.2040836495888678,279
s49,all,seen_embedded,zho-eng,stage3,10,0.2261029411764705,0.1966911764705882,0.3106617647058823,0.8841911764705882,0.6580882352941176,0.2064885093822475,279
s49,all,never_embedded,pooled,stage1,0,0.0,0.0,0.0,0.6840491207440269,0.6840491207440269,0.0,1102
s49,all,never_embedded,pooled,stage1,1,0.0409218494341911,0.0159257974496389,0.0604582786439729,0.7746600998890123,0.7337382504548211,0.0261295515255082,1102
s49,all,never_embedded,pooled,stage1,5,0.0569690928327416,0.0398959390822246,0.0810224633740045,0.8919476962172972,0.8349786033845555,0.0467965569235885,1102
s49,all,never_embedded,pooled,stage1,10,0.0618915371922549,0.0454247503282172,0.0845366510006064,0.9051546391752576,0.8432631019830028,0.0547321211453184,1102
s49,all,never_embedded,pooled,stage2,1,0.0548923304003569,0.0393239539772004,0.0731132075471697,0.9154639175257732,0.8605715871254163,0.0563497511361313,1102
s49,all,never_embedded,pooled,stage2,5,0.0775981210873205,0.0630032560348618,0.0955959384127802,0.945754716981132,0.8681565958938116,0.0719048993916701,1102
s49,all,never_embedded,pooled,stage2,10,0.0803858399029714,0.0639788206293569,0.0954082338478179,0.9443298969072164,0.863944057004245,0.0753159569530694,1102
s49,all,never_embedded,pooled,stage3,1,0.0703372354607565,0.0540492983509102,0.088235294117647,0.9431787410431596,0.8728415055824029,0.0722593371392708,1102
s49,all,never_embedded,pooled,stage3,5,0.0740496670366259,0.0572623189963622,0.0935160767230619,0.9448529411764706,0.8708032741398446,0.0766100309807945,1102
s49,all,never_embedded,pooled,stage3,10,0.0729590960468853,0.0593023381690931,0.0901656622481159,0.9504716981132076,0.8775126020663222,0.0749076168239769,1102
s49,all,never_embedded,eng-nld,stage1,0,0.0,0.0,0.0,0.8116147308781869,0.8116147308781869,0.0,359
s49,all,never_embedded,eng-nld,stage1,1,0.0566572237960339,0.0141643059490085,0.0892351274787535,0.8824362606232294,0.8257790368271954,0.032143899879268,359
s49,all,never_embedded,eng-nld,stage1,5,0.0070821529745043,-0.0028328611898017,0.0226628895184135,0.973087818696884,0.9660056657223796,0.0141682514381308,359
s49,all,never_embedded,eng-nld,stage1,10,0.0056657223796034,-0.0028328611898016,0.0226628895184135,0.9773371104815864,0.971671388101983,0.0216922991943311,359
s49,all,never_embedded,eng-nld,stage2,1,0.0070821529745042,-0.0028328611898017,0.0141643059490085,0.9815864022662888,0.9745042492917848,0.0130122231253007,359
s49,all,never_embedded,eng-nld,stage2,5,0.0113314447592067,0.0014164305949008,0.0226628895184136,0.9886685552407932,0.9773371104815864,0.0254484048387478,359
s49,all,never_embedded,eng-nld,stage2,10,0.0127478753541075,0.0014164305949008,0.0226628895184135,0.990084985835694,0.9773371104815864,0.0301790462963693,359
s49,all,never_embedded,eng-nld,stage3,1,0.0099150141643059,0.0028328611898017,0.0212464589235127,0.9886685552407932,0.9787535410764872,0.0279498449422774,359
s49,all,never_embedded,eng-nld,stage3,5,0.0099150141643059,0.0028328611898017,0.0169971671388102,0.9915014164305948,0.9815864022662888,0.0346650674284091,359
s49,all,never_embedded,eng-nld,stage3,10,0.0056657223796033,0.0,0.0141643059490085,0.9915014164305948,0.9858356940509916,0.0296227323301269,359
s49,all,never_embedded,eng-zho,stage1,0,0.0,0.0,0.0,0.5212264150943396,0.5212264150943396,0.0,219
s49,all,never_embedded,eng-zho,stage1,1,0.0330188679245282,-0.0400943396226415,0.0919811320754716,0.6320754716981132,0.5990566037735849,0.027278797277505,219
s49,all,never_embedded,eng-zho,stage1,5,0.0589622641509433,0.0022995283018867,0.1014150943396225,0.7452830188679245,0.6863207547169812,0.045791332816404,219
s49,all,never_embedded,eng-zho,stage1,10,0.0589622641509435,0.0165094339622642,0.1273584905660376,0.7358490566037736,0.6768867924528301,0.0558068406995776,219
s49,all,never_embedded,eng-zho,stage2,1,0.1202830188679244,0.0471698113207547,0.186320754716981,0.7806603773584906,0.6603773584905661,0.0677500646161799,219
s49,all,never_embedded,eng-zho,stage2,5,0.115566037735849,0.0541863207547168,0.1886792452830188,0.7900943396226415,0.6745283018867925,0.1014366330662531,219
s49,all,never_embedded,eng-zho,stage2,10,0.1179245283018867,0.0636202830188678,0.186320754716981,0.7830188679245282,0.6650943396226415,0.1015658654260357,219
s49,all,never_embedded,eng-zho,stage3,1,0.1273584905660376,0.0778301886792453,0.1886792452830188,0.7877358490566038,0.6603773584905661,0.0978719738089085,219
s49,all,never_embedded,eng-zho,stage3,5,0.1462264150943395,0.0895636792452829,0.2146816037735846,0.7877358490566038,0.6415094339622642,0.1101167398983371,219
s49,all,never_embedded,eng-zho,stage3,10,0.1485849056603774,0.0872051886792451,0.2075471698113207,0.7995283018867925,0.6509433962264151,0.1123567674679073,219
s49,all,never_embedded,nld-eng,stage1,0,0.0,0.0,0.0,0.8680412371134021,0.8680412371134021,0.0,245
s49,all,never_embedded,nld-eng,stage1,1,0.022680412371134,-0.0082474226804124,0.047422680412371,0.9608247422680412,0.9381443298969072,0.0200547022932885,245
s49,all,never_embedded,nld-eng,stage1,5,0.0041237113402061,-0.002061855670103,0.0164948453608247,0.9896907216494846,0.9855670103092784,0.0145676414895855,245
s49,all,never_embedded,nld-eng,stage1,10,0.0041237113402061,-0.002061855670103,0.0123711340206186,0.9917525773195875,0.9876288659793816,0.0195245108352618,245
s49,all,never_embedded,nld-eng,stage2,1,0.0041237113402061,0.0,0.0123711340206186,0.9938144329896909,0.9896907216494846,0.0231264464548706,245
s49,all,never_embedded,nld-eng,stage2,5,0.002061855670103,0.0,0.0103092783505154,0.9938144329896909,0.9917525773195875,0.0263160109404585,245
s49,all,never_embedded,nld-eng,stage2,10,0.0041237113402061,0.0,0.0082474226804123,0.9958762886597938,0.9917525773195875,0.0288491479065854,245
s49,all,never_embedded,nld-eng,stage3,1,0.0041237113402061,0.0,0.0103092783505155,0.9958762886597938,0.9917525773195875,0.0234546602146012,245
s49,all,never_embedded,nld-eng,stage3,5,0.002061855670103,-0.002061855670103,0.0082474226804123,0.9958762886597938,0.9938144329896909,0.0217210183042287,245
s49,all,never_embedded,nld-eng,stage3,10,0.002061855670103,0.0,0.0061855670103092,0.9958762886597938,0.9938144329896909,0.0234714916894591,245
s49,all,never_embedded,zho-eng,stage1,0,0.0,0.0,0.0,0.6084558823529411,0.6084558823529411,0.0,279
s49,all,never_embedded,zho-eng,stage1,1,0.0018382352941176,-0.0643382352941177,0.0863970588235294,0.6323529411764706,0.6305147058823529,0.0228231077377186,279
s49,all,never_embedded,zho-eng,stage1,5,0.1488970588235294,0.0955882352941176,0.2279411764705882,0.7757352941176471,0.6268382352941176,0.1178710731604469,279
s49,all,never_embedded,zho-eng,stage1,10,0.1875,0.1268382352941176,0.2371323529411765,0.8161764705882353,0.6286764705882353,0.1273192072527936,279
s49,all,never_embedded,zho-eng,stage2,1,0.1838235294117646,0.1194852941176469,0.2408088235294118,0.8216911764705882,0.6378676470588236,0.1323397638625342,279
s49,all,never_embedded,zho-eng,stage2,5,0.2224264705882352,0.145220588235294,0.2702205882352941,0.8419117647058824,0.6194852941176471,0.1485346826902802,279
s49,all,never_embedded,zho-eng,stage2,10,0.244485294117647,0.1525735294117647,0.2922794117647058,0.8492647058823529,0.6047794117647058,0.1535947712418299,279
s49,all,never_embedded,zho-eng,stage3,1,0.2371323529411764,0.1672794117647058,0.2830882352941175,0.8584558823529411,0.6213235294117647,0.1520266708834071,279
s49,all,never_embedded,zho-eng,stage3,5,0.2040441176470587,0.1488970588235294,0.2794117647058823,0.8694852941176471,0.6654411764705883,0.1524812882142106,279
s49,all,never_embedded,zho-eng,stage3,10,0.2077205882352941,0.1433363970588234,0.2720588235294118,0.8694852941176471,0.6617647058823529,0.1489497680792747,279
s49,balanced,seen_embedded,pooled,stage1,0,0.0,0.0,0.0,0.5448113207547169,0.5448113207547169,0.0,617
s49,balanced,seen_embedded,pooled,stage1,1,0.098268213159442,0.0556326304106548,0.1487601816280879,0.6643059490084986,0.5660377358490566,0.0762460682083916,617
s49,balanced,seen_embedded,pooled,stage1,5,0.1280018192844148,0.0872475903778161,0.1682360428136191,0.8412371134020619,0.7132352941176471,0.1081422827311734,617
s49,balanced,seen_embedded,pooled,stage1,10,0.1541689789123196,0.1231617647058823,0.1830349889601732,0.8655660377358491,0.7113970588235294,0.1248652883524529,617
s49,balanced,seen_embedded,pooled,stage2,1,0.1415094339622642,0.1029411764705883,0.1678693633648751,0.8797169811320755,0.7382075471698113,0.1178034420789772,617
s49,balanced,seen_embedded,pooled,stage2,5,0.1758925595734044,0.1358421567120888,0.2115854094089663,0.9093484419263456,0.7334558823529411,0.1452699198640346,617
s49,balanced,seen_embedded,pooled,stage2,10,0.1817844147968464,0.1433823529411764,0.2113970588235294,0.91340206185567,0.7316176470588236,0.1460509330536229,617
s49,balanced,seen_embedded,pooled,stage3,1,0.1583933086948065,0.131489152849525,0.1850159741610124,0.9150943396226416,0.756701030927835,0.1332285902684152,617
s49,balanced,seen_embedded,pooled,stage3,5,0.1717122747583306,0.1274111197378405,0.2004082659576513,0.9195876288659792,0.7478753541076487,0.1426349108252109,617
s49,balanced,seen_embedded,pooled,stage3,10,0.1562310491206792,0.1165490781605127,0.1975545742376269,0.9191176470588236,0.7628865979381443,0.1371099435342146,617
s49,balanced,seen_embedded,eng-nld,stage1,0,0.0,0.0,0.0,0.6827195467422096,0.6827195467422096,0.0,151
s49,balanced,seen_embedded,eng-nld,stage1,1,0.1246458923512747,0.0495750708215296,0.208215297450425,0.6572237960339944,0.5325779036827196,0.0700148209294033,151
s49,balanced,seen_embedded,eng-nld,stage1,5,0.0538243626062323,0.0127478753541077,0.0779036827195468,0.8852691218130312,0.8314447592067988,0.0580455133857381,151
s49,balanced,seen_embedded,eng-nld,stage1,10,0.036827195467422,0.0084985835694051,0.0949362606232293,0.8980169971671388,0.8611898016997167,0.0620321557886049,151
s49,balanced,seen_embedded,eng-nld,stage2,1,0.0198300283286119,-0.0084985835694051,0.0694050991501415,0.9206798866855525,0.9008498583569404,0.0478959908447929,151
s49,balanced,seen_embedded,eng-nld,stage2,5,0.0311614730878186,0.0056303116147308,0.0609065155807365,0.9504249291784702,0.9192634560906516,0.0614224340093427,151
s49,balanced,seen_embedded,eng-nld,stage2,10,0.0354107648725212,0.0113314447592067,0.0708569405099148,0.9575070821529744,0.9220963172804532,0.0609909385963264,151
s49,balanced,seen_embedded,eng-nld,stage3,1,0.0396600566572237,0.0113314447592067,0.0679886685552407,0.9546742209631728,0.9150141643059492,0.0479053711798584,151
s49,balanced,seen_embedded,eng-nld,stage3,5,0.046742209631728,0.0155453257790368,0.0666076487252122,0.9645892351274789,0.9178470254957508,0.0563476727388703,151
s49,balanced,seen_embedded,eng-nld,stage3,10,0.036827195467422,0.0084985835694051,0.0637393767705382,0.9660056657223796,0.9291784702549576,0.0444065062004015,151
s49,balanced,seen_embedded,eng-zho,stage1,0,0.0,0.0,0.0,0.6120283018867925,0.6120283018867925,0.0,150
s49,balanced,seen_embedded,eng-zho,stage1,1,0.1438679245283019,0.0506780660377358,0.2311320754716982,0.6426886792452831,0.4988207547169811,0.1069811320754717,150
s49,balanced,seen_embedded,eng-zho,stage1,5,0.2169811320754717,0.1191037735849056,0.2948113207547169,0.7617924528301887,0.5448113207547169,0.1693081761006291,150
s49,balanced,seen_embedded,eng-zho,stage1,10,0.2299528301886793,0.1474056603773584,0.2901238207547168,0.7818396226415094,0.5518867924528301,0.1885849056603774,150
s49,balanced,seen_embedded,eng-zho,stage2,1,0.2099056603773585,0.1403301886792453,0.2841981132075472,0.7924528301886793,0.5825471698113207,0.1860062893081761,150
s49,balanced,seen_embedded,eng-zho,stage2,5,0.2476415094339622,0.1745283018867924,0.2984080188679243,0.8278301886792453,0.5801886792452831,0.2105188679245281,150
s49,balanced,seen_embedded,eng-zho,stage2,10,0.2676886792452829,0.1733490566037736,0.3242924528301886,0.8466981132075472,0.5790094339622642,0.2083333333333332,150
s49,balanced,seen_embedded,eng-zho,stage3,1,0.2134433962264151,0.1438679245283018,0.3042452830188679,0.8172169811320755,0.6037735849056604,0.1877358490566036,150
s49,balanced,seen_embedded,eng-zho,stage3,5,0.2299528301886793,0.1674528301886793,0.3160377358490566,0.8360849056603774,0.6061320754716981,0.1993553459119497,150
s49,balanced,seen_embedded,eng-zho,stage3,10,0.2016509433962263,0.1462264150943397,0.320754716981132,0.8254716981132075,0.6238207547169812,0.184874213836478,150
s49,balanced,seen_embedded,nld-eng,stage1,0,0.0,0.0,0.0,0.5587628865979382,0.5587628865979382,0.0,109
s49,balanced,seen_embedded,nld-eng,stage1,1,0.1298969072164949,0.0288144329896906,0.222680412371134,0.8989690721649485,0.7690721649484535,0.0394779154450013,109
s49,balanced,seen_embedded,nld-eng,stage1,5,0.0453608247422679,-0.0082474226804123,0.0989690721649484,0.9731958762886598,0.9278350515463918,0.0241180365080867,109
s49,balanced,seen_embedded,nld-eng,stage1,10,0.0577319587628865,0.0,0.0948453608247422,0.9835051546391752,0.9257731958762888,0.0349380497493617,109
s49,balanced,seen_embedded,nld-eng,stage2,1,0.0309278350515463,0.002061855670103,0.0886597938144329,0.9855670103092784,0.954639175257732,0.0331221034711055,109
s49,balanced,seen_embedded,nld-eng,stage2,5,0.0329896907216494,0.002061855670103,0.0783505154639175,0.9876288659793816,0.954639175257732,0.0396103281944574,109
s49,balanced,seen_embedded,nld-eng,stage2,10,0.0350515463917525,0.0041237113402061,0.0887113402061853,0.9938144329896909,0.9587628865979382,0.0378889624515271,109
s49,balanced,seen_embedded,nld-eng,stage3,1,0.0371134020618556,0.002061855670103,0.0742268041237114,0.9917525773195875,0.954639175257732,0.0266717109618839,109
s49,balanced,seen_embedded,nld-eng,stage3,5,0.0453608247422681,0.002061855670103,0.0639690721649481,0.9958762886597938,0.9505154639175256,0.033292348434692,109
s49,balanced,seen_embedded,nld-eng,stage3,10,0.0288659793814433,0.002061855670103,0.0639175257731958,0.9938144329896909,0.9649484536082474,0.0354866168542514,109
s49,balanced,seen_embedded,zho-eng,stage1,0,0.0,0.0,0.0,0.4338235294117647,0.4338235294117647,0.0,207
s49,balanced,seen_embedded,zho-eng,stage1,1,0.1029411764705882,-0.0018382352941176,0.1838694852941175,0.6544117647058824,0.5514705882352942,0.0778807899971582,207
s49,balanced,seen_embedded,zho-eng,stage1,5,0.2095588235294118,0.1084558823529411,0.2867647058823529,0.7775735294117647,0.5680147058823529,0.1446078431372548,207
s49,balanced,seen_embedded,zho-eng,stage1,10,0.1930147058823529,0.1268382352941177,0.2996323529411764,0.8106617647058824,0.6176470588235294,0.1718794401818697,207
s49,balanced,seen_embedded,zho-eng,stage2,1,0.2040441176470588,0.0955882352941177,0.255514705882353,0.8345588235294118,0.6305147058823529,0.1639670360897982,207
s49,balanced,seen_embedded,zho-eng,stage2,5,0.2628676470588235,0.2022058823529411,0.321737132352941,0.8768382352941176,0.6139705882352942,0.2147893577720943,207
s49,balanced,seen_embedded,zho-eng,stage2,10,0.25,0.2040441176470588,0.3419117647058823,0.8805147058823529,0.6305147058823529,0.2199222080136402,207
s49,balanced,seen_embedded,zho-eng,stage3,1,0.2738970588235294,0.2003676470588234,0.3419117647058822,0.8860294117647058,0.6121323529411764,0.2120808468314862,207
s49,balanced,seen_embedded,zho-eng,stage3,5,0.2849264705882353,0.2113970588235294,0.3419117647058823,0.8952205882352942,0.6102941176470589,0.222053495311168,207
s49,balanced,seen_embedded,zho-eng,stage3,10,0.2867647058823528,0.2095128676470587,0.3493106617647056,0.8897058823529411,0.6029411764705883,0.2236342000568344,207
s49,balanced,never_embedded,pooled,stage1,0,0.0,0.0,0.0,0.6189801699716714,0.6189801699716714,0.0,617
s49,balanced,never_embedded,pooled,stage1,1,0.0594900849858357,0.0205122062989501,0.1013611665732233,0.6912181303116147,0.631728045325779,0.0451158264442775,617
s49,balanced,never_embedded,pooled,stage1,5,0.090844309453579,0.0550064523444206,0.1152593562048077,0.8413597733711048,0.7505154639175258,0.0668231438829163,617
s49,balanced,never_embedded,pooled,stage1,10,0.1003399001109877,0.0688799861061055,0.1353724956234194,0.8621323529411764,0.7617924528301887,0.0791575169909959,617
s49,balanced,never_embedded,pooled,stage2,1,0.1026637069922308,0.069685211662836,0.1367991341065796,0.8820754716981132,0.7794117647058824,0.080943189091369,617
s49,balanced,never_embedded,pooled,stage2,5,0.1209578277834197,0.088380059200039,0.1607473011087336,0.9056603773584906,0.7847025495750708,0.1039237341745709,617
s49,balanced,never_embedded,pooled,stage2,10,0.1341859690051657,0.1032678467224276,0.1713885686898095,0.913597733711048,0.7794117647058824,0.1079927473038294,617
s49,balanced,never_embedded,pooled,stage3,1,0.130467838693551,0.1010081867798665,0.1564234184239734,0.9080882352941176,0.7776203966005666,0.0996324501590003,617
s49,balanced,never_embedded,pooled,stage3,5,0.1317749125145808,0.0982648725212465,0.1599540691977567,0.9093484419263456,0.7775735294117647,0.1073431655939467,617
s49,balanced,never_embedded,pooled,stage3,10,0.125,0.0991814637422973,0.1501452121383857,0.9154411764705882,0.7904411764705882,0.105766736272454,617
s49,balanced,never_embedded,eng-nld,stage1,0,0.0,0.0,0.0,0.6968838526912181,0.6968838526912181,0.0,151
s49,balanced,never_embedded,eng-nld,stage1,1,0.121813031161473,0.0353753541076487,0.168555240793201,0.7634560906515581,0.641643059490085,0.0580548937208036,151
s49,balanced,never_embedded,eng-nld,stage1,5,0.0481586402266288,-0.0042492917847025,0.0779036827195467,0.9249291784702548,0.876770538243626,0.0207493011650375,151
s49,balanced,never_embedded,eng-nld,stage1,10,0.046742209631728,0.0169971671388101,0.0892351274787536,0.9320113314447592,0.8852691218130312,0.0323527756411459,151
s49,balanced,never_embedded,eng-nld,stage2,1,0.0453257790368272,0.0070821529745043,0.0906515580736543,0.943342776203966,0.8980169971671388,0.0255332720484775,151
s49,balanced,never_embedded,eng-nld,stage2,5,0.0481586402266288,0.0212110481586402,0.0751062322946174,0.9560906515580736,0.9079320113314449,0.0405511884884528,151
s49,balanced,never_embedded,eng-nld,stage2,10,0.0396600566572238,0.0169971671388101,0.0708569405099148,0.9490084985835694,0.9093484419263456,0.0485150929591204,151
s49,balanced,never_embedded,eng-nld,stage3,1,0.0424929178470254,0.0042492917847025,0.0637393767705382,0.9475920679886686,0.9050991501416432,0.0426054818678123,151
s49,balanced,never_embedded,eng-nld,stage3,5,0.0311614730878186,0.0056657223796034,0.077939093484419,0.963172804532578,0.9320113314447592,0.0461512485225972,151
s49,balanced,never_embedded,eng-nld,stage3,10,0.0240793201133143,0.008498583569405,0.0764872521246459,0.9660056657223796,0.9419263456090652,0.0399789880494529,151
s49,balanced,never_embedded,eng-zho,stage1,0,0.0,0.0,0.0,0.5919811320754716,0.5919811320754716,0.0,150
s49,balanced,never_embedded,eng-zho,stage1,1,0.0507075471698112,-0.0342275943396226,0.127387971698113,0.6556603773584906,0.6049528301886793,0.0419182389937107,150
s49,balanced,never_embedded,eng-zho,stage1,5,0.0707547169811321,-0.0118219339622641,0.1297169811320754,0.7441037735849056,0.6733490566037735,0.0551572327044025,150
s49,balanced,never_embedded,eng-zho,stage1,10,0.0518867924528302,0.0011497641509434,0.1403301886792453,0.7358490566037736,0.6839622641509434,0.0658805031446541,150
s49,balanced,never_embedded,eng-zho,stage2,1,0.1273584905660377,0.0353773584905661,0.2099056603773584,0.7912735849056604,0.6639150943396226,0.0775,150
s49,balanced,never_embedded,eng-zho,stage2,5,0.1273584905660376,0.0612912735849055,0.2358490566037735,0.7948113207547169,0.6674528301886793,0.1224999999999998,150
s49,balanced,never_embedded,eng-zho,stage2,10,0.1297169811320755,0.0589622641509435,0.221698113207547,0.7877358490566038,0.6580188679245282,0.1197641509433963,150
s49,balanced,never_embedded,eng-zho,stage3,1,0.1391509433962263,0.0695459905660377,0.2134433962264151,0.785377358490566,0.6462264150943396,0.1130503144654088,150
s49,balanced,never_embedded,eng-zho,stage3,5,0.1485849056603774,0.0825471698113207,0.2370577830188678,0.7688679245283019,0.6202830188679245,0.1278144654088051,150
s49,balanced,never_embedded,eng-zho,stage3,10,0.1356132075471698,0.0837264150943396,0.2311320754716981,0.7676886792452831,0.6320754716981132,0.1323427672955976,150
s49,balanced,never_embedded,nld-eng,stage1,0,0.0,0.0,0.0,0.6701030927835052,0.6701030927835052,0.0,109
s49,balanced,never_embedded,nld-eng,stage1,1,0.0804123711340205,-0.008298969072165,0.1381958762886595,0.8845360824742268,0.8041237113402062,0.0450392509221604,109
s49,balanced,never_embedded,nld-eng,stage1,5,0.0041237113402061,-0.0144329896907217,0.0371134020618556,0.9670103092783504,0.9628865979381444,0.0251584223966708,109
s49,balanced,never_embedded,nld-eng,stage1,10,0.0041237113402061,-0.008298969072165,0.0329896907216494,0.9711340206185568,0.9670103092783504,0.0310413316939375,109
s49,balanced,never_embedded,nld-eng,stage2,1,0.0061855670103092,-0.0041752577319587,0.0371134020618556,0.9752577319587628,0.9690721649484536,0.0373214792395724,109
s49,balanced,never_embedded,nld-eng,stage2,5,0.0185567010309278,0.002061855670103,0.047422680412371,0.9876288659793816,0.9690721649484536,0.0366594154922917,109
s49,balanced,never_embedded,nld-eng,stage2,10,0.0123711340206186,-0.002061855670103,0.0412371134020619,0.9876288659793816,0.9752577319587628,0.0391185094107634,109
s49,balanced,never_embedded,nld-eng,stage3,1,0.0164948453608247,0.002061855670103,0.0494845360824742,0.9896907216494846,0.9731958762886598,0.0268608720325358,109
s49,balanced,never_embedded,nld-eng,stage3,5,0.0123711340206186,0.002061855670103,0.0432989690721649,0.9896907216494846,0.977319587628866,0.0271824458526432,109
s49,balanced,never_embedded,nld-eng,stage3,10,0.0144329896907217,0.002061855670103,0.0433505154639173,0.9917525773195875,0.977319587628866,0.0278634257069892,109
s49,balanced,never_embedded,zho-eng,stage1,0,0.0,0.0,0.0,0.59375,0.59375,0.0,207
s49,balanced,never_embedded,zho-eng,stage1,1,0.0330882352941176,-0.0349264705882352,0.1231617647058822,0.6231617647058824,0.5900735294117647,0.0380345978971299,207
s49,balanced,never_embedded,zho-eng,stage1,5,0.1525735294117647,0.1084558823529411,0.2536764705882353,0.7628676470588236,0.6102941176470589,0.1308255186132424,207
s49,balanced,never_embedded,zho-eng,stage1,10,0.21875,0.1525275735294116,0.2757352941176471,0.8143382352941176,0.5955882352941176,0.1482576726342712,207
s49,balanced,never_embedded,zho-eng,stage2,1,0.1948529411764705,0.1415441176470587,0.2628676470588235,0.8143382352941176,0.6194852941176471,0.1468279340721796,207
s49,balanced,never_embedded,zho-eng,stage2,5,0.2536764705882353,0.1709558823529411,0.3253676470588235,0.8419117647058824,0.5882352941176471,0.172110329639102,207
s49,balanced,never_embedded,zho-eng,stage2,10,0.2702205882352941,0.1838235294117647,0.3308823529411765,0.8511029411764706,0.5808823529411764,0.1791169366297245,207
s49,balanced,never_embedded,zho-eng,stage3,1,0.2555147058823528,0.1930147058823528,0.3069852941176471,0.8584558823529411,0.6029411764705883,0.1698280761579994,207
s49,balanced,never_embedded,zho-eng,stage3,5,0.2794117647058823,0.1801011029411764,0.3235294117647059,0.8694852941176471,0.5900735294117647,0.1793567064506961,207
s49,balanced,never_embedded,zho-eng,stage3,10,0.2610294117647058,0.1856617647058823,0.3290441176470587,0.8639705882352942,0.6029411764705883,0.1755203893151463,207
