model,group,seed,layer,pair,retrieval_p1,retrieval_p1_nn,cos_gap,cka,centroid_dist,median_pct_rank,mean_pct_rank,mrr,retrieval_p5,median_rank
word,switched,42,0,eng-nld,0.4112337011033099,0.2211634904714142,0.073882520198822,0.6539612412452698,0.5566210150718689,0.997991967871486,0.9542996459257288,0.4910767279119395,0.5767301905717152,3.0
word,switched,42,0,eng-zho,0.0441323971915747,0.0235707121364092,0.0387631952762603,0.5164987444877625,0.9333837032318116,0.8865461847389559,0.8101301897660854,0.0827634660315885,0.1023069207622868,114.0
word,switched,42,0,nld-zho,0.0456369107321965,0.0235707121364092,0.0377349555492401,0.5000454783439636,0.9535934925079346,0.8634538152610441,0.7852664418959691,0.0807952066610485,0.0987963891675025,137.0
word,switched,42,1,eng-nld,0.7668004012036108,0.5260782347041123,0.083220362663269,0.6657410264015198,0.3766384124755859,1.0,0.994423028120506,0.8244539282310469,0.8901705115346038,1.0
word,switched,42,1,eng-zho,0.2647943831494483,0.1208625877632898,0.0526159405708313,0.5590965151786804,0.5036571025848389,0.9949799196787148,0.9643387995311234,0.3706104591909908,0.4794383149448345,6.0
word,switched,42,1,nld-zho,0.1925777331995988,0.0907723169508525,0.0479422211647033,0.5461305975914001,0.5194559097290039,0.9899598393574296,0.9514054210825246,0.2943297043079447,0.3956870611835506,11.0
word,switched,42,2,eng-nld,0.7482447342026078,0.4954864593781344,0.0501572489738464,0.7132593393325806,0.2858294546604156,1.0,0.9939723789843424,0.8077120674156862,0.8791374122367102,1.0
word,switched,42,2,eng-zho,0.2743229689067201,0.1103309929789368,0.0358774065971374,0.6152607798576355,0.3781946003437042,0.9959839357429718,0.97054819075701,0.3846726052651182,0.504012036108325,5.0
word,switched,42,2,nld-zho,0.1995987963891675,0.0872617853560682,0.0324423313140869,0.603215217590332,0.3893280327320099,0.9909638554216867,0.9565352684559704,0.3018923061455686,0.4022066198595787,10.0
word,switched,42,3,eng-nld,0.804914744232698,0.6409227683049148,0.0762852430343627,0.6559513211250305,0.2996147572994232,1.0,0.9964512009925358,0.8571766401044729,0.9187562688064193,1.0
word,switched,42,3,eng-zho,0.3385155466399198,0.2046138415245737,0.0517773628234863,0.566193699836731,0.3954237103462219,0.997991967871486,0.9770269644274188,0.4529912943974655,0.5772316950852557,3.0
word,switched,42,3,nld-zho,0.2487462387161484,0.1384152457372116,0.0466567873954772,0.5491212606430054,0.4091793596744537,0.993975903614458,0.966102121625922,0.352704228196268,0.4578736208625877,7.0
word,switched,42,4,eng-nld,0.8706118355065195,0.7507522567703109,0.0982802510261535,0.6650766730308533,0.3302522897720337,1.0,0.998276455873645,0.907318568962292,0.954864593781344,1.0
word,switched,42,4,eng-zho,0.4418254764292878,0.2908726178535606,0.0677581429481506,0.5824621915817261,0.4183748960494995,0.998995983935743,0.9878823216637866,0.5589483491879492,0.6965897693079238,2.0
word,switched,42,4,nld-zho,0.3430290872617854,0.2236710130391173,0.0618149042129516,0.5556331276893616,0.4243987500667572,0.997991967871486,0.9789695391395068,0.4568225550269437,0.5787362086258776,3.0
word,switched,42,5,eng-nld,0.899197592778335,0.7923771313941825,0.1060401797294616,0.6912634968757629,0.3397330045700073,1.0,0.9990397900528896,0.9300377133815836,0.9674022066198597,1.0
word,switched,42,5,eng-zho,0.5325977933801405,0.3304914744232698,0.0726748704910278,0.608292818069458,0.4289997220039367,1.0,0.9933228400059616,0.6444583622622629,0.7803410230692076,1.0
word,switched,42,5,nld-zho,0.4037111334002006,0.2437311935807422,0.065178632736206,0.5777403712272644,0.4389373660087585,0.998995983935743,0.986694017796361,0.5291834198364975,0.6765295887662989,2.0
word,switched,42,6,eng-nld,0.901705115346038,0.7903711133400201,0.1165550947189331,0.6914447546005249,0.3554788827896118,1.0,0.9993126971275272,0.9321226229359444,0.9719157472417252,1.0
word,switched,42,6,eng-zho,0.5551654964894683,0.3319959879638917,0.0759787559509277,0.6160018444061279,0.4670139253139496,1.0,0.994176304012439,0.6631444531369384,0.7948846539618857,1.0
word,switched,42,6,nld-zho,0.4338014042126379,0.2457372116349047,0.0698856711387634,0.5808641314506531,0.4777397811412811,0.998995983935743,0.9875948125501,0.5539021696509888,0.6985957873620863,2.0
word,switched,42,7,eng-nld,0.9002006018054163,0.7858575727181545,0.134442389011383,0.6978055834770203,0.3759575486183166,1.0,0.9993333413896308,0.9298266187096054,0.9663991975927784,1.0
word,switched,42,7,eng-zho,0.5496489468405216,0.3299899699097292,0.0848762989044189,0.6258237957954407,0.493421733379364,1.0,0.9940665369602784,0.6627371455478646,0.7993981945837513,1.0
word,switched,42,7,nld-zho,0.4232698094282848,0.2337011033099297,0.075711190700531,0.5886062383651733,0.4999508559703827,0.998995983935743,0.9881864468908734,0.5458449141274241,0.6960882647943831,2.0
word,switched,42,8,eng-nld,0.8961885656970913,0.7863590772316951,0.1718993782997131,0.7102113962173462,0.4355698823928833,1.0,0.999429513439918,0.9298201434295298,0.9699097291875628,1.0
word,switched,42,8,eng-zho,0.5661985957873621,0.3445336008024072,0.1070863604545593,0.6339677572250366,0.5610800981521606,1.0,0.9947462870539328,0.6785805681230617,0.808926780341023,1.0
word,switched,42,8,nld-zho,0.4558676028084253,0.2657973921765296,0.0993986129760742,0.6014503836631775,0.5663713812828064,0.998995983935743,0.9912387765706758,0.5824959577223775,0.7372116349047142,2.0
word,switched,42,9,eng-nld,0.8756268806419257,0.7417251755265797,0.194242238998413,0.7130011916160583,0.4846590161323547,1.0,0.9992557995270952,0.9161257314646,0.9653961885656972,1.0
word,switched,42,9,eng-zho,0.5165496489468405,0.2888665997993982,0.1226582825183868,0.6416540145874023,0.6597539186477661,1.0,0.9929245568029388,0.6315249543442095,0.7698094282848545,1.0
word,switched,42,9,nld-zho,0.4122367101303912,0.2191574724172517,0.1101713478565216,0.6054584980010986,0.6694741249084473,0.998995983935743,0.989584214490862,0.537435471731859,0.6875626880641926,2.0
word,switched,42,10,eng-nld,0.8355065195586759,0.6449348044132397,0.2063246667385101,0.7084254622459412,0.571454644203186,1.0,0.9987653724224884,0.8885320437288524,0.9543630892678034,1.0
word,switched,42,10,eng-zho,0.4332998996990973,0.2071213640922768,0.1318194568157196,0.6391696929931641,0.7957442998886108,0.998995983935743,0.9897095906192472,0.5562436615612302,0.697592778335005,2.0
word,switched,42,10,nld-zho,0.3284854563691073,0.1675025075225677,0.1208553612232208,0.6077356934547424,0.7988077998161316,0.997991967871486,0.9863073155208598,0.4651536400374986,0.6173520561685055,3.0
word,switched,42,11,eng-nld,0.7843530591775326,0.5295887662988967,0.2034397721290588,0.7037314176559448,0.6273131966590881,1.0,0.9981490656709082,0.8525341161022851,0.9368104312938816,1.0
word,switched,42,11,eng-zho,0.3164493480441324,0.1268806419257773,0.1293303370475769,0.6268364191055298,0.9530792832374572,0.9969879518072288,0.9816784691423668,0.4331073211628614,0.5566700100300903,4.0
word,switched,42,11,nld-zho,0.2497492477432297,0.107321965897693,0.1203500255942344,0.5956239700317383,0.969577968120575,0.9949799196787148,0.9770455946151708,0.3686851007068526,0.4934804413239719,6.0
word,switched,42,12,eng-nld,0.6955867602808425,0.409729187562688,0.1763420104980468,0.6965564489364624,0.6299704909324646,1.0,0.9964950071096824,0.7856190721297007,0.899197592778335,1.0
word,switched,42,12,eng-zho,0.2021063189568706,0.0862587763289869,0.1135593727231025,0.5972711443901062,1.025004267692566,0.9919678714859438,0.9636842253668636,0.3068933338696862,0.4127382146439318,9.0
word,switched,42,12,nld-zho,0.1589769307923771,0.0667001003009027,0.1024259999394416,0.5662224292755127,1.0471813678741455,0.9889558232931728,0.9590689739902438,0.2632932393130948,0.3530591775325978,12.0
word-s43,switched,43,0,eng-nld,0.4167502507522567,0.224172517552658,0.0745508074760437,0.6596930623054504,0.5570424199104309,0.997991967871486,0.9541813190575744,0.4903232915891486,0.5687061183550652,3.0
word-s43,switched,43,0,eng-zho,0.0526579739217653,0.0230692076228686,0.0405038893222808,0.5240201950073242,0.9407395720481871,0.8820281124497992,0.8071911517685587,0.0909361853712278,0.1093279839518555,118.5
word-s43,switched,43,0,nld-zho,0.0501504513540621,0.0220661985957873,0.0358650982379913,0.5108743906021118,0.9595009684562684,0.8604417670682731,0.7911722114133565,0.0854597527721206,0.1058174523570712,140.0
word-s43,switched,43,1,eng-nld,0.7472417251755266,0.4864593781344032,0.0886288881301879,0.6620142459869385,0.4059222340583801,1.0,0.9950660213572444,0.8093970394810194,0.8821464393179539,1.0
word-s43,switched,43,1,eng-zho,0.2337011033099298,0.1038114343029087,0.0562679171562194,0.5514394640922546,0.5306783318519592,0.9934738955823292,0.9596862877789996,0.3392279714175449,0.4453360080240722,7.5
word-s43,switched,43,1,nld-zho,0.1825476429287863,0.0832497492477432,0.0516276955604553,0.5425905585289001,0.5420385599136353,0.9889558232931728,0.9461481835063424,0.2775527851120492,0.3701103309929789,12.0
word-s43,switched,43,2,eng-nld,0.7186559679037111,0.4558676028084253,0.0548956990242004,0.7063239216804504,0.3162391781806946,1.0,0.9939482100921236,0.7847297824139143,0.8625877632898696,1.0
word-s43,switched,43,2,eng-zho,0.2447342026078234,0.0952858575727181,0.0388194322586059,0.5959758758544922,0.4001477360725403,0.993975903614458,0.966302522023903,0.3556786346630867,0.4794383149448345,7.0
word-s43,switched,43,2,nld-zho,0.1870611835506519,0.0752256770310932,0.0359538793563842,0.5892196893692017,0.4065413773059845,0.9899598393574296,0.9503545777895938,0.2873542887207396,0.3771313941825476,11.0
word-s43,switched,43,3,eng-nld,0.7993981945837512,0.6263791374122367,0.0801636576652526,0.6616097092628479,0.3186509907245636,1.0,0.9968907727197658,0.8519314404498252,0.9147442326980942,1.0
word-s43,switched,43,3,eng-zho,0.3204613841524574,0.1775325977933801,0.0535144209861755,0.5605236887931824,0.414031833410263,0.9969879518072288,0.9766639275255484,0.4325057461651591,0.5521564694082247,4.0
word-s43,switched,43,3,nld-zho,0.2321965897693079,0.1278836509528585,0.0502908825874328,0.543584406375885,0.4197804629802704,0.993975903614458,0.9647149279162788,0.3437896670914548,0.4643931795386158,7.0
word-s43,switched,43,4,eng-nld,0.8570712136409228,0.7131394182547643,0.1018244624137878,0.6735251545906067,0.3319483697414398,1.0,0.9984033425577936,0.8988704804011215,0.9498495486459378,1.0
word-s43,switched,43,4,eng-zho,0.409729187562688,0.257271815446339,0.0673582553863525,0.5832667946815491,0.4249766170978546,0.998995983935743,0.9869679319081742,0.526984018604598,0.6619859578736209,2.0
word-s43,switched,43,4,nld-zho,0.3109327983951855,0.1885656970912738,0.0612609386444091,0.5602558851242065,0.4319661259651184,0.9969879518072288,0.9771468018513372,0.4321302213793782,0.5641925777331996,4.0
word-s43,switched,43,5,eng-nld,0.880641925777332,0.7402206619859579,0.1088438034057617,0.688795804977417,0.343792200088501,1.0,0.9990176352350224,0.9172459471880896,0.9643931795386158,1.0
word-s43,switched,43,5,eng-zho,0.469408224674022,0.2918756268806419,0.0718716382980346,0.6057978868484497,0.4323731362819671,0.998995983935743,0.9909653659774504,0.5856230108499256,0.724172517552658,2.0
word-s43,switched,43,5,nld-zho,0.3525576730190571,0.2141424272818455,0.0647655725479126,0.5800307989120483,0.4420622587203979,0.997991967871486,0.9825314296302564,0.4761628387078941,0.619358074222668,3.0
word-s43,switched,43,6,eng-nld,0.8846539618856569,0.738716148445336,0.1103859543800354,0.6989810466766357,0.3538442850112915,1.0,0.999089134874503,0.9196851499175048,0.9608826479438316,1.0
word-s43,switched,43,6,eng-zho,0.4954864593781344,0.302407221664995,0.0728616714477539,0.6206643581390381,0.4463266432285309,0.998995983935743,0.9925207348954496,0.6101841099665473,0.7502507522567703,2.0
word-s43,switched,43,6,nld-zho,0.3836509528585757,0.2256770310932798,0.0653957724571228,0.5918816924095154,0.4564247727394104,0.997991967871486,0.9845485250933524,0.5029326367469917,0.6434302908726178,3.0
word-s43,switched,43,7,eng-nld,0.8986960882647944,0.7477432296890671,0.1194862127304077,0.7062091827392578,0.3693451583385467,1.0,0.9992109863727728,0.930550302613936,0.9714142427281846,1.0
word-s43,switched,43,7,eng-zho,0.5130391173520561,0.308926780341023,0.0792723298072815,0.6336898803710938,0.4861194789409637,1.0,0.9930187147788748,0.6289746677349599,0.771815446339017,1.0
word-s43,switched,43,7,nld-zho,0.3911735205616851,0.2206619859578736,0.0713602304458618,0.6054553985595703,0.4994645714759826,0.998995983935743,0.986259984773598,0.5161368048420488,0.6594784353059178,2.0
word-s43,switched,43,8,eng-nld,0.8911735205616851,0.7547642928786359,0.1636877059936523,0.7045086622238159,0.4243738055229187,1.0,0.9991878245177298,0.924887279031887,0.9674022066198597,1.0
word-s43,switched,43,8,eng-zho,0.5300902708124373,0.3219658976930792,0.1048765778541565,0.6333610415458679,0.554372251033783,1.0,0.9939597910196452,0.6457670161143136,0.7858575727181545,1.0
word-s43,switched,43,8,nld-zho,0.413741223671013,0.238716148445336,0.0941405892372131,0.5987322330474854,0.5658560395240784,0.998995983935743,0.988295206905858,0.5354463163193797,0.6785356068204614,2.0
word-s43,switched,43,9,eng-nld,0.8595787362086258,0.6765295887662989,0.19162118434906,0.7118030786514282,0.5293200612068176,1.0,0.9989768502294032,0.9058238189864956,0.9623871614844534,1.0
word-s43,switched,43,9,eng-zho,0.4854563691073219,0.2803410230692076,0.1211051344871521,0.6357556581497192,0.6655760407447815,0.998995983935743,0.992363133577439,0.6092031067733099,0.7552657973921765,2.0
word-s43,switched,43,9,nld-zho,0.3831494483450351,0.2106318956870612,0.1103257536888122,0.6035792231559753,0.6727348566055298,0.998995983935743,0.9870636004398738,0.5121577373568126,0.6680040120361084,2.0
word-s43,switched,43,10,eng-nld,0.8134403209628887,0.5882647943831494,0.202994555234909,0.7061325311660767,0.594157874584198,1.0,0.998519151833009,0.8732831577657116,0.946840521564694,1.0
word-s43,switched,43,10,eng-zho,0.4122367101303912,0.216148445336008,0.124452918767929,0.6309691667556763,0.8041433095932007,0.998995983935743,0.98875340882084,0.5394321392464888,0.6980942828485457,2.0
word-s43,switched,43,10,nld-zho,0.3335005015045135,0.1695085255767301,0.1165891885757446,0.6011053919792175,0.8143443465232849,0.997991967871486,0.9835208436554644,0.4611050072713419,0.6068204613841525,3.0
word-s43,switched,43,11,eng-nld,0.7582748244734203,0.4854563691073219,0.2006949484348297,0.6960658431053162,0.6436116099357605,1.0,0.997669212456647,0.8333219780459805,0.924272818455366,1.0
word-s43,switched,43,11,eng-zho,0.339518555667001,0.160481444332999,0.1251323372125625,0.6189425587654114,0.939961314201355,0.997991967871486,0.98220565310389,0.4632190452041501,0.6023069207622869,3.0
word-s43,switched,43,11,nld-zho,0.2527582748244734,0.1208625877632898,0.1139978095889091,0.5899395942687988,0.9582538604736328,0.9959839357429718,0.9761891094971662,0.3778278506041567,0.5080240722166499,5.0
word-s43,switched,43,12,eng-nld,0.6875626880641925,0.3761283851554664,0.1735533773899078,0.685465395450592,0.6374291777610779,1.0,0.9959768864827414,0.7756420090982321,0.8896690070210632,1.0
word-s43,switched,43,12,eng-zho,0.2176529588766299,0.100802407221665,0.1066097095608711,0.5928318500518799,1.0243914127349854,0.9929718875502008,0.9642869371165704,0.3267463862268406,0.4358074222668004,8.0
word-s43,switched,43,12,nld-zho,0.1574724172517552,0.0737211634904714,0.1009661108255386,0.5644784569740295,1.0490987300872805,0.9899598393574296,0.9563887445468936,0.2637682420405818,0.3660982948846539,11.0
word-s44,switched,44,0,eng-nld,0.4052156469408224,0.2131394182547643,0.0697395205497741,0.6296306848526001,0.5507394075393677,0.997991967871486,0.9515146846160972,0.4819517004621537,0.555667001003009,3.0
word-s44,switched,44,0,eng-zho,0.0456369107321965,0.025075225677031,0.036050796508789,0.5017507076263428,0.920136570930481,0.8674698795180723,0.7926429892085897,0.082372630892746,0.1038114343029087,133.0
word-s44,switched,44,0,nld-zho,0.051654964894684,0.0235707121364092,0.035338282585144,0.4838781952857971,0.9404166340827942,0.8549196787148594,0.7808077848001836,0.0815864761220659,0.0932798395185556,145.5
word-s44,switched,44,1,eng-nld,0.7557673019057172,0.4914744232698094,0.0891752243041992,0.6226862072944641,0.4019000232219696,1.0,0.9947190970501868,0.8134499964206651,0.8786359077231695,1.0
word-s44,switched,44,1,eng-zho,0.2527582748244734,0.1283851554663992,0.0536644458770751,0.5279217958450317,0.521323025226593,0.993975903614458,0.9585478322517754,0.3530314486804581,0.4533600802407221,7.0
word-s44,switched,44,1,nld-zho,0.2056168505516549,0.0997993981945837,0.0511241555213928,0.5141918659210205,0.5287949442863464,0.9904618473895582,0.9482246941628096,0.3032185057331853,0.4017051153460381,10.5
word-s44,switched,44,2,eng-nld,0.7362086258776329,0.4523570712136409,0.0535456538200378,0.6892181038856506,0.3079935014247894,1.0,0.9943283666259825,0.7955786546993143,0.866098294884654,1.0
word-s44,switched,44,2,eng-zho,0.2738214643931795,0.1088264794383149,0.0353055000305175,0.5932594537734985,0.397488534450531,0.9949799196787148,0.9700633023568698,0.3833072101434474,0.4989969909729188,6.0
word-s44,switched,44,2,nld-zho,0.2146439317953861,0.0942828485456369,0.033599317073822,0.5891514420509338,0.4080764353275299,0.9919678714859438,0.9574275033937152,0.3155267067650872,0.4142427281845536,9.0
word-s44,switched,44,3,eng-nld,0.7863590772316951,0.6028084252758275,0.0718622803688049,0.6564225554466248,0.3034316599369049,1.0,0.9964567396970028,0.8405366535453994,0.9092276830491476,1.0
word-s44,switched,44,3,eng-zho,0.3184553660982949,0.1840521564694082,0.049280047416687,0.5626547336578369,0.4047228991985321,0.9969879518072288,0.9758653470451516,0.4365644167287627,0.5667001003009027,4.0
word-s44,switched,44,3,nld-zho,0.2462387161484453,0.129889669007021,0.0450885891914367,0.5514274835586548,0.4119433462619781,0.993975903614458,0.96544805098025,0.3548248970535249,0.462888665997994,7.0
word-s44,switched,44,4,eng-nld,0.8555667001003009,0.7216649949849548,0.0962200760841369,0.6683766841888428,0.3210926353931427,1.0,0.998440602933298,0.8987741559614129,0.9528585757271816,1.0
word-s44,switched,44,4,eng-zho,0.4343029087261785,0.275827482447342,0.0663121938705444,0.580461323261261,0.4203686118125915,0.998995983935743,0.9874140493770468,0.54802885503672,0.6805416248746239,2.0
word-s44,switched,44,4,nld-zho,0.3294884653961886,0.2106318956870612,0.061890959739685,0.5599702596664429,0.4254251718521118,0.997991967871486,0.9800677131796997,0.4515380998657291,0.5962888665997994,3.0
word-s44,switched,44,5,eng-nld,0.8906720160481445,0.7808425275827482,0.1051902174949646,0.6745080947875977,0.314962238073349,1.0,0.9991973913708998,0.925109666295899,0.970912738214644,1.0
word-s44,switched,44,5,eng-zho,0.4809428284854563,0.3229689067201605,0.070734679698944,0.5933244228363037,0.4162109494209289,0.998995983935743,0.9910826858084294,0.5930891909875187,0.7251755265797393,2.0
word-s44,switched,44,5,nld-zho,0.3701103309929789,0.2372116349047141,0.0642246603965759,0.5692204833030701,0.4239423871040344,0.997991967871486,0.9838848875945104,0.49247339641833,0.6293881644934805,3.0
word-s44,switched,44,6,eng-nld,0.9182547642928788,0.8124373119358075,0.1216890215873718,0.6976366639137268,0.3403084278106689,1.0,0.9994164219566328,0.9456830763677349,0.9794383149448344,1.0
word-s44,switched,44,6,eng-zho,0.5611835506519558,0.3706118355065195,0.0806382298469543,0.6175639629364014,0.4464694559574127,1.0,0.9945207107265572,0.6668077582545088,0.7868605817452357,1.0
word-s44,switched,44,6,nld-zho,0.4633901705115346,0.2923771313941825,0.0748764872550964,0.5871483087539673,0.4530621767044067,0.998995983935743,0.9891516920238628,0.5773546224863254,0.7126379137412236,2.0
word-s44,switched,44,7,eng-nld,0.8976930792377131,0.7728184553660983,0.1372649073600769,0.7003535628318787,0.39815554022789,1.0,0.9993212569435213,0.9317275638967438,0.9749247743229688,1.0
word-s44,switched,44,7,eng-zho,0.5526579739217653,0.3711133400200602,0.0910531282424926,0.6273019909858704,0.5033246278762817,1.0,0.994455756828719,0.660985123028339,0.7933801404212638,1.0
word-s44,switched,44,7,nld-zho,0.4438314944834504,0.2748244734202608,0.0814447999000549,0.5946165323257446,0.5084265470504761,0.998995983935743,0.9889910695943251,0.5667434442024224,0.7121364092276831,2.0
word-s44,switched,44,8,eng-nld,0.8881644934804414,0.7331995987963892,0.163001537322998,0.7115207314491272,0.4502536952495575,1.0,0.9993187393505818,0.9240662207416656,0.969408224674022,1.0
word-s44,switched,44,8,eng-zho,0.5361083249749248,0.3445336008024072,0.1080550551414489,0.6328798532485962,0.5651923418045044,1.0,0.994199465867482,0.6478004405555402,0.7843530591775326,1.0
word-s44,switched,44,8,nld-zho,0.4488465396188565,0.2527582748244734,0.1009293794631958,0.6060431599617004,0.5782103538513184,0.998995983935743,0.9888163486443264,0.5706064666087276,0.7176529588766299,2.0
word-s44,switched,44,9,eng-nld,0.8716148445336008,0.7071213640922769,0.192390501499176,0.7038578391075134,0.5016418695449829,1.0,0.9991007158020246,0.9127095270489128,0.9663991975927784,1.0
word-s44,switched,44,9,eng-zho,0.4819458375125376,0.2753259779338014,0.123831957578659,0.6341210603713989,0.6748176217079163,0.998995983935743,0.9933555687141746,0.6041356922889365,0.7502507522567703,2.0
word-s44,switched,44,9,nld-zho,0.3841524573721163,0.2056168505516549,0.1124476790428161,0.5981438755989075,0.6824665665626526,0.998995983935743,0.9863752905302252,0.5182345508373513,0.675025075225677,2.0
word-s44,switched,44,10,eng-nld,0.831494483450351,0.6063189568706118,0.209104984998703,0.7023980021476746,0.5820509791374207,1.0,0.9987079713034688,0.8867958503479584,0.9543630892678034,1.0
word-s44,switched,44,10,eng-zho,0.4398194583751253,0.2166499498495486,0.1322656869888305,0.6287534832954407,0.8079827427864075,0.998995983935743,0.9907815816928696,0.5615636649540703,0.6995987963891676,2.0
word-s44,switched,44,10,nld-zho,0.3365095285857573,0.1649949849548646,0.1221114695072174,0.5995055437088013,0.8241187334060669,0.997991967871486,0.9828602272681498,0.4670141395918306,0.6168505516549649,3.0
word-s44,switched,44,11,eng-nld,0.7592778335005015,0.4954864593781344,0.2048012614250183,0.6934616565704346,0.6356447339057922,1.0,0.998014626207941,0.8378407555722308,0.9307923771313942,1.0
word-s44,switched,44,11,eng-zho,0.3289869608826479,0.1414242728184553,0.1290544718503952,0.6196074485778809,0.9600178599357604,0.997991967871486,0.9837177194233302,0.4503684460613454,0.5872617853560682,3.0
word-s44,switched,44,11,nld-zho,0.2738214643931795,0.1328986960882648,0.1180470809340477,0.5934745073318481,0.9864489436149596,0.9959839357429718,0.9759182164968804,0.3947007058782537,0.5200601805416248,5.0
word-s44,switched,44,12,eng-nld,0.6905717151454362,0.3981945837512537,0.1710792183876037,0.6838929057121277,0.6218112111091614,1.0,0.9969386069856154,0.7823564796904265,0.8941825476429288,1.0
word-s44,switched,44,12,eng-zho,0.2086258776328987,0.0932798395185556,0.1089937984943389,0.5928681492805481,1.0391145944595337,0.9929718875502008,0.9674852871868618,0.3187116973792205,0.4312938816449348,8.0
word-s44,switched,44,12,nld-zho,0.1765295887662989,0.0772316950852557,0.1030458062887191,0.5685158371925354,1.061902642250061,0.9909638554216867,0.957106762053228,0.2841800992130589,0.3941825476429287,10.0
word-s45,switched,45,0,eng-nld,0.40320962888666,0.2126379137412236,0.079627513885498,0.6473619937896729,0.5783714056015015,0.997991967871486,0.9535040865568593,0.4807960317972589,0.5621865596790371,3.0
word-s45,switched,45,0,eng-zho,0.0511534603811434,0.0235707121364092,0.0417283475399017,0.5081307888031006,0.9693340063095092,0.8875502008032129,0.8097973639794886,0.0895064687389291,0.111334002006018,113.0
word-s45,switched,45,0,nld-zho,0.0511534603811434,0.0255767301905717,0.0380792617797851,0.4921736419200897,0.9794204235076904,0.8619477911646587,0.7886314566188526,0.0834746085953872,0.1013039117352056,138.5
word-s45,switched,45,1,eng-nld,0.7562688064192578,0.5230692076228687,0.0937024354934692,0.636027991771698,0.4050650000572204,1.0,0.994702984455374,0.8204525700495857,0.899197592778335,1.0
word-s45,switched,45,1,eng-zho,0.2557673019057171,0.1228686058174523,0.0583394169807434,0.5422865152359009,0.5352785587310791,0.993975903614458,0.964298518044092,0.3614868609288394,0.469408224674022,7.0
word-s45,switched,45,1,nld-zho,0.2076228686058174,0.0972918756268806,0.0564212203025817,0.5287061929702759,0.5338451862335205,0.9919678714859438,0.9568303303484752,0.3113555251974823,0.4122367101303911,9.0
word-s45,switched,45,2,eng-nld,0.7342026078234705,0.4744232698094283,0.0542743206024169,0.696563184261322,0.3038926422595978,1.0,0.9942533423563864,0.7999268432149168,0.8836509528585758,1.0
word-s45,switched,45,2,eng-zho,0.2853560682046138,0.1053159478435305,0.0378026366233825,0.5988141298294067,0.4046155214309692,0.9959839357429718,0.97129591586003,0.3976513556862626,0.5155466399197592,5.0
word-s45,switched,45,2,nld-zho,0.2236710130391173,0.0957873620862587,0.0352959036827087,0.5869811773300171,0.4019537568092346,0.9929718875502008,0.9631726504815652,0.3276717349914833,0.4348044132397191,8.0
word-s45,switched,45,3,eng-nld,0.7958876629889668,0.6038114343029087,0.0725451111793518,0.6660956740379333,0.3139995634555816,1.0,0.9966903723217848,0.8467553974471899,0.9102306920762286,1.0
word-s45,switched,45,3,eng-zho,0.3410230692076229,0.1675025075225677,0.0505501627922058,0.5718591213226318,0.4153448939323425,0.997991967871486,0.9783391338674658,0.4584637826142773,0.5937813440320963,3.0
word-s45,switched,45,3,nld-zho,0.2472417251755266,0.1354062186559679,0.0459144711494445,0.5508579611778259,0.4157221913337707,0.9949799196787148,0.9697707580573044,0.361929201032505,0.4814443329989969,6.0
word-s45,switched,45,4,eng-nld,0.8665997993981946,0.7296890672016048,0.0946812629699707,0.6699235439300537,0.3254771828651428,1.0,0.99861683443906,0.905997076804592,0.956369107321966,1.0
word-s45,switched,45,4,eng-zho,0.4383149448345035,0.2602808425275827,0.0630054473876953,0.579357922077179,0.4123187959194183,0.998995983935743,0.9874105247469316,0.5547349699321323,0.6890672016048145,2.0
word-s45,switched,45,4,nld-zho,0.3304914744232698,0.2001003009027081,0.0583123564720153,0.5534707307815552,0.4119503796100616,0.997991967871486,0.9814458435547608,0.4524799903864325,0.5927783350050151,3.0
word-s45,switched,45,5,eng-nld,0.8891675025075225,0.7788365095285857,0.1041790843009948,0.6855053305625916,0.3354479670524597,1.0,0.9991903421106694,0.9241085082954652,0.970912738214644,1.0
word-s45,switched,45,5,eng-zho,0.4944834503510531,0.3184553660982949,0.0701662302017211,0.6033540964126587,0.4245043992996216,0.998995983935743,0.9908651657784598,0.6089475218072771,0.7397191574724172,2.0
word-s45,switched,45,5,nld-zho,0.4017051153460381,0.2447342026078234,0.0662370324134826,0.5754145979881287,0.430193692445755,0.998995983935743,0.9857393465537174,0.5185274841174291,0.6514543630892679,2.0
word-s45,switched,45,6,eng-nld,0.9007021063189569,0.7938816449348044,0.127625823020935,0.6861504316329956,0.3558134436607361,1.0,0.9994149114008694,0.9328124270680715,0.9754262788365096,1.0
word-s45,switched,45,6,eng-zho,0.5551654964894683,0.3560682046138415,0.0839681029319763,0.6124038696289062,0.4645621478557586,1.0,0.9937855735882344,0.662062749005993,0.7908726178535607,1.0
word-s45,switched,45,6,nld-zho,0.436308926780341,0.2703109327983952,0.0765718221664428,0.5751357078552246,0.4640649855136871,0.998995983935743,0.9885937934284782,0.5523927012847213,0.6870611835506519,2.0
word-s45,switched,45,7,eng-nld,0.9077231695085256,0.7993981945837512,0.1526159644126892,0.7023378610610962,0.3912680447101593,1.0,0.9994783547429436,0.93879223593148,0.9779338014042126,1.0
word-s45,switched,45,7,eng-zho,0.5692076228686058,0.3891675025075226,0.1014423370361328,0.6323143839836121,0.5104957818984985,1.0,0.9946778085259796,0.6798077170921153,0.8129388164493481,1.0
word-s45,switched,45,7,nld-zho,0.4729187562688064,0.2973921765295887,0.0940454006195068,0.5979869365692139,0.5071387887001038,0.998995983935743,0.9904714142427282,0.5909767229648258,0.730692076228686,2.0
word-s45,switched,45,8,eng-nld,0.896690070210632,0.7708124373119358,0.166450023651123,0.7056419849395752,0.4330638647079468,1.0,0.9994451225161428,0.9304143472944284,0.9729187562688064,1.0
word-s45,switched,45,8,eng-zho,0.5391173520561685,0.3590772316950852,0.1095046997070312,0.6377283334732056,0.569067656993866,1.0,0.9938751998968792,0.6535679005685698,0.7968906720160481,1.0
word-s45,switched,45,8,nld-zho,0.448345035105316,0.2713139418254764,0.1004934906959533,0.5979549884796143,0.5659547448158264,0.998995983935743,0.9893989196505176,0.5702289335245245,0.7206619859578737,2.0
word-s45,switched,45,9,eng-nld,0.8741223671013039,0.7221664994984955,0.186498761177063,0.7070123553276062,0.4855404794216156,1.0,0.9991999089638394,0.9141852124650308,0.9648946840521564,1.0
word-s45,switched,45,9,eng-zho,0.5090270812437312,0.2998996990972918,0.1198542416095733,0.6375888586044312,0.6828180551528931,1.0,0.9927780328938622,0.625045866539904,0.7642928786359077,1.0
word-s45,switched,45,9,nld-zho,0.4242728184553661,0.2311935807422266,0.1141916811466217,0.6069342494010925,0.6724497079849243,0.998995983935743,0.9885837230567204,0.5481892321705358,0.6905717151454364,2.0
word-s45,switched,45,10,eng-nld,0.8375125376128385,0.6464393179538616,0.2022510766983032,0.703539252281189,0.5611771941184998,1.0,0.9989602341160024,0.8919712865729343,0.9558676028084252,1.0
word-s45,switched,45,10,eng-zho,0.4393179538615848,0.230692076228686,0.1254785358905792,0.6319813132286072,0.7966029644012451,0.998995983935743,0.9906048466685196,0.5615856177736767,0.7001003009027081,2.0
word-s45,switched,45,10,nld-zho,0.3640922768304915,0.1800401203610832,0.1226477324962616,0.6036181449890137,0.7922187447547913,0.997991967871486,0.9864513218369968,0.4938525178414739,0.645937813440321,3.0
word-s45,switched,45,11,eng-nld,0.7592778335005015,0.4729187562688064,0.200286716222763,0.6932571530342102,0.6409643292427063,1.0,0.9982794769851724,0.8375728203109669,0.936308926780341,1.0
word-s45,switched,45,11,eng-zho,0.3204613841524574,0.1454363089267803,0.1237247586250305,0.6216927170753479,0.9552756547927856,0.9969879518072288,0.983359214188751,0.4446884536174184,0.5777331995987964,4.0
word-s45,switched,45,11,nld-zho,0.2607823470411233,0.1143430290872617,0.1225790530443191,0.5941654443740845,0.9593496918678284,0.9959839357429718,0.979342142894547,0.3887585863265424,0.5310932798395186,5.0
word-s45,switched,45,12,eng-nld,0.6995987963891674,0.3846539618856569,0.1723847687244415,0.68445885181427,0.6282336115837097,1.0,0.9969214873536272,0.7871332039526104,0.8961885656970913,1.0
word-s45,switched,45,12,eng-zho,0.1930792377131394,0.0877632898696088,0.1085254251956939,0.6011339426040649,1.0399507284164429,0.9919678714859438,0.9659213584528686,0.305349932515003,0.4167502507522567,9.0
word-s45,switched,45,12,nld-zho,0.1725175526579739,0.0762286860581745,0.1045974493026733,0.5722987055778503,1.0553821325302124,0.9909638554216867,0.9639067805827118,0.287749256298997,0.4027081243731193,10.0
word-s46,switched,46,0,eng-nld,0.4147442326980942,0.2211634904714142,0.0756430029869079,0.6328417658805847,0.5680041313171387,0.997991967871486,0.9543207937064204,0.49283995666994,0.571715145436309,3.0
word-s46,switched,46,0,eng-zho,0.0481444332998997,0.0245737211634904,0.0390993356704711,0.4975317418575287,0.9561999440193176,0.8684738955823293,0.7925427890095991,0.0848695124811356,0.1033099297893681,132.0
word-s46,switched,46,0,nld-zho,0.051654964894684,0.0265797392176529,0.0365794599056243,0.4816588461399078,0.965129554271698,0.8353413654618473,0.7657848042118323,0.0833243602142782,0.09679037111334,165.0
word-s46,switched,46,1,eng-nld,0.7728184553660983,0.5245737211634904,0.0915007591247558,0.6388111114501953,0.3985432088375091,1.0,0.9955131458632926,0.827377327122957,0.8941825476429288,1.0
word-s46,switched,46,1,eng-zho,0.242728184553661,0.09679037111334,0.0545107126235961,0.5377324819564819,0.5365766286849976,0.993975903614458,0.9616419539743728,0.3479649627351204,0.458876629889669,7.0
word-s46,switched,46,1,nld-zho,0.1910732196589769,0.0882647943831494,0.0508558750152587,0.5232025980949402,0.539216160774231,0.9899598393574296,0.9492785585672682,0.2932923578308262,0.3901705115346038,11.0
word-s46,switched,46,2,eng-nld,0.7296890672016048,0.4563691073219659,0.054828941822052,0.696290135383606,0.3113143444061279,1.0,0.9944668342376528,0.7937779711762885,0.8696088264794383,1.0
word-s46,switched,46,2,eng-zho,0.261283851554664,0.0892678034102306,0.0370885133743286,0.5976054668426514,0.4128278493881225,0.9949799196787148,0.9693865733747428,0.367364233140486,0.4794383149448345,6.0
word-s46,switched,46,2,nld-zho,0.2061183550651956,0.0797392176529588,0.0347616076469421,0.5891645550727844,0.4155056178569793,0.9909638554216867,0.9569914562966004,0.3055246108843918,0.3976930792377131,10.0
word-s46,switched,46,3,eng-nld,0.7763289869608827,0.5837512537612839,0.0739180445671081,0.6651318073272705,0.3154540657997131,1.0,0.996777984556078,0.835274893685193,0.9102306920762286,1.0
word-s46,switched,46,3,eng-zho,0.3284854563691073,0.1700100300902708,0.0503435730934143,0.5740035176277161,0.4211194217205047,0.9969879518072288,0.978030476973088,0.4405925311379521,0.5581745235707122,4.0
word-s46,switched,46,3,nld-zho,0.2582748244734202,0.1278836509528585,0.0468464493751525,0.5556384921073914,0.4222542643547058,0.993975903614458,0.968254663589161,0.3664424634156473,0.473420260782347,7.0
word-s46,switched,46,4,eng-nld,0.8575727181544635,0.7156469408224674,0.0936346650123596,0.6670374274253845,0.3312025368213653,1.0,0.9985654755430952,0.8975913237806872,0.9448345035105316,1.0
word-s46,switched,46,4,eng-zho,0.4373119358074222,0.2602808425275827,0.0654439926147461,0.5846582651138306,0.4312310218811035,0.998995983935743,0.9875142495760372,0.5490846531573792,0.6675025075225677,2.0
word-s46,switched,46,4,nld-zho,0.3465396188565697,0.2126379137412236,0.0604610443115234,0.5605438947677612,0.4290770590305328,0.997991967871486,0.9805641825073615,0.4664783654724075,0.6068204613841525,3.0
word-s46,switched,46,5,eng-nld,0.884653961885657,0.7868605817452357,0.1126869320869445,0.6810480356216431,0.3352261483669281,1.0,0.9991299198801225,0.9199294824753188,0.9663991975927784,1.0
word-s46,switched,46,5,eng-zho,0.5220661985957874,0.3345035105315947,0.0786130428314209,0.6048398613929749,0.4367614984512329,1.0,0.992873701425562,0.6312650062467897,0.7683049147442327,1.0
word-s46,switched,46,5,nld-zho,0.4132397191574724,0.2688064192577733,0.0728209018707275,0.5810786485671997,0.4408453702926636,0.998995983935743,0.9862740832940587,0.5351942927134103,0.6825476429287863,2.0
word-s46,switched,46,6,eng-nld,0.8921765295887663,0.7713139418254764,0.1062718629837036,0.6906424760818481,0.339966744184494,1.0,0.9992477432296892,0.9256084857400648,0.9674022066198597,1.0
word-s46,switched,46,6,eng-zho,0.5275827482447342,0.3164493480441324,0.0721186995506286,0.6173444390296936,0.4542540609836578,1.0,0.993264431849766,0.6399965464145598,0.7733199598796389,1.0
word-s46,switched,46,6,nld-zho,0.4297893681043129,0.2407221664994985,0.0635384917259216,0.5854973793029785,0.4577521383762359,0.998995983935743,0.9863576673796488,0.5469251029402121,0.6825476429287863,2.0
word-s46,switched,46,7,eng-nld,0.8901705115346038,0.7748244734202607,0.1329741477966308,0.7023538947105408,0.3704575896263122,1.0,0.999281478975078,0.9263765711690056,0.9699097291875628,1.0
word-s46,switched,46,7,eng-zho,0.549147442326981,0.3309929789368104,0.0888543128967285,0.6351891756057739,0.5006989240646362,1.0,0.9948172831748257,0.6642709379561843,0.8059177532597793,1.0
word-s46,switched,46,7,nld-zho,0.4468405215646941,0.2557673019057171,0.0809289216995239,0.5994961857795715,0.5032804608345032,0.998995983935743,0.987739825903413,0.5633352341292024,0.6945837512537613,2.0
word-s46,switched,46,8,eng-nld,0.8851554663991976,0.7823470411233702,0.165239155292511,0.7122422456741333,0.4198911190032959,1.0,0.999402323436172,0.9239568890280468,0.9699097291875628,1.0
word-s46,switched,46,8,eng-zho,0.5506519558676028,0.3505516549648947,0.1087856292724609,0.6421191096305847,0.5558912754058838,1.0,0.9952372176771278,0.6688426505758192,0.8234704112337011,1.0
word-s46,switched,46,8,nld-zho,0.469408224674022,0.2818455366098295,0.1002576947212219,0.6056698560714722,0.5627354383468628,0.998995983935743,0.9888007395681018,0.5835523315600747,0.7261785356068204,2.0
word-s46,switched,46,9,eng-nld,0.8625877632898696,0.7106318956870612,0.1956835389137268,0.7055298089981079,0.5020036697387695,1.0,0.9991631521069232,0.9063015224725872,0.9578736208625878,1.0
word-s46,switched,46,9,eng-zho,0.5075225677031093,0.2953861584754262,0.1263838410377502,0.63811194896698,0.6532685160636902,1.0,0.9935479128147496,0.6290210387006472,0.775827482447342,1.0
word-s46,switched,46,9,nld-zho,0.4192577733199599,0.2342026078234704,0.1142694950103759,0.6047781705856323,0.6626675724983215,0.998995983935743,0.9867307746532772,0.5433267982281142,0.6895687061183551,2.0
word-s46,switched,46,10,eng-nld,0.8154463390170512,0.60481444332999,0.2055175900459289,0.7041568160057068,0.5735074877738953,1.0,0.998700922043238,0.8746909978237524,0.948345035105316,1.0
word-s46,switched,46,10,eng-zho,0.4463390170511534,0.2331995987963891,0.1287561953067779,0.6383408904075623,0.7881261706352234,0.998995983935743,0.9908495567022352,0.5738471840412128,0.7226680040120361,2.0
word-s46,switched,46,10,nld-zho,0.3665997993981945,0.1810431293881644,0.1196536421775817,0.6044346690177917,0.8059031963348389,0.997991967871486,0.9835148014324095,0.4944832208505084,0.6469408224674023,3.0
word-s46,switched,46,11,eng-nld,0.7321965897693079,0.4578736208625877,0.2001617550849914,0.6965023875236511,0.647174596786499,1.0,0.997861556557222,0.819387551393189,0.9232698094282848,1.0
word-s46,switched,46,11,eng-zho,0.3440320962888666,0.1539618856569709,0.1271275281906128,0.6262159943580627,0.9393001794815063,0.997991967871486,0.9847167003017084,0.4700388204039232,0.6123370110330993,3.0
word-s46,switched,46,11,nld-zho,0.2592778335005015,0.1083249749247743,0.1224599182605743,0.5938377380371094,0.9631209969520568,0.9969879518072288,0.9772958433533532,0.3958138451056189,0.551654964894684,4.0
word-s46,switched,46,12,eng-nld,0.7031093279839519,0.4147442326980943,0.1761470437049865,0.6891196370124817,0.6258290410041809,1.0,0.9966641893552142,0.7871694064540491,0.8906720160481444,1.0
word-s46,switched,46,12,eng-zho,0.2006018054162487,0.0882647943831494,0.110517531633377,0.6018650531768799,1.0334373712539673,0.9929718875502008,0.9661323327411956,0.3154715353573445,0.4332998996990972,8.0
word-s46,switched,46,12,nld-zho,0.1690070210631895,0.0646940822467402,0.1043244376778602,0.5688305497169495,1.0564453601837158,0.9909638554216867,0.958008060325555,0.2770058604149775,0.3866599799398194,10.0
word-s47,switched,47,0,eng-nld,0.4012036108324974,0.2181544633901705,0.0740243196487426,0.6450435519218445,0.5619718432426453,0.997991967871486,0.9538021695608916,0.4826170278582208,0.5672016048144434,3.0
word-s47,switched,47,0,eng-zho,0.047642928786359,0.025075225677031,0.0391863584518432,0.5044141411781311,0.9448336362838744,0.8795180722891567,0.8072284121440627,0.0854846566825235,0.1068204613841524,121.0
word-s47,switched,47,0,nld-zho,0.0491474423269809,0.0190571715145436,0.0368372201919555,0.4903427064418793,0.9505438804626464,0.8684738955823293,0.7918997957728607,0.0837275637621257,0.0987963891675025,132.0
word-s47,switched,47,1,eng-nld,0.7542627883650952,0.5125376128385155,0.1006098389625549,0.638458251953125,0.4200837910175323,1.0,0.9955272443837536,0.8175049604674716,0.8856569709127382,1.0
word-s47,switched,47,1,eng-zho,0.2422266800401203,0.1038114343029087,0.061554729938507,0.5320598483085632,0.5634124875068665,0.993975903614458,0.9633383080969816,0.3483956377116308,0.4613841524573721,7.0
word-s47,switched,47,1,nld-zho,0.1860581745235707,0.0937813440320962,0.0561498403549194,0.5219243168830872,0.5618651509284973,0.9889558232931728,0.9521732869290602,0.2833073688323316,0.3711133400200602,12.0
word-s47,switched,47,2,eng-nld,0.7226680040120361,0.4663991975927783,0.0540176630020141,0.7150395512580872,0.3040409088134765,1.0,0.9944255457134455,0.7931676290553905,0.8791374122367102,1.0
word-s47,switched,47,2,eng-zho,0.2522567703109328,0.0872617853560682,0.0374397039413452,0.6070874929428101,0.4112828075885772,0.9949799196787148,0.969146898526906,0.3631964412321237,0.4814443329989969,6.0
word-s47,switched,47,2,nld-zho,0.1920762286860581,0.0852557673019057,0.0355117917060852,0.5992705225944519,0.4100307524204254,0.9909638554216867,0.9565020362291694,0.2924505594592316,0.3926780341023069,10.0
word-s47,switched,47,3,eng-nld,0.7973921765295887,0.6058174523570712,0.0752920508384704,0.6711069941520691,0.3126445114612579,1.0,0.9964350883977232,0.849217023463698,0.9142427281845537,1.0
word-s47,switched,47,3,eng-zho,0.3415245737211635,0.1955867602808425,0.0528427362442016,0.576599657535553,0.414800226688385,0.9969879518072288,0.9777364221177588,0.4505903473330093,0.5601805416248746,4.0
word-s47,switched,47,3,nld-zho,0.2447342026078234,0.1399197592778335,0.0472782850265502,0.5615351796150208,0.4122125804424286,0.9949799196787148,0.9693029892891526,0.3589168374687483,0.4759277833500501,6.0
word-s47,switched,47,4,eng-nld,0.8535606820461383,0.7116349047141424,0.0945965647697448,0.6745668649673462,0.3313743472099304,1.0,0.99832781476961,0.896168821722184,0.9458375125376128,1.0
word-s47,switched,47,4,eng-zho,0.4122367101303912,0.2412236710130391,0.0639758706092834,0.5889462232589722,0.4267602562904358,0.998995983935743,0.9850983673913306,0.5262032479214911,0.6559679037111334,2.0
word-s47,switched,47,4,nld-zho,0.3114343029087262,0.1955867602808425,0.0596367716789245,0.5667747259140015,0.4218753576278686,0.9969879518072288,0.9795838318167354,0.4356398362834083,0.5767301905717152,4.0
word-s47,switched,47,5,eng-nld,0.8861584754262788,0.7622868605817452,0.0996929407119751,0.685508131980896,0.3249639570713043,1.0,0.9990302231997196,0.9218472461208532,0.9648946840521564,1.0
word-s47,switched,47,5,eng-zho,0.4643931795386158,0.2803410230692076,0.0664176344871521,0.6070184111595154,0.4369674623012543,0.998995983935743,0.9907272016853772,0.5810088105292912,0.7171514543630892,2.0
word-s47,switched,47,5,nld-zho,0.3906720160481444,0.2362086258776329,0.0619643330574035,0.5789793729782104,0.4355838894844055,0.997991967871486,0.9846985736325442,0.5079354968136829,0.6439317953861585,3.0
word-s47,switched,47,6,eng-nld,0.9072216649949848,0.802407221664995,0.1205182671546936,0.6946237683296204,0.334648996591568,1.0,0.999392756583002,0.9366979632458584,0.9749247743229688,1.0
word-s47,switched,47,6,eng-zho,0.5401203610832497,0.3465396188565697,0.0821057558059692,0.6286412477493286,0.4546410143375397,1.0,0.9947392377937024,0.6513170336498606,0.7903711133400201,1.0
word-s47,switched,47,6,nld-zho,0.4433299899699097,0.2953861584754262,0.0749003291130065,0.5942895412445068,0.4518987536430359,0.998995983935743,0.9895041550353872,0.5648777105706575,0.7036108324974925,2.0
word-s47,switched,47,7,eng-nld,0.9022066198595788,0.7763289869608827,0.1347073316574096,0.7012037634849548,0.38132044672966,1.0,0.9992829895308414,0.9343433507155562,0.9739217652958876,1.0
word-s47,switched,47,7,eng-zho,0.5280842527582748,0.3229689067201604,0.0899654626846313,0.6311970949172974,0.5042328834533691,1.0,0.9939069215679166,0.6443542171706537,0.7818455366098295,1.0
word-s47,switched,47,7,nld-zho,0.4343029087261785,0.279839518555667,0.0804722905158996,0.6014150381088257,0.4962694048881531,0.998995983935743,0.9888792884678131,0.5566838686977962,0.6995987963891676,2.0
word-s47,switched,47,8,eng-nld,0.8896690070210632,0.771815446339017,0.1634389758110046,0.6955155730247498,0.4235202968120575,1.0,0.9992265954489976,0.926529134211618,0.9729187562688064,1.0
word-s47,switched,47,8,eng-zho,0.5180541624874624,0.3059177532597793,0.1055989265441894,0.629002034664154,0.5844107270240784,1.0,0.9929401658791636,0.6320118415661207,0.7688064192577733,1.0
word-s47,switched,47,8,nld-zho,0.4032096288866599,0.2447342026078234,0.094221293926239,0.5954890251159668,0.5827522277832031,0.998995983935743,0.987441239380793,0.5281505353114587,0.6680040120361084,2.0
word-s47,switched,47,9,eng-nld,0.8676028084252758,0.6855566700100302,0.1742844581604004,0.7021197080612183,0.4780628085136413,1.0,0.9989103857758012,0.9112568413159844,0.9689067201604814,1.0
word-s47,switched,47,9,eng-zho,0.4488465396188565,0.2362086258776329,0.1093753278255462,0.6339466571807861,0.679037868976593,0.998995983935743,0.9913480401042484,0.5736959512888995,0.720160481444333,2.0
word-s47,switched,47,9,nld-zho,0.3721163490471414,0.2031093279839518,0.1012371480464935,0.6065786480903625,0.6625495553016663,0.997991967871486,0.985726255070432,0.4980754651382485,0.6409227683049148,3.0
word-s47,switched,47,10,eng-nld,0.8279839518555667,0.5992978936810431,0.1930993795394897,0.7003456950187683,0.5572893023490906,1.0,0.9983640681079382,0.8829024926264543,0.9488465396188566,1.0
word-s47,switched,47,10,eng-zho,0.3881644934804413,0.1915747241725175,0.1196389496326446,0.6314048767089844,0.8029001355171204,0.998995983935743,0.9887342751145002,0.5153656987481022,0.668505516549649,2.0
word-s47,switched,47,10,nld-zho,0.3264794383149448,0.1644934804413239,0.1110328137874603,0.6001214385032654,0.7947813868522644,0.997991967871486,0.9828974876436538,0.4527786898279092,0.5962888665997994,3.0
word-s47,switched,47,11,eng-nld,0.7602808425275828,0.4854563691073219,0.2002260982990265,0.6932224631309509,0.6292462348937988,1.0,0.997781497101747,0.8364446487044894,0.9302908726178536,1.0
word-s47,switched,47,11,eng-zho,0.3034102306920762,0.1369107321965897,0.1223075091838836,0.6266654133796692,0.9522330164909364,0.9969879518072288,0.9823667790520154,0.4285337399633751,0.5707121364092277,4.0
word-s47,switched,47,11,nld-zho,0.2622868605817452,0.1198595787362086,0.114635944366455,0.5938137173652649,0.958004117012024,0.9959839357429718,0.9777419608222256,0.3890193720947533,0.5275827482447342,5.0
word-s47,switched,47,12,eng-nld,0.6875626880641925,0.3896690070210632,0.1702757179737091,0.6841973066329956,0.6257718801498413,1.0,0.9964144441356196,0.7818036108284081,0.89518555667001,1.0
word-s47,switched,47,12,eng-zho,0.2001003009027081,0.0867602808425275,0.1074648275971412,0.6003761887550354,1.0235878229141235,0.9929718875502008,0.9654274067181464,0.3071637878849232,0.4092276830491474,8.0
word-s47,switched,47,12,nld-zho,0.1720160481444332,0.0692076228686058,0.0988283827900886,0.5695734024047852,1.046680212020874,0.9919678714859438,0.9612144666932524,0.2847638881074601,0.3936810431293882,9.0
word-s48,switched,48,0,eng-nld,0.40320962888666,0.2141424272818455,0.0770405530929565,0.6363321542739868,0.5772126317024231,0.997991967871486,0.9533001615287632,0.4794769665482854,0.5586760280842528,3.0
word-s48,switched,48,0,eng-zho,0.047642928786359,0.0245737211634904,0.0409989058971405,0.5048664808273315,0.9650680422782898,0.8795180722891567,0.8047465690243422,0.0833359214506662,0.1003009027081243,121.0
word-s48,switched,48,0,nld-zho,0.0496489468405215,0.0215646940822467,0.0381027460098266,0.4885897040367126,0.97829931974411,0.858433734939759,0.7821713131361957,0.0840700927142712,0.1023069207622868,142.0
word-s48,switched,48,1,eng-nld,0.7657973921765295,0.5441323971915747,0.1004378795623779,0.6212145686149597,0.4154472947120666,1.0,0.9960257277857668,0.8255723702209599,0.9042126379137412,1.0
word-s48,switched,48,1,eng-zho,0.2437311935807422,0.1123370110330993,0.0604620575904846,0.5179340243339539,0.5311112999916077,0.993975903614458,0.9639239002147004,0.3518947569468274,0.4643931795386158,7.0
word-s48,switched,48,1,nld-zho,0.2056168505516549,0.1058174523570712,0.0540826916694641,0.503684937953949,0.5533320307731628,0.9899598393574296,0.9492181363367208,0.3012174012529392,0.3901705115346038,11.0
word-s48,switched,48,2,eng-nld,0.7116349047141424,0.450852557673019,0.0563017725944519,0.6877185106277466,0.3272747695446014,1.0,0.9945660273994676,0.7830135161349528,0.8771313941825476,1.0
word-s48,switched,48,2,eng-zho,0.2582748244734202,0.1083249749247743,0.038366675376892,0.5945216417312622,0.4168727397918701,0.9949799196787148,0.9728719290401324,0.3732122100428278,0.4944834503510532,6.0
word-s48,switched,48,2,nld-zho,0.2091273821464393,0.092778335005015,0.0367276072502136,0.5907540917396545,0.4272052049636841,0.9919678714859438,0.9572487542950135,0.3120649790451288,0.4062186559679037,9.0
word-s48,switched,48,3,eng-nld,0.775827482447342,0.571715145436309,0.0719748735427856,0.6595074534416199,0.3243023157119751,1.0,0.996441130620778,0.8348238400830048,0.909729187562688,1.0
word-s48,switched,48,3,eng-zho,0.324974924774323,0.1649949849548646,0.0496179461479187,0.5698658227920532,0.4166730642318725,0.9969879518072288,0.9795329764393584,0.4440350694722653,0.5807422266800402,4.0
word-s48,switched,48,3,nld-zho,0.2592778335005015,0.1344032096288866,0.0450479984283447,0.5578576922416687,0.4278076291084289,0.993975903614458,0.966932927295944,0.3652403735931283,0.4754262788365095,7.0
word-s48,switched,48,4,eng-nld,0.8380140421263791,0.7061183550651956,0.0930372476577758,0.6654788851737976,0.3356484472751617,1.0,0.998262357353184,0.8869971426685698,0.9513540621865596,1.0
word-s48,switched,48,4,eng-zho,0.3956870611835507,0.2337011033099297,0.0656633973121643,0.5814098119735718,0.4234590828418731,0.998995983935743,0.9866925072405972,0.5203671572075741,0.6680040120361084,2.0
word-s48,switched,48,4,nld-zho,0.3094282848545637,0.1930792377131394,0.0597975254058837,0.560356855392456,0.4335044324398041,0.9969879518072288,0.9783391338674658,0.429139858278001,0.5656970912738215,4.0
word-s48,switched,48,5,eng-nld,0.89518555667001,0.8039117352056169,0.113052487373352,0.6775628924369812,0.3238366246223449,1.0,0.9991812787760872,0.9288988525803956,0.9714142427281846,1.0
word-s48,switched,48,5,eng-zho,0.4944834503510531,0.3284854563691073,0.0766435861587524,0.6016495227813721,0.4262020587921142,0.998995983935743,0.9920997933559714,0.6140627034884096,0.7567703109327983,2.0
word-s48,switched,48,5,nld-zho,0.3916750250752256,0.2527582748244734,0.0717911124229431,0.5786458253860474,0.4338616132736206,0.998995983935743,0.9853657357615012,0.5148908266658688,0.6599799398194583,2.0
word-s48,switched,48,6,eng-nld,0.9057171514543632,0.8164493480441324,0.121208369731903,0.6900874376296997,0.3330754041671753,1.0,0.9994743265942404,0.9385698469073832,0.9769307923771314,1.0
word-s48,switched,48,6,eng-zho,0.5456369107321966,0.372617853560682,0.0804196000099182,0.6142169237136841,0.4346237778663635,1.0,0.9943359194048008,0.6560075483169576,0.7878635907723169,1.0
word-s48,switched,48,6,nld-zho,0.4312938816449347,0.2918756268806419,0.0756680369377136,0.5891591310501099,0.4420242011547088,0.998995983935743,0.9876904810817996,0.5527593060822794,0.697592778335005,2.0
word-s48,switched,48,7,eng-nld,0.8961885656970913,0.7898696088264794,0.1343519687652588,0.7048065662384033,0.381902664899826,1.0,0.9995161186370356,0.9312503269586528,0.9744232698094284,1.0
word-s48,switched,48,7,eng-zho,0.5672016048144433,0.3635907723169508,0.09022718667984,0.6354666948318481,0.4865215718746185,1.0,0.9945927138846258,0.6734292316390248,0.7938816449348044,1.0
word-s48,switched,48,7,nld-zho,0.4353059177532598,0.2803410230692076,0.0811846256256103,0.6085652112960815,0.4989108145236969,0.998995983935743,0.9880092083479354,0.5614392880147393,0.7086258776328987,2.0
word-s48,switched,48,8,eng-nld,0.8726178535606821,0.7261785356068204,0.1524433493614196,0.7038090229034424,0.4366849660873413,1.0,0.9993872178785352,0.9147155348576776,0.9684052156469408,1.0
word-s48,switched,48,8,eng-zho,0.5386158475426279,0.3274824473420261,0.0994854569435119,0.6379907131195068,0.5598025918006897,1.0,0.9935811450415504,0.6466619111071814,0.7728184553660983,1.0
word-s48,switched,48,8,nld-zho,0.4082246740220662,0.2256770310932798,0.0906082391738891,0.6079480051994324,0.5685003399848938,0.998995983935743,0.9868360100381464,0.5342101618861109,0.6825476429287863,2.0
word-s48,switched,48,9,eng-nld,0.8560682046138415,0.6695085255767301,0.1929765939712524,0.7060308456420898,0.5184861421585083,1.0,0.9992472397111012,0.9033508706439396,0.9689067201604814,1.0
word-s48,switched,48,9,eng-zho,0.5180541624874624,0.3174523570712136,0.1276438534259796,0.6431464552879333,0.6530107855796814,1.0,0.9930574857101424,0.6315523781591632,0.7617853560682046,1.0
word-s48,switched,48,9,nld-zho,0.3996990972918756,0.2196589769307924,0.1172405779361724,0.6126819849014282,0.6729501485824585,0.998995983935743,0.9878012551711358,0.5338008235207263,0.6915747241725175,2.0
word-s48,switched,48,10,eng-nld,0.8179538615847542,0.5817452357071213,0.2105830311775207,0.7046000957489014,0.5826579332351685,1.0,0.9989149174430924,0.8769343291922426,0.956369107321966,1.0
word-s48,switched,48,10,eng-zho,0.436308926780341,0.2326980942828485,0.13456991314888,0.6369760632514954,0.8096827268600464,0.998995983935743,0.9900882365973422,0.5596193437943519,0.7031093279839519,2.0
word-s48,switched,48,10,nld-zho,0.350050150451354,0.1735205616850551,0.1254133284091949,0.6106153726577759,0.8175384402275085,0.997991967871486,0.9850978638727428,0.4783077876542984,0.6203610832497493,3.0
word-s48,switched,48,11,eng-nld,0.7316950852557673,0.4383149448345035,0.2033230066299438,0.691917896270752,0.6503233909606934,1.0,0.9981727310445392,0.8195983774060593,0.92728184553661,1.0
word-s48,switched,48,11,eng-zho,0.3400200601805416,0.1504513540621865,0.1283861100673675,0.6203375458717346,0.9559541940689088,0.997991967871486,0.983713691274627,0.4649536852427195,0.6108324974924775,3.0
word-s48,switched,48,11,nld-zho,0.2713139418254764,0.1303911735205616,0.1218365207314491,0.5953261256217957,0.981684148311615,0.9959839357429718,0.9784660205516148,0.3973072568394379,0.5351053159478435,5.0
word-s48,switched,48,12,eng-nld,0.6654964894684052,0.3570712136409227,0.1751371026039123,0.6850473880767822,0.6361542344093323,1.0,0.9971057751567955,0.7706350158102971,0.8981945837512537,1.0
word-s48,switched,48,12,eng-zho,0.2216649949849548,0.0912738214643931,0.1113969683647155,0.601738452911377,1.036360263824463,0.9929718875502008,0.9678085461202884,0.3309018818114484,0.4393179538615847,8.0
word-s48,switched,48,12,nld-zho,0.1805416248746238,0.0812437311935807,0.1031082570552825,0.5745232105255127,1.0553178787231443,0.9919678714859438,0.960908327391814,0.2941968345219905,0.4102306920762287,9.0
word-s49,switched,49,0,eng-nld,0.4157472417251755,0.2191574724172517,0.0764111876487732,0.6434268355369568,0.5642420649528503,0.997991967871486,0.9534225165456208,0.4919218808285008,0.5707121364092277,3.0
word-s49,switched,49,0,eng-zho,0.0506519558676028,0.0260782347041123,0.0392096638679504,0.5104955434799194,0.9496628046035768,0.8895582329317269,0.8160485472481702,0.0885919146748338,0.1078234704112337,111.0
word-s49,switched,49,0,nld-zho,0.0501504513540621,0.0235707121364092,0.0376079976558685,0.486524224281311,0.9633315801620485,0.8624497991967872,0.7894013365397398,0.0847059179010581,0.1018054162487462,138.0
word-s49,switched,49,1,eng-nld,0.7422266800401204,0.4794383149448344,0.0870740413665771,0.6447585225105286,0.4003726541996002,1.0,0.9942780147671932,0.8020617350139564,0.8741223671013039,1.0
word-s49,switched,49,1,eng-zho,0.2397191574724172,0.1108324974924774,0.0552772879600524,0.5432564616203308,0.5399638414382935,0.9949799196787148,0.9641424272818456,0.3535419585580976,0.4764292878635908,6.0
word-s49,switched,49,1,nld-zho,0.1930792377131394,0.0812437311935807,0.050079345703125,0.5293899774551392,0.545653223991394,0.9909638554216867,0.9525599892045614,0.2932101757252397,0.3936810431293882,10.0
word-s49,switched,49,2,eng-nld,0.7402206619859579,0.4618856569709128,0.0539109110832214,0.6973446011543274,0.3120024800300598,1.0,0.9946319883344814,0.8004201268631704,0.8751253761283851,1.0
word-s49,switched,49,2,eng-zho,0.2637913741223671,0.0962888665997994,0.0382642149925231,0.5954384207725525,0.4191255271434784,0.9959839357429718,0.9713074967875512,0.3792692288353076,0.5085255767301906,5.0
word-s49,switched,49,2,nld-zho,0.197592778335005,0.078234704112337,0.0345904231071472,0.585797905921936,0.4280313551425934,0.9919678714859438,0.9577477412156148,0.3036014669384067,0.409729187562688,9.0
word-s49,switched,49,3,eng-nld,0.791875626880642,0.6258776328986961,0.0809614062309265,0.6512502431869507,0.3229877054691314,1.0,0.9972578377703392,0.8478653225421886,0.916248746238716,1.0
word-s49,switched,49,3,eng-zho,0.3440320962888666,0.1850551654964894,0.0555360317230224,0.5533462762832642,0.4309070408344269,0.9969879518072288,0.9783879751704916,0.4539815931773956,0.5737211634904714,4.0
word-s49,switched,49,3,nld-zho,0.2281845536609829,0.1283851554663992,0.0513250827789306,0.5329527258872986,0.4331923723220825,0.993975903614458,0.9671902252943568,0.3434778476564454,0.4689067201604814,7.0
word-s49,switched,49,4,eng-nld,0.8711133400200601,0.7352056168505516,0.0980503559112548,0.6607598662376404,0.3202823400497436,1.0,0.9988721183631216,0.9096218368769888,0.9578736208625878,1.0
word-s49,switched,49,4,eng-zho,0.4563691073219659,0.2878635907723169,0.0675099492073059,0.5736929178237915,0.4252862334251404,0.998995983935743,0.9885288395306402,0.5682803175021723,0.7001003009027081,2.0
word-s49,switched,49,4,nld-zho,0.3515546639919759,0.2131394182547643,0.0615589022636413,0.5507568717002869,0.4281887412071228,0.997991967871486,0.9817132119249314,0.4709229879475169,0.60481444332999,3.0
word-s49,switched,49,5,eng-nld,0.8836509528585756,0.7412236710130391,0.0966966152191162,0.678723156452179,0.3272047340869903,1.0,0.999130926917298,0.9206180516131311,0.9674022066198597,1.0
word-s49,switched,49,5,eng-zho,0.5165496489468405,0.3099297893681043,0.0670577883720398,0.5963528752326965,0.430791288614273,1.0,0.991405441223268,0.6184856669253356,0.7387161484453361,1.0
word-s49,switched,49,5,nld-zho,0.3841524573721163,0.2326980942828485,0.0612629652023315,0.5745185017585754,0.4340831637382507,0.998995983935743,0.9854206192875816,0.5076627803473203,0.6544633901705116,2.0
word-s49,switched,49,6,eng-nld,0.9002006018054163,0.7547642928786359,0.1057787537574768,0.6871858835220337,0.3364723324775696,1.0,0.9993570067632616,0.9322225676995396,0.9714142427281846,1.0
word-s49,switched,49,6,eng-zho,0.5712136409227684,0.3545636910732196,0.0716499686241149,0.6106820702552795,0.4387380182743072,1.0,0.993998561950913,0.6751639460744618,0.8079237713139418,1.0
word-s49,switched,49,6,nld-zho,0.4433299899699097,0.2668004012036108,0.0642457604408264,0.5851568579673767,0.4426934421062469,0.998995983935743,0.9881904750395766,0.5639663970521082,0.7066198595787362,2.0
word-s49,switched,49,7,eng-nld,0.8986960882647943,0.7748244734202607,0.1309033036231994,0.692288339138031,0.3696074187755584,1.0,0.9992215602631188,0.9296355939048792,0.966900702106319,1.0
word-s49,switched,49,7,eng-zho,0.5912738214643932,0.3801404212637914,0.0905780792236328,0.6231908202171326,0.4828793406486511,1.0,0.9949320854128652,0.6958880432112958,0.8304914744232698,1.0
word-s49,switched,49,7,nld-zho,0.4674022066198595,0.2808425275827482,0.0809295773506164,0.595206081867218,0.4869138896465301,0.998995983935743,0.9894653841041194,0.5857221286174362,0.720160481444333,2.0
word-s49,switched,49,8,eng-nld,0.8691073219658977,0.7311935807422267,0.1604979634284973,0.6953751444816589,0.4362799823284149,1.0,0.9990488533874716,0.9090785602924584,0.9593781344032096,1.0
word-s49,switched,49,8,eng-zho,0.5506519558676028,0.3189568706118355,0.106216013431549,0.6257688403129578,0.5622175931930542,1.0,0.993569060595441,0.6610218586317752,0.7923771313941825,1.0
word-s49,switched,49,8,nld-zho,0.4307923771313942,0.2452357071213641,0.0961009860038757,0.592864453792572,0.5662488341331482,0.998995983935743,0.9880756728015372,0.5520626385368405,0.6915747241725175,2.0
word-s49,switched,49,9,eng-nld,0.8555667001003009,0.7101303911735206,0.192388653755188,0.6971924901008606,0.4872312247753143,1.0,0.9989335476308442,0.902304711854308,0.9578736208625878,1.0
word-s49,switched,49,9,eng-zho,0.5045135406218656,0.2833500501504513,0.1265239715576172,0.6312211751937866,0.6597992181777954,1.0,0.99218136336721,0.619807682749719,0.7607823470411234,1.0
word-s49,switched,49,9,nld-zho,0.409729187562688,0.2296890672016048,0.1120498478412628,0.598781943321228,0.6642206311225891,0.998995983935743,0.9865651170378604,0.527395388161685,0.6695085255767302,2.0
word-s49,switched,49,10,eng-nld,0.8134403209628887,0.6038114343029087,0.2096864879131317,0.6920072436332703,0.5762115120887756,1.0,0.9985765529520289,0.8722004325942352,0.9478435305917752,1.0
word-s49,switched,49,10,eng-zho,0.4327983951855566,0.226680040120361,0.1313714385032653,0.6257020235061646,0.7877777814865112,0.998995983935743,0.9886663001051346,0.5532726807367475,0.6995987963891676,2.0
word-s49,switched,49,10,nld-zho,0.3445336008024072,0.1880641925777332,0.1210713684558868,0.5938220620155334,0.8025170564651489,0.997991967871486,0.9830208496976874,0.4708509608968774,0.6153460381143431,3.0
word-s49,switched,49,11,eng-nld,0.7432296890672017,0.4613841524573721,0.2033484876155853,0.6859585642814636,0.6328549385070801,1.0,0.9976984165347448,0.8225186611237274,0.9197592778335004,1.0
word-s49,switched,49,11,eng-zho,0.308926780341023,0.1359077231695085,0.1279295980930328,0.6160581707954407,0.9413092136383056,0.9969879518072288,0.979893495748289,0.4227284779667206,0.5476429287863591,4.0
word-s49,switched,49,11,nld-zho,0.2517552657973921,0.1128385155466399,0.1185646057128906,0.5895888805389404,0.971245288848877,0.9949799196787148,0.9744272979581314,0.3678835414490538,0.4839518555667001,6.0
word-s49,switched,49,12,eng-nld,0.6735205616850551,0.3731193580742227,0.1750667691230774,0.6755343675613403,0.6265861392021179,1.0,0.9962210929978692,0.7654705736868576,0.880641925777332,1.0
word-s49,switched,49,12,eng-zho,0.1940822467402206,0.0922768304914744,0.1106193214654922,0.5889409184455872,1.0284576416015625,0.9919678714859438,0.9642813984121036,0.3011510528543252,0.4082246740220662,9.0
word-s49,switched,49,12,nld-zho,0.1715145436308927,0.0712136409227683,0.1029850989580154,0.5595166087150574,1.0594429969787598,0.9899598393574296,0.9585986876291523,0.2770647368246459,0.3796389167502507,11.0
sent,switched,42,0,eng-nld,0.354062186559679,0.19358074222668,0.0738636255264282,0.624485433101654,0.5917630195617676,0.9949799196787148,0.9278946276580746,0.4237980914256333,0.4939819458375125,6.0
sent,switched,42,0,eng-zho,0.0411233701103309,0.0225677031093279,0.0373053252696991,0.4931909441947937,1.0027343034744265,0.8483935742971888,0.7711231082806652,0.0724252945353826,0.0857572718154463,152.0
sent,switched,42,0,nld-zho,0.0441323971915747,0.0200601805416248,0.0347436964511871,0.4787229895591736,1.01891827583313,0.8283132530120482,0.7548312608508256,0.0736450482209397,0.0872617853560682,172.0
sent,switched,42,1,eng-nld,0.7437311935807422,0.5120361083249749,0.1013689041137695,0.6162632703781128,0.4093532264232635,1.0,0.993106327013168,0.804866292677965,0.8796389167502507,1.0
sent,switched,42,1,eng-zho,0.2382146439317953,0.111334002006018,0.0599662661552429,0.5433763861656189,0.5436058044433594,0.9929718875502008,0.95481776655267,0.3410189645053835,0.4473420260782347,8.0
sent,switched,42,1,nld-zho,0.2006018054162487,0.09679037111334,0.0558887720108032,0.5229897499084473,0.5581037998199463,0.9899598393574296,0.9454200956282502,0.2944903063063146,0.3811434302908726,11.0
sent,switched,42,2,eng-nld,0.7352056168505516,0.4759277833500501,0.0600355267524719,0.6962068676948547,0.3144215047359466,1.0,0.9938399535957269,0.7966129907075892,0.8711133400200601,1.0
sent,switched,42,2,eng-zho,0.2657973921765296,0.1023069207622868,0.0405696630477905,0.610055148601532,0.4208719432353973,0.9949799196787148,0.9669883143406124,0.3760762561036095,0.4849548645937813,6.0
sent,switched,42,2,nld-zho,0.2116349047141424,0.0912738214643931,0.0378185510635376,0.6014914512634277,0.4303557276725769,0.9919678714859438,0.95555592480252,0.3117396129696447,0.4102306920762287,9.0
sent,switched,42,3,eng-nld,0.7657973921765295,0.5561685055165497,0.0647833347320556,0.6856228113174438,0.3097078800201416,1.0,0.9952070065618542,0.8233684668907192,0.8936810431293881,1.0
sent,switched,42,3,eng-zho,0.3099297893681043,0.1639919759277833,0.0448443293571472,0.6018373966217041,0.4084961712360382,0.9969879518072288,0.973355306884509,0.4247724489670621,0.5511534603811434,4.0
sent,switched,42,3,nld-zho,0.2417251755265797,0.1183550651955867,0.0420692563056945,0.5878874063491821,0.4207129776477813,0.9934738955823292,0.9627814165387728,0.3431268794441754,0.4368104312938816,7.5
sent,switched,42,4,eng-nld,0.8324974924774322,0.6955867602808425,0.0857177376747131,0.6664683222770691,0.3204330503940582,1.0,0.9975211779918068,0.8774947327849228,0.9287863590772316,1.0
sent,switched,42,4,eng-zho,0.3971915747241725,0.2397191574724172,0.0594502091407775,0.5905390381813049,0.4133417010307312,0.998995983935743,0.9823395890482692,0.5169929045747372,0.6589769307923772,2.0
sent,switched,42,4,nld-zho,0.3064192577733199,0.1800401203610832,0.0557438731193542,0.5717626214027405,0.4214861392974853,0.9969879518072288,0.9746362581721068,0.4220063953477044,0.5521564694082247,4.0
sent,switched,42,5,eng-nld,0.8681043129388164,0.738716148445336,0.0933610796928405,0.6747519373893738,0.3248222470283508,1.0,0.998515627202894,0.9063312641277324,0.9528585757271816,1.0
sent,switched,42,5,eng-zho,0.4468405215646941,0.2823470411233701,0.0631759166717529,0.6040394902229309,0.4155547320842743,0.998995983935743,0.9869362102371372,0.563308901667181,0.7036108324974925,2.0
sent,switched,42,5,nld-zho,0.3535606820461384,0.2291875626880641,0.0576828122138977,0.580608069896698,0.4222464263439178,0.997991967871486,0.9808285297660048,0.4714982690987666,0.6083249749247743,3.0
sent,switched,42,6,eng-nld,0.8906720160481445,0.7678034102306921,0.0973710417747497,0.6922361254692078,0.3253949582576751,1.0,0.998860033917012,0.9236514616618644,0.9653961885656972,1.0
sent,switched,42,6,eng-zho,0.4924774322968906,0.3149448345035105,0.0666321516036987,0.6256877183914185,0.4220962822437286,0.998995983935743,0.9910252846894096,0.6100556056507999,0.746740220661986,2.0
sent,switched,42,6,nld-zho,0.3941825476429287,0.2477432296890672,0.0611607432365417,0.5975680351257324,0.4256088435649872,0.998995983935743,0.9850807442407544,0.5140083820290183,0.6569709127382146,2.0
sent,switched,42,7,eng-nld,0.8836509528585756,0.7698094282848545,0.1130834817886352,0.7013667821884155,0.3730546236038208,1.0,0.9990171317164344,0.9205714373908288,0.9648946840521564,1.0
sent,switched,42,7,eng-zho,0.495987963891675,0.2913741223671013,0.0736863017082214,0.6363900899887085,0.4900577962398529,0.998995983935743,0.9912488469424338,0.6099812883221476,0.7562688064192578,2.0
sent,switched,42,7,nld-zho,0.3786359077231694,0.2251755265797392,0.0678982138633728,0.602738618850708,0.4903039932250976,0.998995983935743,0.9842262731971012,0.5028207142170208,0.6474423269809428,2.0
sent,switched,42,8,eng-nld,0.8841524573721163,0.7462387161484454,0.1544046401977539,0.7046955823898315,0.4488926231861114,1.0,0.9993252850922244,0.921340588355206,0.9724172517552658,1.0
sent,switched,42,8,eng-zho,0.5025075225677031,0.302407221664995,0.1003586649894714,0.6410078406333923,0.5634568333625793,1.0,0.9919970755640416,0.6176301066732148,0.765295887662989,1.0
sent,switched,42,8,nld-zho,0.3796389167502507,0.2372116349047141,0.0923508405685424,0.5991133451461792,0.566300630569458,0.998995983935743,0.9855903050517012,0.5070787548654252,0.6504513540621866,2.0
sent,switched,42,9,eng-nld,0.8781344032096289,0.730692076228686,0.1908351182937622,0.7115606665611267,0.5449394583702087,1.0,0.9992235743374702,0.9184487927377638,0.9714142427281846,1.0
sent,switched,42,9,eng-zho,0.4799398194583751,0.2647943831494483,0.1167278289794921,0.6459704041481018,0.67555171251297,0.998995983935743,0.9921219481738388,0.6016198987370113,0.7542627883650953,2.0
sent,switched,42,9,nld-zho,0.3796389167502507,0.2156469408224673,0.1106351315975189,0.6138017773628235,0.677073061466217,0.998995983935743,0.9862433686601976,0.5060990962298676,0.6454363089267804,2.0
sent,switched,42,10,eng-nld,0.8440320962888666,0.6514543630892677,0.2060394585132599,0.713473379611969,0.6308518052101135,1.0,0.9989823889338698,0.8964336352429416,0.9608826479438316,1.0
sent,switched,42,10,eng-zho,0.4052156469408224,0.1845536609829488,0.1208361983299255,0.6432663202285767,0.8376461863517761,0.998995983935743,0.9886824126999472,0.5340020087059397,0.6855566700100301,2.0
sent,switched,42,10,nld-zho,0.3279839518555667,0.1489468405215647,0.1148586571216583,0.6166408061981201,0.826678991317749,0.997991967871486,0.9826477424240592,0.4511321194911511,0.5877632898696088,3.0
sent,switched,42,11,eng-nld,0.7923771313941825,0.5300902708124373,0.2022277414798736,0.7041181921958923,0.6928583979606628,1.0,0.9985493629482826,0.8629912968032298,0.9438314944834504,1.0
sent,switched,42,11,eng-zho,0.2858575727181545,0.0942828485456369,0.1125476285815239,0.6300309300422668,0.9991245269775392,0.9969879518072288,0.9778376293539254,0.4062483088234162,0.5381143430290872,4.0
sent,switched,42,11,nld-zho,0.2352056168505516,0.0907723169508525,0.1063643917441368,0.599509060382843,0.9911876320838928,0.9949799196787148,0.9736418089610196,0.3532047550559084,0.4799398194583751,6.0
sent,switched,42,12,eng-nld,0.7311935807422267,0.4157472417251755,0.1691772937774658,0.6944071054458618,0.7052960395812988,1.0,0.997766895062698,0.8190641098555607,0.924272818455366,1.0
sent,switched,42,12,eng-zho,0.1695085255767301,0.0506519558676028,0.0903194099664688,0.606525182723999,1.1026767492294312,0.9899598393574296,0.9517830600234438,0.2748435752628477,0.3811434302908726,11.0
sent,switched,42,12,nld-zho,0.1464393179538616,0.0411233701103309,0.0861975997686386,0.578258752822876,1.099202275276184,0.9869477911646586,0.947485528875784,0.2470318365918054,0.3430290872617854,14.0
sent-s43,switched,43,0,eng-nld,0.3600802407221665,0.1960882647943831,0.0699980854988098,0.6188076734542847,0.5922252535820007,0.9949799196787148,0.9267682565769598,0.4270957350450935,0.4949849548645937,6.0
sent-s43,switched,43,0,eng-zho,0.0446339017051153,0.0200601805416248,0.0351289510726928,0.4843801856040954,1.0014500617980957,0.8393574297188755,0.7661750311174488,0.0757369836774471,0.0902708124373119,161.0
sent-s43,switched,43,0,nld-zho,0.0436308926780341,0.0170511534603811,0.0323656797409057,0.4746245443820953,1.0188698768615725,0.8152610441767069,0.7419940544525142,0.074405155371435,0.0907723169508525,185.0
sent-s43,switched,43,1,eng-nld,0.7512537612838515,0.5050150451354062,0.1078337430953979,0.5934902429580688,0.4226826131343841,1.0,0.9941586808618628,0.8088297877198616,0.8751253761283851,1.0
sent-s43,switched,43,1,eng-zho,0.2226680040120361,0.1063189568706118,0.0610051155090332,0.521314799785614,0.5546479821205139,0.9909638554216867,0.9470424325184388,0.3167396441766993,0.4117352056168505,10.0
sent-s43,switched,43,1,nld-zho,0.1705115346038114,0.0752256770310932,0.0533269643783569,0.5085347890853882,0.5654680728912354,0.9819277108433736,0.9287269438838603,0.2529266294765855,0.3274824473420261,19.0
sent-s43,switched,43,2,eng-nld,0.724172517552658,0.4583751253761283,0.0599454045295715,0.6741648316383362,0.3242478966712951,1.0,0.993886780824401,0.7892046912118212,0.8650952858575727,1.0
sent-s43,switched,43,2,eng-zho,0.2367101303911735,0.1033099297893681,0.0409461855888366,0.5833378434181213,0.4256311953067779,0.993975903614458,0.9625558402113972,0.3465380341513995,0.4593781344032096,7.0
sent-s43,switched,43,2,nld-zho,0.1890672016048144,0.0862587763289869,0.0365535020828247,0.5812760591506958,0.4330601990222931,0.988453815261044,0.9467589515534556,0.282223102983375,0.3655967903711133,12.5
sent-s43,switched,43,3,eng-nld,0.7437311935807422,0.4929789368104313,0.0604721903800964,0.6806730031967163,0.3177443444728851,1.0,0.9951677321119986,0.8074687209408106,0.8846539618856569,1.0
sent-s43,switched,43,3,eng-zho,0.2743229689067201,0.1288866599799398,0.0431039929389953,0.5897956490516663,0.4198087453842163,0.9959839357429718,0.9692269579823808,0.3859584081023083,0.506519558676028,5.0
sent-s43,switched,43,3,nld-zho,0.1870611835506519,0.0902708124373119,0.0379529595375061,0.5829557776451111,0.4319817423820495,0.9909638554216867,0.9526189008793448,0.2905320863470095,0.3976930792377131,10.0
sent-s43,switched,43,4,eng-nld,0.7808425275827482,0.59679037111334,0.0772991776466369,0.6606025695800781,0.3256252110004425,1.0,0.9965262252621316,0.8375290403948656,0.909729187562688,1.0
sent-s43,switched,43,4,eng-zho,0.3279839518555667,0.1855566700100301,0.0515404343605041,0.5729947686195374,0.4159227311611175,0.9969879518072288,0.9749917422951584,0.4394760929559667,0.5521564694082247,4.0
sent-s43,switched,43,4,nld-zho,0.2206619859578736,0.1278836509528585,0.0474250316619873,0.5592257380485535,0.4306266605854034,0.9929718875502008,0.9588937495216574,0.3260281391559023,0.4408224674022066,8.0
sent-s43,switched,43,5,eng-nld,0.8279839518555667,0.6680040120361084,0.0808846354484558,0.6772674918174744,0.3233993947505951,1.0,0.9978937817468468,0.8746084827789221,0.932296890672016,1.0
sent-s43,switched,43,5,eng-zho,0.3966900702106318,0.2372116349047141,0.053901195526123,0.5982827544212341,0.4080534279346466,0.9984939759036144,0.983008765251578,0.5106445030520053,0.645937813440321,2.5
sent-s43,switched,43,5,nld-zho,0.2833500501504513,0.156469408224674,0.04852956533432,0.5798947215080261,0.4208650290966034,0.9959839357429718,0.9709550337760268,0.3948831973313846,0.5150451354062187,5.0
sent-s43,switched,43,6,eng-nld,0.89518555667001,0.7703109327983952,0.097170352935791,0.6900960803031921,0.3321988880634308,1.0,0.9991561028466928,0.9265479658087012,0.9674022066198597,1.0
sent-s43,switched,43,6,eng-zho,0.4974924774322969,0.3194583751253761,0.0684084296226501,0.6195435523986816,0.4126772582530975,0.998995983935743,0.9918409848017948,0.6095679247640214,0.7417251755265798,2.0
sent-s43,switched,43,6,nld-zho,0.3896690070210632,0.2402206619859578,0.0624113678932189,0.6002435088157654,0.4206468164920807,0.998995983935743,0.9842635335726052,0.5096509273893348,0.6489468405215647,2.0
sent-s43,switched,43,7,eng-nld,0.8956870611835507,0.7678034102306921,0.1115484833717346,0.7009180188179016,0.3688841164112091,1.0,0.9993106830531756,0.929699089045522,0.9699097291875628,1.0
sent-s43,switched,43,7,eng-zho,0.5165496489468405,0.3350050150451353,0.0758034586906433,0.6368775367736816,0.4602108299732208,1.0,0.9929829649591344,0.6286986805714723,0.7713139418254764,1.0
sent-s43,switched,43,7,nld-zho,0.4182547642928786,0.2367101303911735,0.0690076947212219,0.6076130867004395,0.4657616019248962,0.998995983935743,0.9862992592234536,0.5347007624728314,0.6589769307923772,2.0
sent-s43,switched,43,8,eng-nld,0.8861584754262788,0.7362086258776329,0.1522266864776611,0.7030494213104248,0.4527787566184997,1.0,0.99927140860332,0.9227415103874468,0.966900702106319,1.0
sent-s43,switched,43,8,eng-zho,0.4989969909729187,0.3014042126379137,0.0947964787483215,0.6368823051452637,0.5538031458854675,0.998995983935743,0.9922886128264312,0.6132037676528704,0.7497492477432297,2.0
sent-s43,switched,43,8,nld-zho,0.3966900702106319,0.220160481444333,0.0881012678146362,0.6019518375396729,0.5562995672225952,0.998995983935743,0.9857393465537174,0.5194355392750603,0.6579739217652959,2.0
sent-s43,switched,43,9,eng-nld,0.866098294884654,0.6985957873620863,0.1826860308647155,0.710935115814209,0.5532425045967102,1.0,0.9991389832147044,0.9102529214341268,0.9679037111334002,1.0
sent-s43,switched,43,9,eng-zho,0.4994984954864594,0.2678034102306921,0.1140585839748382,0.6481354832649231,0.6657670736312866,0.998995983935743,0.9925484284177836,0.6113690498118625,0.7422266800401204,2.0
sent-s43,switched,43,9,nld-zho,0.3896690070210632,0.2086258776328987,0.1030264794826507,0.6148523688316345,0.6756882667541504,0.998995983935743,0.9871391282280576,0.5197887314201455,0.6720160481444333,2.0
sent-s43,switched,43,10,eng-nld,0.8410230692076228,0.6389167502507522,0.2021414935588836,0.7123664617538452,0.6274175047874451,1.0,0.9990503639432352,0.8954269379444386,0.961384152457372,1.0
sent-s43,switched,43,10,eng-zho,0.4172517552657974,0.2026078234704112,0.119670420885086,0.6450977325439453,0.8106511235237122,0.998995983935743,0.9901088808594458,0.5430872162717199,0.6915747241725175,2.0
sent-s43,switched,43,10,nld-zho,0.3470411233701103,0.1740220661985957,0.1129218339920044,0.6144664883613586,0.815102756023407,0.997991967871486,0.985138648878362,0.4768958837534454,0.6359077231695085,3.0
sent-s43,switched,43,11,eng-nld,0.7873620862587764,0.5035105315947843,0.2006787657737732,0.7039585709571838,0.7141954302787781,1.0,0.9985498664668704,0.8581888096958014,0.944332998996991,1.0
sent-s43,switched,43,11,eng-zho,0.316950852557673,0.1384152457372116,0.1151727139949798,0.6312757730484009,0.973797619342804,0.997991967871486,0.9834025167873096,0.4456748045627923,0.5957873620862588,3.0
sent-s43,switched,43,11,nld-zho,0.2698094282848545,0.1078234704112337,0.1071438193321228,0.6030134558677673,0.9732744693756104,0.9959839357429718,0.9790631935968548,0.3974611510549187,0.5396188565697091,5.0
sent-s43,switched,43,12,eng-nld,0.7206619859578736,0.4042126379137412,0.1659281253814697,0.6955154538154602,0.7137234210968018,1.0,0.9976007339286936,0.809726727513418,0.9207622868605816,1.0
sent-s43,switched,43,12,eng-zho,0.1995987963891675,0.0677031093279839,0.0925549790263176,0.6057524681091309,1.0915157794952393,0.9919678714859438,0.9555720373973328,0.3011936657581758,0.3946840521564694,9.0
sent-s43,switched,43,12,nld-zho,0.1670010030090271,0.0501504513540621,0.0861049965023994,0.5807931423187256,1.095342993736267,0.9889558232931728,0.952636524029921,0.2689723162313127,0.358074222668004,12.0
sent-s44,switched,44,0,eng-nld,0.3585757271815446,0.1915747241725175,0.0680356621742248,0.6335529685020447,0.5731700658798218,0.9949799196787148,0.927645385957068,0.4257248342742677,0.4899699097291876,6.0
sent-s44,switched,44,0,eng-zho,0.0406218655967903,0.0190571715145436,0.0354498326778411,0.5112568736076355,0.9731674790382384,0.8483935742971888,0.7694927150930703,0.0739508451484829,0.0902708124373119,152.0
sent-s44,switched,44,0,nld-zho,0.0416248746238716,0.0170511534603811,0.0339064002037048,0.4963904023170471,0.9834986329078674,0.8383534136546185,0.7620240238788655,0.0744140212048776,0.0897693079237713,162.0
sent-s44,switched,44,1,eng-nld,0.7311935807422267,0.4944834503510531,0.1039186120033264,0.5934690833091736,0.4193561971187591,1.0,0.9935111559578332,0.7936876482802303,0.8620862587763289,1.0
sent-s44,switched,44,1,eng-zho,0.2176529588766299,0.084754262788365,0.0621044635772705,0.5200784802436829,0.5509796142578125,0.9909638554216867,0.9480348676551744,0.315882341207899,0.4147442326980943,10.0
sent-s44,switched,44,1,nld-zho,0.1970912738214644,0.0877632898696088,0.0558587312698364,0.5029242634773254,0.5572888851165771,0.9889558232931728,0.9385515985708128,0.2884574507568729,0.3696088264794383,12.0
sent-s44,switched,44,2,eng-nld,0.7171514543630892,0.4638916750250752,0.059679627418518,0.696482241153717,0.3147076666355133,1.0,0.9932352277716684,0.7817466808955915,0.858074222668004,1.0
sent-s44,switched,44,2,eng-zho,0.2407221664994985,0.1068204613841524,0.0409309864044189,0.6073903441429138,0.4145111441612243,0.9929718875502008,0.963173657518741,0.34834527524431,0.4523570712136409,8.0
sent-s44,switched,44,2,nld-zho,0.2221664994984954,0.0882647943831494,0.0389492511749267,0.6008095145225525,0.4189144968986511,0.9909638554216867,0.9507684700688412,0.3190401437631252,0.4127382146439318,10.0
sent-s44,switched,44,3,eng-nld,0.7362086258776329,0.4989969909729187,0.0585567355155944,0.703803539276123,0.3035973608493805,1.0,0.9940443821424112,0.7968401864962721,0.8665997993981945,1.0
sent-s44,switched,44,3,eng-zho,0.2803410230692076,0.1384152457372116,0.0415259003639221,0.6199284195899963,0.3892455399036407,0.9959839357429718,0.9702747801637844,0.3915763112477577,0.5075225677031093,5.0
sent-s44,switched,44,3,nld-zho,0.2337011033099297,0.107321965897693,0.0380439758300781,0.6086156964302063,0.3981331884860992,0.9929718875502008,0.9580367608850648,0.3358894990722151,0.436308926780341,8.0
sent-s44,switched,44,4,eng-nld,0.7888665997993982,0.6093279839518556,0.074729323387146,0.6751153469085693,0.31067556142807,1.0,0.9964431446951296,0.8425410682362708,0.905717151454363,1.0
sent-s44,switched,44,4,eng-zho,0.3329989969909729,0.1960882647943831,0.0530101656913757,0.5989981889724731,0.3973317742347717,0.9969879518072288,0.9766513395608512,0.4460452937050551,0.5692076228686058,4.0
sent-s44,switched,44,4,nld-zho,0.2632898696088265,0.1399197592778335,0.0469568967819213,0.5778177380561829,0.4013817012310028,0.9949799196787148,0.9667355480094902,0.3715266123315789,0.4864593781344032,6.0
sent-s44,switched,44,5,eng-nld,0.8345035105315948,0.7021063189568706,0.0770848989486694,0.6845651865005493,0.2969923019409179,1.0,0.9975000302111152,0.8803087587183853,0.938816449348044,1.0
sent-s44,switched,44,5,eng-zho,0.4077231695085255,0.2487462387161484,0.054339051246643,0.6134175062179565,0.3854342103004455,0.998995983935743,0.9834246716051768,0.52039420783495,0.6514543630892679,2.0
sent-s44,switched,44,5,nld-zho,0.3204613841524574,0.1910732196589769,0.0495239496231079,0.5898520350456238,0.3836884200572967,0.9969879518072288,0.9758235550023564,0.4329115572290339,0.559679037111334,4.0
sent-s44,switched,44,6,eng-nld,0.8776328986960883,0.7186559679037112,0.0859894752502441,0.6914310455322266,0.3289105892181396,1.0,0.9986611440747948,0.9166579281965392,0.966900702106319,1.0
sent-s44,switched,44,6,eng-zho,0.4613841524573721,0.2723169508525577,0.0583778619766235,0.6264099478721619,0.424282431602478,0.998995983935743,0.9894940846636294,0.5779068301406427,0.7146439317953862,2.0
sent-s44,switched,44,6,nld-zho,0.3640922768304915,0.2036108324974924,0.0529726147651672,0.59083491563797,0.4221671819686889,0.997991967871486,0.9816955887743553,0.4817144554060464,0.6163490471414242,3.0
sent-s44,switched,44,7,eng-nld,0.8806419257773319,0.7151454363089267,0.104530394077301,0.698706328868866,0.3733278512954712,1.0,0.9991344515474132,0.9212329308832568,0.9704112337011032,1.0
sent-s44,switched,44,7,eng-zho,0.4939819458375125,0.2873620862587763,0.0687224864959716,0.6318851113319397,0.472611516714096,0.998995983935743,0.9910358585797552,0.6122301783072616,0.7557673019057172,2.0
sent-s44,switched,44,7,nld-zho,0.3931795386158475,0.2196589769307924,0.0630292892456054,0.5958716869354248,0.468779057264328,0.997991967871486,0.9831990952778014,0.5083487861397089,0.6449348044132397,3.0
sent-s44,switched,44,8,eng-nld,0.8896690070210632,0.7231695085255767,0.139268696308136,0.7009624242782593,0.4418027997016907,1.0,0.9992024265567788,0.9258949699844536,0.9699097291875628,1.0
sent-s44,switched,44,8,eng-zho,0.5015045135406219,0.2818455366098295,0.0903635025024414,0.6418169736862183,0.5651884078979492,1.0,0.9922649474528,0.6164994191470555,0.7587763289869609,1.0
sent-s44,switched,44,8,nld-zho,0.4182547642928786,0.2357071213640922,0.0819371342658996,0.6006563305854797,0.5523891448974609,0.998995983935743,0.985128578506604,0.5322057619588614,0.6664994984954865,2.0
sent-s44,switched,44,9,eng-nld,0.8711133400200601,0.7046138415245737,0.1864760518074035,0.7105154991149902,0.5319331884384155,1.0,0.9989743326364636,0.913348420104202,0.9658976930792376,1.0
sent-s44,switched,44,9,eng-zho,0.5,0.2933801404212638,0.1201480031013488,0.6466610431671143,0.667841911315918,0.9994979919678716,0.9924839780385332,0.6163781706715826,0.7552657973921765,1.5
sent-s44,switched,44,9,nld-zho,0.4287863590772317,0.2632898696088265,0.1101331710815429,0.6103739738464355,0.6497234106063843,0.998995983935743,0.9863783116417526,0.5457051679617823,0.6840521564694082,2.0
sent-s44,switched,44,10,eng-nld,0.8365095285857573,0.6103309929789368,0.2067223787307739,0.7041412591934204,0.6280331015586853,1.0,0.9986475490729216,0.892650742425489,0.961384152457372,1.0
sent-s44,switched,44,10,eng-zho,0.4262788365095286,0.226680040120361,0.1307806372642517,0.6453769207000732,0.8172597289085388,0.998995983935743,0.9895932778254444,0.5541704156196318,0.7001003009027081,2.0
sent-s44,switched,44,10,nld-zho,0.3645937813440321,0.1940822467402206,0.1220397353172302,0.6138540506362915,0.8090476393699646,0.997991967871486,0.9844427861898948,0.4907797435511121,0.6323971915747242,3.0
sent-s44,switched,44,11,eng-nld,0.773319959879639,0.4984954864593781,0.2023574113845825,0.6949730515480042,0.7008735537528992,1.0,0.9981208686299864,0.851529263412121,0.950852557673019,1.0
sent-s44,switched,44,11,eng-zho,0.3329989969909729,0.1459378134403209,0.1198176443576812,0.6358591318130493,0.9854961037635804,0.997991967871486,0.9830324306252088,0.4613707828766193,0.6173520561685055,3.0
sent-s44,switched,44,11,nld-zho,0.2828485456369107,0.1088264794383149,0.1140129193663597,0.6069501638412476,0.9783647060394288,0.9969879518072288,0.9776417606232352,0.4071580332920416,0.5511534603811434,4.0
sent-s44,switched,44,12,eng-nld,0.7036108324974925,0.4082246740220662,0.1658523678779602,0.6897521615028381,0.7048122882843018,1.0,0.9968736530877774,0.7986632184275863,0.9182547642928788,1.0
sent-s44,switched,44,12,eng-zho,0.2136409227683049,0.0697091273821464,0.0952280238270759,0.6085989475250244,1.091363787651062,0.9929718875502008,0.960105215244126,0.3246329506345303,0.4408224674022066,8.0
sent-s44,switched,44,12,nld-zho,0.1780341023069207,0.0536609829488465,0.0935094058513641,0.5805642604827881,1.0885789394378662,0.9919678714859438,0.9546526124558414,0.2887114088751356,0.4067201604814443,9.0
sent-s45,switched,45,0,eng-nld,0.3530591775325977,0.1980942828485456,0.074366271495819,0.6401357650756836,0.5987658500671387,0.9949799196787148,0.9301010461102182,0.425621017576428,0.4974924774322969,6.0
sent-s45,switched,45,0,eng-zho,0.0446339017051153,0.0230692076228686,0.0391486287117004,0.5081190466880798,1.0127581357955933,0.8589357429718876,0.7834678735000181,0.0788161050985511,0.0947843530591775,141.5
sent-s45,switched,45,0,nld-zho,0.0486459378134403,0.0220661985957873,0.0368001759052276,0.4943967461585998,1.0230616331100464,0.8373493975903614,0.7555492783571598,0.0784066876047284,0.0952858575727181,163.0
sent-s45,switched,45,1,eng-nld,0.7291875626880642,0.5040120361083249,0.1072081327438354,0.612633466720581,0.4228047728538513,1.0,0.9938882913801644,0.797759219668995,0.8836509528585758,1.0
sent-s45,switched,45,1,eng-zho,0.2522567703109328,0.125877632898696,0.063416838645935,0.5429168343544006,0.5531185865402222,0.993975903614458,0.9571223711294524,0.3512061073528387,0.454864593781344,7.0
sent-s45,switched,45,1,nld-zho,0.1955867602808425,0.0902708124373119,0.0604861378669738,0.5178977847099304,0.55721116065979,0.9879518072289156,0.9472750581060452,0.2842418140226303,0.3630892678034102,13.0
sent-s45,switched,45,2,eng-nld,0.728184553660983,0.458876629889669,0.0609521269798278,0.697113573551178,0.3233152031898498,1.0,0.9936309933817516,0.7916720892485871,0.8655967903711134,1.0
sent-s45,switched,45,2,eng-zho,0.2783350050150451,0.1198595787362086,0.0419631004333496,0.6090636253356934,0.4226848781108856,0.9949799196787148,0.9697168815684,0.3840060832111187,0.4899699097291876,6.0
sent-s45,switched,45,2,nld-zho,0.2001003009027081,0.0857572718154463,0.0410566926002502,0.5963910818099976,0.4279001653194427,0.9909638554216867,0.957158120949193,0.3003805605275786,0.3956870611835506,10.0
sent-s45,switched,45,3,eng-nld,0.7452357071213641,0.5055165496489469,0.0602085590362548,0.7057652473449707,0.3070715665817261,1.0,0.9947291674219444,0.806121453170195,0.8796389167502507,1.0
sent-s45,switched,45,3,eng-zho,0.3229689067201605,0.1579739217652959,0.0436843633651733,0.620329737663269,0.3944909274578094,0.9969879518072288,0.974975629700346,0.4327393018214156,0.5631895687061184,4.0
sent-s45,switched,45,3,nld-zho,0.2041123370110331,0.1078234704112336,0.0419105291366577,0.6031338572502136,0.4009527266025543,0.9929718875502008,0.9629002469255156,0.3135083153296284,0.4262788365095286,8.0
sent-s45,switched,45,4,eng-nld,0.7903711133400201,0.6113340020060181,0.0726483464241027,0.6717271208763123,0.3112396597862243,1.0,0.9963827224645824,0.8426981940585838,0.905717151454363,1.0
sent-s45,switched,45,4,eng-zho,0.3615847542627883,0.2236710130391173,0.05076265335083,0.594756543636322,0.3986080884933471,0.997991967871486,0.9776357184001804,0.4746642210098079,0.6003009027081244,3.0
sent-s45,switched,45,4,nld-zho,0.2427281845536609,0.1474423269809428,0.0460572242736816,0.5704196691513062,0.4048442840576172,0.9949799196787148,0.9668936528460884,0.3540792800295106,0.4704112337011033,6.0
sent-s45,switched,45,5,eng-nld,0.8615847542627884,0.730692076228686,0.082171618938446,0.6792764067649841,0.3086293935775757,1.0,0.9984234833013096,0.9038534798324256,0.956369107321966,1.0
sent-s45,switched,45,5,eng-zho,0.4578736208625877,0.3014042126379137,0.0565952062606811,0.606942892074585,0.3961163163185119,0.998995983935743,0.9866567574208568,0.5707152193679909,0.7091273821464393,2.0
sent-s45,switched,45,5,nld-zho,0.3465396188565697,0.2066198595787362,0.0517394542694091,0.5840063095092773,0.3952400684356689,0.997991967871486,0.9786583646521896,0.4587153032542429,0.5862587763289869,3.0
sent-s45,switched,45,6,eng-nld,0.8996990972918757,0.7627883650952858,0.0950572490692138,0.6938832402229309,0.3392159044742584,1.0,0.999262345268738,0.9320752881019702,0.9729187562688064,1.0
sent-s45,switched,45,6,eng-zho,0.5441323971915747,0.3360080240722166,0.0656372904777526,0.6264575719833374,0.4276001453399658,1.0,0.992442185995738,0.6476677883586104,0.7753259779338014,1.0
sent-s45,switched,45,6,nld-zho,0.4242728184553661,0.2562688064192577,0.0598407983779907,0.5968459844589233,0.419228196144104,0.998995983935743,0.986119503087576,0.536324572565615,0.6710130391173521,2.0
sent-s45,switched,45,7,eng-nld,0.9067201604814444,0.7637913741223672,0.1177589297294616,0.7050464749336243,0.3829206824302673,1.0,0.9995584141984186,0.9380646476258608,0.978936810431294,1.0
sent-s45,switched,45,7,eng-zho,0.5631895687061184,0.3385155466399198,0.0799691677093505,0.6424705982208252,0.4702510833740234,1.0,0.9940066182483192,0.6700368160321847,0.7953861584754263,1.0
sent-s45,switched,45,7,nld-zho,0.4538615847542627,0.2693079237713139,0.0736339688301086,0.6079902648925781,0.4619312584400177,0.998995983935743,0.9880776868758886,0.5654320847399685,0.6915747241725175,2.0
sent-s45,switched,45,8,eng-nld,0.8906720160481444,0.7552657973921766,0.1442515254020691,0.7041595578193665,0.4426887631416321,1.0,0.9994365627001486,0.927267192123168,0.973420260782347,1.0
sent-s45,switched,45,8,eng-zho,0.5386158475426279,0.3184553660982949,0.0968915820121765,0.6426533460617065,0.5509358048439026,1.0,0.9936591904226736,0.650471532722179,0.7863590772316951,1.0
sent-s45,switched,45,8,nld-zho,0.4353059177532598,0.257271815446339,0.0877103209495544,0.6060025095939636,0.5444691181182861,0.998995983935743,0.9873314723286324,0.5509860526584264,0.6920762286860582,2.0
sent-s45,switched,45,9,eng-nld,0.8826479438314945,0.7412236710130391,0.1791450977325439,0.7090275287628174,0.5106730461120605,1.0,0.9994169254752208,0.9219716165009728,0.9719157472417252,1.0
sent-s45,switched,45,9,eng-zho,0.5210631895687061,0.2963891675025075,0.1144475638866424,0.6422408819198608,0.6651524901390076,1.0,0.9926702799160534,0.6348949336033989,0.765295887662989,1.0
sent-s45,switched,45,9,nld-zho,0.4192577733199598,0.2542627883650953,0.1071221232414245,0.6112791895866394,0.6546958088874817,0.998995983935743,0.98675393650832,0.5404714184068382,0.6825476429287863,2.0
sent-s45,switched,45,10,eng-nld,0.8460381143430291,0.6374122367101304,0.1944489181041717,0.7079584002494812,0.611808717250824,1.0,0.9991112896923704,0.8980553297767918,0.9643931795386158,1.0
sent-s45,switched,45,10,eng-zho,0.4433299899699097,0.2136409227683049,0.1231549978256225,0.6427988409996033,0.8149812817573547,0.998995983935743,0.98969700265455,0.5630255520453744,0.7011033099297894,2.0
sent-s45,switched,45,10,nld-zho,0.3761283851554664,0.1920762286860581,0.1171201765537262,0.6167418360710144,0.8034080266952515,0.997991967871486,0.985101388502858,0.5023613193194422,0.6534603811434303,3.0
sent-s45,switched,45,11,eng-nld,0.7843530591775326,0.5260782347041123,0.1947942674160003,0.6958449482917786,0.6942410469055176,1.0,0.9985483559111068,0.8586795190321181,0.9528585757271816,1.0
sent-s45,switched,45,11,eng-zho,0.3264794383149448,0.1283851554663992,0.1150769889354705,0.629119336605072,0.9918165802955629,0.9969879518072288,0.9811799857403536,0.4471166557272651,0.5817452357071213,4.0
sent-s45,switched,45,11,nld-zho,0.294383149448345,0.1203610832497492,0.1137081086635589,0.6056084632873535,0.9898534417152404,0.9969879518072288,0.9780284628987364,0.4130960966137716,0.5416248746238717,4.0
sent-s45,switched,45,12,eng-nld,0.7301905717151453,0.4102306920762286,0.162935197353363,0.6841241121292114,0.7051257491111755,1.0,0.9975977128171664,0.8160353097167701,0.9172517552657974,1.0
sent-s45,switched,45,12,eng-zho,0.2006018054162487,0.0672016048144433,0.0913721024990081,0.5991857051849365,1.098052978515625,0.9909638554216867,0.9545161589185228,0.3022520700075518,0.4052156469408224,10.0
sent-s45,switched,45,12,nld-zho,0.1740220661985957,0.0551654964894684,0.0917290896177291,0.5750742554664612,1.0955965518951416,0.9899598393574296,0.9536626949120454,0.2799624232598565,0.3841524573721163,11.0
sent-s46,switched,46,0,eng-nld,0.3585757271815446,0.1970912738214644,0.0722701549530029,0.6192622780799866,0.5919158458709717,0.9959839357429718,0.9312671951597764,0.4296385189790249,0.5015045135406219,5.0
sent-s46,switched,46,0,eng-zho,0.0451354062186559,0.0215646940822467,0.0370520651340484,0.4939916729927063,1.0043022632598877,0.8433734939759037,0.7628946075173311,0.0768007906218332,0.092778335005015,157.0
sent-s46,switched,46,0,nld-zho,0.0416248746238716,0.0215646940822467,0.0349503755569458,0.4787384569644928,1.008330464363098,0.8132530120481928,0.7420680716849344,0.074462069360022,0.0917753259779338,187.0
sent-s46,switched,46,1,eng-nld,0.7412236710130391,0.5040120361083249,0.113690435886383,0.5963793992996216,0.4339719712734222,1.0,0.994236726242986,0.8032591000359431,0.8731193580742227,1.0
sent-s46,switched,46,1,eng-zho,0.2286860581745236,0.1138415245737211,0.0643449425697326,0.5295795202255249,0.569963812828064,0.9929718875502008,0.9527699564557124,0.330274051946075,0.432296890672016,8.0
sent-s46,switched,46,1,nld-zho,0.1835506519558676,0.0837512537612838,0.0565519928932189,0.5118753910064697,0.5649145245552063,0.9879518072289156,0.940232343617197,0.2761653481365762,0.3570712136409227,13.0
sent-s46,switched,46,2,eng-nld,0.7321965897693079,0.4558676028084253,0.0589640736579895,0.6798583269119263,0.3194645643234253,1.0,0.994077614369212,0.7967445912510156,0.8686058174523571,1.0
sent-s46,switched,46,2,eng-zho,0.2527582748244734,0.0977933801404212,0.038692831993103,0.6030770540237427,0.4198223650455475,0.9949799196787148,0.966176138858342,0.3645593665267484,0.485456369107322,6.0
sent-s46,switched,46,2,nld-zho,0.2036108324974924,0.0827482447342026,0.0358420014381408,0.5888750553131104,0.4188688695430755,0.9909638554216867,0.9528339033163749,0.3046760293325714,0.4017051153460381,10.0
sent-s46,switched,46,3,eng-nld,0.7562688064192578,0.5145436308926781,0.0626753568649292,0.6756458878517151,0.3195927441120147,1.0,0.9952472880488856,0.8169164725285009,0.8886659979939819,1.0
sent-s46,switched,46,3,eng-zho,0.2963891675025075,0.1354062186559679,0.0428552031517028,0.601752758026123,0.407232254743576,0.9959839357429718,0.97190265575844,0.407984033929066,0.5295887662988967,5.0
sent-s46,switched,46,3,nld-zho,0.2256770310932798,0.1053159478435306,0.0384271740913391,0.5815574526786804,0.411408931016922,0.9929718875502008,0.9592769271670432,0.3288037093116259,0.4338014042126379,8.0
sent-s46,switched,46,4,eng-nld,0.8009027081243731,0.6173520561685055,0.0777375102043151,0.6597526669502258,0.3266956806182861,1.0,0.9967613684426776,0.8530610389360931,0.9227683049147444,1.0
sent-s46,switched,46,4,eng-zho,0.3490471414242728,0.20160481444333,0.0544480681419372,0.5866162180900574,0.4130361080169678,0.997991967871486,0.9761317083781464,0.4619994988165911,0.5897693079237714,3.0
sent-s46,switched,46,4,nld-zho,0.2352056168505516,0.1429287863590772,0.0460137128829956,0.5581162571907043,0.4103281497955322,0.9949799196787148,0.9653040446641128,0.3526302241633255,0.4844533600802407,6.0
sent-s46,switched,46,5,eng-nld,0.8640922768304915,0.7186559679037111,0.0854071378707885,0.6735249757766724,0.3274591565132141,1.0,0.9983771595912232,0.9046204673632954,0.9553660982948846,1.0
sent-s46,switched,46,5,eng-zho,0.4383149448345035,0.2502507522567703,0.0563015937805175,0.6047963500022888,0.4145446717739105,0.998995983935743,0.9838909298175652,0.5485179960465825,0.6780341023069207,2.0
sent-s46,switched,46,5,nld-zho,0.3234704112337011,0.1830491474423269,0.0500674843788147,0.577725350856781,0.4056053459644317,0.9969879518072288,0.974998791555389,0.4419561689506097,0.574222668004012,4.0
sent-s46,switched,46,6,eng-nld,0.8841524573721163,0.753259779338014,0.0918413400650024,0.6974038481712341,0.3372423946857452,1.0,0.9989038400341588,0.9217243131230164,0.9679037111334002,1.0
sent-s46,switched,46,6,eng-zho,0.4974924774322968,0.2788365095285857,0.0605319142341613,0.6251245737075806,0.4208367168903351,0.998995983935743,0.9900202615879768,0.6063448024238084,0.7266800401203611,2.0
sent-s46,switched,46,6,nld-zho,0.3821464393179539,0.2146439317953861,0.055466890335083,0.5956045985221863,0.4109201729297638,0.997991967871486,0.9824100816505742,0.5029798058014651,0.6474423269809428,3.0
sent-s46,switched,46,7,eng-nld,0.8931795386158475,0.7978936810431294,0.123116135597229,0.7053326368331909,0.3722582161426544,1.0,0.9991923561850208,0.9285308759043288,0.9749247743229688,1.0
sent-s46,switched,46,7,eng-zho,0.5371113340020061,0.3309929789368104,0.0802448391914367,0.6413187384605408,0.4763036072254181,1.0,0.9933268681546648,0.6501514989004407,0.7848545636910732,1.0
sent-s46,switched,46,7,nld-zho,0.4332998996990973,0.2567703109327984,0.0735897421836853,0.60719895362854,0.4686531722545624,0.998995983935743,0.987108917112784,0.5527157215498454,0.695085255767302,2.0
sent-s46,switched,46,8,eng-nld,0.899197592778335,0.7998996990972919,0.1660566926002502,0.7117302417755127,0.4322702884674072,1.0,0.99936455954208,0.931039913887169,0.9714142427281846,1.0
sent-s46,switched,46,8,eng-zho,0.555667001003009,0.3485456369107322,0.108318030834198,0.6482396721839905,0.5612895488739014,1.0,0.9941531421573958,0.6649759290255018,0.8009027081243731,1.0
sent-s46,switched,46,8,nld-zho,0.4448345035105316,0.2703109327983952,0.1004266142845153,0.6133755445480347,0.5580405592918396,0.998995983935743,0.9888339717949028,0.5657497932784571,0.7181544633901705,2.0
sent-s46,switched,46,9,eng-nld,0.868605817452357,0.728184553660983,0.199201613664627,0.7066751718521118,0.5406858921051025,1.0,0.9990161246792588,0.9101099964772252,0.9603811434302908,1.0
sent-s46,switched,46,9,eng-zho,0.5010030090270813,0.2773319959879639,0.1222358644008636,0.6483104825019836,0.6850252747535706,1.0,0.9928938421690774,0.6183110447049426,0.7582748244734202,1.0
sent-s46,switched,46,9,nld-zho,0.4017051153460381,0.2281845536609829,0.114732027053833,0.6112542748451233,0.6871262788772583,0.998995983935743,0.9870474878450614,0.5281938261600116,0.6800401203610833,2.0
sent-s46,switched,46,10,eng-nld,0.8475426278836509,0.6454363089267803,0.2083942592144012,0.7054724097251892,0.631695568561554,1.0,0.998644527961394,0.8941032185516157,0.9528585757271816,1.0
sent-s46,switched,46,10,eng-zho,0.4338014042126379,0.2146439317953861,0.1231639683246612,0.6492599248886108,0.8254355788230896,0.998995983935743,0.9903984040474838,0.555556637431672,0.6900702106318957,2.0
sent-s46,switched,46,10,nld-zho,0.3530591775325978,0.175025075225677,0.1159122288227081,0.6139165163040161,0.8255385756492615,0.997991967871486,0.9849583892238968,0.4780066128181677,0.6213640922768305,3.0
sent-s46,switched,46,11,eng-nld,0.7723169508525577,0.4979939819458375,0.1991140246391296,0.6974936723709106,0.7209428548812866,1.0,0.9981556114125508,0.847869544333487,0.9373119358074222,1.0
sent-s46,switched,46,11,eng-zho,0.3224674022066198,0.1208625877632898,0.1113541722297668,0.638011634349823,0.9914423823356628,0.997991967871486,0.9811925737050508,0.4464157956957069,0.5837512537612839,3.0
sent-s46,switched,46,11,nld-zho,0.2708124373119358,0.1053159478435305,0.1082145050168037,0.607092559337616,0.994413197040558,0.9959839357429718,0.9770994711040752,0.3949540297518368,0.5305917753259779,5.0
sent-s46,switched,46,12,eng-nld,0.7186559679037111,0.4202607823470411,0.1658787429332733,0.6879523992538452,0.7145462036132812,1.0,0.9971062786753836,0.8081030914684074,0.9137412236710132,1.0
sent-s46,switched,46,12,eng-zho,0.1885656970912738,0.066198595787362,0.0902135595679283,0.6087691187858582,1.092366099357605,0.9909638554216867,0.9508933426786382,0.2914671543277258,0.3856569709127382,10.0
sent-s46,switched,46,12,nld-zho,0.1609829488465396,0.0491474423269809,0.0864491090178489,0.5770290493965149,1.1013736724853516,0.9879518072289156,0.9473233958904828,0.262030624447536,0.3610832497492477,13.0
sent-s47,switched,47,0,eng-nld,0.3520561685055166,0.1925777331995988,0.0714957118034362,0.6241574287414551,0.5922349095344543,0.9949799196787148,0.9300139373945128,0.4237402669159634,0.4984954864593781,6.0
sent-s47,switched,47,0,eng-zho,0.0451354062186559,0.0225677031093279,0.0363833308219909,0.4946409165859222,1.0057072639465332,0.857429718875502,0.7761779313845151,0.0761203799932108,0.0877632898696088,143.0
sent-s47,switched,47,0,nld-zho,0.0441323971915747,0.018555667001003,0.0342974662780761,0.4836957156658172,1.007677674293518,0.8428714859437751,0.7617611871759857,0.0767108811007388,0.0912738214643931,157.5
sent-s47,switched,47,1,eng-nld,0.7337011033099298,0.5050150451354063,0.1074054241180419,0.5927510261535645,0.4321896135807037,1.0,0.9942332016128708,0.7963355897487076,0.8746238716148446,1.0
sent-s47,switched,47,1,eng-zho,0.2326980942828485,0.0992978936810431,0.0635963082313537,0.5254705548286438,0.5648708939552307,0.9919678714859438,0.9537538317764538,0.3294706727154562,0.4252758274824473,9.0
sent-s47,switched,47,1,nld-zho,0.1875626880641925,0.0947843530591775,0.0578774213790893,0.5116576552391052,0.5520464777946472,0.9889558232931728,0.9449216122262368,0.2838321722102389,0.3786359077231695,12.0
sent-s47,switched,47,2,eng-nld,0.7271815446339017,0.4608826479438315,0.0624768137931823,0.6878010034561157,0.3314145803451538,1.0,0.9942191030924098,0.7902033467961468,0.866098294884654,1.0
sent-s47,switched,47,2,eng-zho,0.2442326980942828,0.0787362086258776,0.042582094669342,0.5992550253868103,0.4395720958709717,0.9949799196787148,0.9670648491659718,0.3549676565601347,0.477432296890672,6.0
sent-s47,switched,47,2,nld-zho,0.2036108324974924,0.0922768304914744,0.0398719310760498,0.5970793962478638,0.428219199180603,0.9919678714859438,0.9554934884976214,0.3076980014473936,0.4037111334002006,9.0
sent-s47,switched,47,3,eng-nld,0.7362086258776328,0.4914744232698094,0.0641933679580688,0.6838257908821106,0.3291926085948944,1.0,0.9946823401932704,0.7977578236615047,0.870110330992979,1.0
sent-s47,switched,47,3,eng-zho,0.2853560682046138,0.1148445336008024,0.0441476702690124,0.6037411093711853,0.4248572587966919,0.9959839357429718,0.9740536871659152,0.4016746467796193,0.5300902708124373,5.0
sent-s47,switched,47,3,nld-zho,0.2246740220661986,0.1048144433299899,0.041597306728363,0.5969620943069458,0.4191020727157593,0.993975903614458,0.962355943332004,0.3361607240526175,0.4538615847542628,7.0
sent-s47,switched,47,4,eng-nld,0.79839518555667,0.6288866599799399,0.0813372135162353,0.6640691757202148,0.33195960521698,1.0,0.9968691214204862,0.8503456828246466,0.9092276830491476,1.0
sent-s47,switched,47,4,eng-zho,0.3550651955867603,0.2021063189568706,0.0563164353370666,0.5823779106140137,0.4241380989551544,0.997991967871486,0.9782711588581005,0.4671211726831651,0.594282848545637,3.0
sent-s47,switched,47,4,nld-zho,0.2683049147442327,0.1554663991975927,0.0514073371887207,0.5675433278083801,0.4169799387454986,0.9959839357429718,0.9706911900359712,0.3868305769217184,0.5155466399197592,5.0
sent-s47,switched,47,5,eng-nld,0.8600802407221665,0.69358074222668,0.0816361904144287,0.672439694404602,0.3241276443004608,1.0,0.9984144199667274,0.8991595748071561,0.9463390170511534,1.0
sent-s47,switched,47,5,eng-zho,0.4453360080240722,0.2597793380140421,0.0569952130317688,0.5998364090919495,0.4063465595245361,0.998995983935743,0.9866557503836813,0.5578228512208752,0.6855566700100301,2.0
sent-s47,switched,47,5,nld-zho,0.3380140421263791,0.2126379137412236,0.0521114468574523,0.5794888138771057,0.3992234170436859,0.997991967871486,0.981355713727528,0.4653965743720654,0.6133400200601805,3.0
sent-s47,switched,47,6,eng-nld,0.8876629889669008,0.7452357071213641,0.0901949405670166,0.6901735663414001,0.3361451029777527,1.0,0.9990302231997196,0.9224895801386784,0.966900702106319,1.0
sent-s47,switched,47,6,eng-zho,0.4969909729187562,0.2953861584754262,0.0623703598976135,0.6251657605171204,0.4246645271778106,0.998995983935743,0.9907629515051176,0.6055822476091466,0.7367101303911735,2.0
sent-s47,switched,47,6,nld-zho,0.3846539618856569,0.2316950852557673,0.056351363658905,0.5973688960075378,0.4169328212738037,0.998995983935743,0.9852479124119348,0.5097144417929877,0.6639919759277834,2.0
sent-s47,switched,47,7,eng-nld,0.9057171514543632,0.7808425275827482,0.1212748885154724,0.6945300698280334,0.3956946730613708,1.0,0.9994909427076408,0.9362525126692746,0.9754262788365096,1.0
sent-s47,switched,47,7,eng-zho,0.5366098294884654,0.320962888665998,0.0822242498397827,0.6331033110618591,0.4959350228309631,1.0,0.9938082319246896,0.6481360318205666,0.7803410230692076,1.0
sent-s47,switched,47,7,nld-zho,0.4232698094282848,0.2632898696088265,0.0749691128730773,0.5986407995223999,0.487817108631134,0.998995983935743,0.9888863377280436,0.550445894652789,0.70160481444333,2.0
sent-s47,switched,47,8,eng-nld,0.8906720160481445,0.778335005015045,0.1613547801971435,0.7039743661880493,0.4525052607059479,1.0,0.9994335415886212,0.9278984525704748,0.9724172517552658,1.0
sent-s47,switched,47,8,eng-zho,0.5391173520561685,0.3435305917753259,0.1088577508926391,0.6453870534896851,0.5839593410491943,1.0,0.9939074250865044,0.6529578386709824,0.7908726178535607,1.0
sent-s47,switched,47,8,nld-zho,0.4277833500501504,0.2743229689067201,0.1000108122825622,0.610097348690033,0.5714256167411804,0.998995983935743,0.988986537927034,0.5560783589439394,0.7041123370110332,2.0
sent-s47,switched,47,9,eng-nld,0.8791374122367102,0.7457372116349048,0.188075840473175,0.7068650126457214,0.5396623015403748,1.0,0.9992230708188824,0.917467908334549,0.9643931795386158,1.0
sent-s47,switched,47,9,eng-zho,0.4924774322968906,0.2833500501504513,0.1171969473361969,0.648164689540863,0.6951528191566467,0.998995983935743,0.9928520501262824,0.617904437785164,0.7678034102306921,2.0
sent-s47,switched,47,9,nld-zho,0.4112337011033099,0.2482447342026078,0.113466739654541,0.6126159429550171,0.6799397468566895,0.998995983935743,0.9884598574840988,0.5409083432272985,0.6915747241725175,2.0
sent-s47,switched,47,10,eng-nld,0.8515546639919759,0.6589769307923772,0.2095061242580413,0.7088857293128967,0.6265443563461304,1.0,0.9988716148445336,0.8982280228505436,0.9558676028084252,1.0
sent-s47,switched,47,10,eng-zho,0.4332998996990973,0.2181544633901705,0.1215316355228424,0.6493881940841675,0.8336804509162903,0.998995983935743,0.9902619505101652,0.5581727986327932,0.7136409227683049,2.0
sent-s47,switched,47,10,nld-zho,0.3615847542627883,0.1815446339017051,0.1224742233753204,0.6170071363449097,0.8221070766448975,0.997991967871486,0.9861325945708612,0.4911940849582029,0.6349047141424273,3.0
sent-s47,switched,47,11,eng-nld,0.7933801404212638,0.5115346038114343,0.195346713066101,0.7010408043861389,0.698603630065918,1.0,0.9983434238458349,0.8602122848172311,0.944332998996991,1.0
sent-s47,switched,47,11,eng-zho,0.3360080240722166,0.1168505516549649,0.1103470996022224,0.6361390948295593,0.9950673580169678,0.9969879518072288,0.9823003145984136,0.4549575631122332,0.5917753259779338,4.0
sent-s47,switched,47,11,nld-zho,0.2823470411233701,0.111334002006018,0.1123920977115631,0.6046838760375977,0.9918514490127563,0.9969879518072288,0.9794232093871976,0.4082200321962923,0.5496489468405216,4.0
sent-s47,switched,47,12,eng-nld,0.7301905717151455,0.3911735205616851,0.162427932024002,0.6903188824653625,0.7000885605812073,1.0,0.9972991262945462,0.8133440431247184,0.9122367101303912,1.0
sent-s47,switched,47,12,eng-zho,0.2001003009027081,0.0611835506519558,0.0895577669143676,0.6081969738006592,1.1072149276733398,0.9919678714859438,0.9557885503901262,0.3030718060462524,0.4142427281845536,9.0
sent-s47,switched,47,12,nld-zho,0.1634904714142427,0.051654964894684,0.0913839861750602,0.5782124400138855,1.103776931762695,0.9899598393574296,0.955108296777884,0.2710412527126893,0.3751253761283851,11.0
sent-s48,switched,48,0,eng-nld,0.358074222668004,0.1915747241725175,0.0729113221168518,0.6267508268356323,0.5980020761489868,0.9954819277108432,0.9298956105263582,0.4281707574705663,0.5,5.5
sent-s48,switched,48,0,eng-zho,0.0416248746238716,0.0235707121364092,0.0367434620857238,0.4981309771537781,1.0007606744766235,0.8423694779116466,0.7667359508243606,0.0736880054631326,0.0912738214643931,158.0
sent-s48,switched,48,0,nld-zho,0.0466399197592778,0.0220661985957873,0.0349935889244079,0.4858135879039764,1.012657642364502,0.8303212851405622,0.7536968334723044,0.0801866086193179,0.0992978936810431,170.0
sent-s48,switched,48,1,eng-nld,0.726680040120361,0.4964894684052157,0.1016622185707092,0.6072280406951904,0.4283874928951263,1.0,0.9943500179252616,0.7888258595025143,0.8615847542627884,1.0
sent-s48,switched,48,1,eng-zho,0.2051153460381143,0.1103309929789368,0.0596182346343994,0.5301324129104614,0.5551421046257019,0.9919678714859438,0.9544668140969093,0.311400088232904,0.4122367101303911,9.0
sent-s48,switched,48,1,nld-zho,0.1835506519558676,0.0897693079237713,0.0559135675430297,0.5121451020240784,0.5598547458648682,0.9869477911646586,0.9406517746009112,0.2743649031346523,0.358074222668004,14.0
sent-s48,switched,48,2,eng-nld,0.7051153460381143,0.4428284854563691,0.0558846592903137,0.6881753206253052,0.3220197558403015,1.0,0.9939869810233914,0.7746306103376329,0.8610832497492478,1.0
sent-s48,switched,48,2,eng-zho,0.2337011033099297,0.1133400200601805,0.0380785465240478,0.5928969383239746,0.4157144129276275,0.993975903614458,0.9663050396168426,0.3470190858616122,0.4663991975927783,7.0
sent-s48,switched,48,2,nld-zho,0.1870611835506519,0.0867602808425275,0.0351513028144836,0.5897262096405029,0.4207560122013092,0.9899598393574296,0.9526284677325147,0.2851174535579618,0.3811434302908726,11.0
sent-s48,switched,48,3,eng-nld,0.7442326980942828,0.5110330992978938,0.0631729364395141,0.6763373613357544,0.3296170830726623,1.0,0.99559018420724,0.8062093083592836,0.8846539618856569,1.0
sent-s48,switched,48,3,eng-zho,0.2928786359077232,0.1529588766298896,0.0444065928459167,0.5875817537307739,0.4089904129505157,0.9964859437751004,0.9748839893173497,0.4091207057176526,0.541123370110331,4.5
sent-s48,switched,48,3,nld-zho,0.2186559679037111,0.1068204613841524,0.0397128462791442,0.5760161876678467,0.4160946607589721,0.9929718875502008,0.9615578663701948,0.3235481019781864,0.4327983951855567,8.0
sent-s48,switched,48,4,eng-nld,0.8179538615847542,0.6374122367101305,0.0822997689247131,0.661577045917511,0.3392968475818634,1.0,0.9976903602373386,0.8657677763843753,0.9222668004012036,1.0
sent-s48,switched,48,4,eng-zho,0.3681043129388164,0.2316950852557673,0.055085003376007,0.5831782817840576,0.4155028164386749,0.997991967871486,0.9809146314445344,0.4867248448556795,0.6238716148445336,3.0
sent-s48,switched,48,4,nld-zho,0.2632898696088265,0.1554663991975927,0.0507471561431884,0.5597898960113525,0.4211865961551666,0.9949799196787148,0.970305998316234,0.3773354493245496,0.4964894684052156,6.0
sent-s48,switched,48,5,eng-nld,0.8731193580742227,0.7331995987963892,0.0976703763008117,0.6777495741844177,0.3418275117874145,1.0,0.9989778572665788,0.9135944433632732,0.9658976930792376,1.0
sent-s48,switched,48,5,eng-zho,0.4724172517552658,0.2878635907723169,0.0638524293899536,0.6067212224006653,0.4212111234664917,0.998995983935743,0.988847063278188,0.5842632639682565,0.7151454363089268,2.0
sent-s48,switched,48,5,nld-zho,0.339518555667001,0.2146439317953861,0.0604757666587829,0.5802692770957947,0.4210852980613708,0.997991967871486,0.9803995319291208,0.4597956045661409,0.5937813440320963,3.0
sent-s48,switched,48,6,eng-nld,0.8791374122367102,0.7432296890672017,0.1052286624908447,0.6908153891563416,0.3628180623054504,1.0,0.9992089722984212,0.92067143054865,0.9704112337011032,1.0
sent-s48,switched,48,6,eng-zho,0.5090270812437312,0.3059177532597793,0.0695655345916748,0.6258278489112854,0.4404004514217376,1.0,0.9906582196388364,0.6156183581676574,0.742728184553661,1.0
sent-s48,switched,48,6,nld-zho,0.3681043129388164,0.2251755265797392,0.0629454851150512,0.5972024202346802,0.4429322183132171,0.997991967871486,0.9829322304262184,0.4879716019201763,0.6263791374122367,3.0
sent-s48,switched,48,7,eng-nld,0.8921765295887663,0.779839518555667,0.1333195567131042,0.7105714082717896,0.3986432552337646,1.0,0.999337369538334,0.929888625883799,0.9764292878635908,1.0
sent-s48,switched,48,7,eng-zho,0.537111334002006,0.347542627883651,0.085716426372528,0.6423063278198242,0.4991292059421539,1.0,0.9928686662396828,0.6460360528256435,0.7763289869608826,1.0
sent-s48,switched,48,7,nld-zho,0.4027081243731193,0.2592778335005015,0.0799248814582824,0.611501932144165,0.5050633549690247,0.998995983935743,0.9869674283895864,0.5278935273435627,0.6745235707121364,2.0
sent-s48,switched,48,8,eng-nld,0.8971915747241725,0.7678034102306921,0.1575230360031128,0.7118685841560364,0.4395966827869415,1.0,0.9992880247167204,0.9306493813994152,0.9719157472417252,1.0
sent-s48,switched,48,8,eng-zho,0.5391173520561685,0.3530591775325978,0.1023533344268798,0.6516690254211426,0.5610436797142029,1.0,0.9934864835470266,0.6493536662195238,0.7828485456369108,1.0
sent-s48,switched,48,8,nld-zho,0.4222668004012035,0.2768304914744233,0.0949875712394714,0.6203174591064453,0.5650426745414734,0.998995983935743,0.9884674102629172,0.5434149442404239,0.6890672016048145,2.0
sent-s48,switched,48,9,eng-nld,0.8791374122367102,0.7372116349047142,0.1976433396339416,0.7102857828140259,0.5370994806289673,1.0,0.9992099793355972,0.9195860713976016,0.9704112337011032,1.0
sent-s48,switched,48,9,eng-zho,0.4899699097291876,0.2873620862587763,0.1198610365390777,0.6522935628890991,0.6889700293540955,0.998995983935743,0.9921647472538097,0.6063042417165726,0.746740220661986,2.0
sent-s48,switched,48,9,nld-zho,0.4002006018054162,0.2407221664994985,0.1163534224033355,0.6200001835823059,0.686063289642334,0.998995983935743,0.9875766858809358,0.5221606069640561,0.6634904714142428,2.0
sent-s48,switched,48,10,eng-nld,0.843530591775326,0.6414242728184554,0.2086692750453949,0.7073312401771545,0.6210286617279053,1.0,0.998814213725514,0.8932195091473065,0.9558676028084252,1.0
sent-s48,switched,48,10,eng-zho,0.4052156469408224,0.197592778335005,0.1201058030128479,0.6457781195640564,0.8269846439361572,0.998995983935743,0.9890842205330852,0.530672435643913,0.6795386158475426,2.0
sent-s48,switched,48,10,nld-zho,0.3309929789368104,0.1700100300902708,0.1133091151714325,0.6132945418357849,0.8183419108390808,0.997991967871486,0.9838365498100728,0.4605046058401415,0.6063189568706119,3.0
sent-s48,switched,48,11,eng-nld,0.7662988966900702,0.4964894684052156,0.1990799009799957,0.696057915687561,0.7072085738182068,1.0,0.998188340120764,0.8441986721475098,0.938816449348044,1.0
sent-s48,switched,48,11,eng-zho,0.2988966900702106,0.1103309929789368,0.1083544492721557,0.6318020224571228,0.9937176704406738,0.9969879518072288,0.9801533113396412,0.4248735882458493,0.567703109327984,4.0
sent-s48,switched,48,11,nld-zho,0.2527582748244734,0.1043129388164493,0.1082677692174911,0.5998886227607727,0.9884753227233888,0.9959839357429718,0.9767162934586894,0.3804992930162988,0.5150451354062187,5.0
sent-s48,switched,48,12,eng-nld,0.691073219658977,0.3836509528585757,0.1657262146472931,0.6872236728668213,0.7112826108932495,1.0,0.9972548166588118,0.7918292350147833,0.9147442326980942,1.0
sent-s48,switched,48,12,eng-zho,0.18555667001003,0.0591775325977933,0.0887271985411644,0.6026893258094788,1.1019474267959597,0.9909638554216867,0.9525468977212764,0.288715994636553,0.391173520561685,10.0
sent-s48,switched,48,12,nld-zho,0.1624874623871615,0.0446339017051153,0.0829654037952423,0.5741477608680725,1.1012232303619385,0.9889558232931728,0.9510972677067346,0.2630062205067053,0.3610832497492477,12.0
sent-s49,switched,49,0,eng-nld,0.3545636910732196,0.1925777331995988,0.074001669883728,0.6262970566749573,0.601233720779419,0.9949799196787148,0.928279819377812,0.4250526278227561,0.4969909729187562,6.0
sent-s49,switched,49,0,eng-zho,0.0416248746238716,0.0215646940822467,0.03643399477005,0.4971951246261596,1.0254366397857666,0.8448795180722892,0.7708048845331174,0.0747719228221669,0.0902708124373119,155.5
sent-s49,switched,49,0,nld-zho,0.0481444332998997,0.0215646940822467,0.0348807424306869,0.4781015515327453,1.033082365989685,0.8268072289156627,0.7492417010066343,0.0792566250995404,0.0972918756268806,173.5
sent-s49,switched,49,1,eng-nld,0.7627883650952858,0.5421263791374122,0.1390924453735351,0.5756542086601257,0.4666298329830169,1.0,0.994698956306671,0.8174913280471281,0.8791374122367102,1.0
sent-s49,switched,49,1,eng-zho,0.2176529588766299,0.1058174523570712,0.0759011805057525,0.5137453675270081,0.6192634701728821,0.9909638554216867,0.9493983959911864,0.3140349734316541,0.4067201604814443,10.0
sent-s49,switched,49,1,nld-zho,0.1670010030090271,0.0857572718154463,0.0670101046562194,0.4918922781944275,0.6132146120071411,0.9869477911646586,0.933880456630937,0.2611706304810564,0.3495486459378134,14.0
sent-s49,switched,49,2,eng-nld,0.7321965897693079,0.4648946840521564,0.0704243183135986,0.6630920767784119,0.3550081551074981,1.0,0.9940987621499034,0.794910719317103,0.8696088264794383,1.0
sent-s49,switched,49,2,eng-zho,0.2372116349047141,0.0952858575727181,0.0442440509796142,0.5813944935798645,0.4607336521148681,0.993975903614458,0.960493428075391,0.3456954788419185,0.4598796389167502,7.0
sent-s49,switched,49,2,nld-zho,0.1820461384152457,0.0812437311935807,0.0389957427978515,0.5693871974945068,0.4643779695034027,0.9899598393574296,0.9451914981893472,0.2797284655236403,0.3786359077231695,11.0
sent-s49,switched,49,3,eng-nld,0.7492477432296891,0.5125376128385155,0.0660873651504516,0.7042295932769775,0.3259204030036926,1.0,0.9952306719354852,0.8090629011403312,0.8801404212637913,1.0
sent-s49,switched,49,3,eng-zho,0.3029087261785356,0.1278836509528585,0.0434647798538208,0.616784393787384,0.417936772108078,0.9959839357429718,0.9723195691492148,0.4149010341881109,0.5310932798395186,5.0
sent-s49,switched,49,3,nld-zho,0.2286860581745235,0.1108324974924774,0.0417767167091369,0.6041014790534973,0.4212803244590759,0.993975903614458,0.9608927183155892,0.3387939997751352,0.4513540621865596,7.0
sent-s49,switched,49,4,eng-nld,0.7642928786359078,0.567703109327984,0.0661646723747253,0.7101761698722839,0.3132648169994354,1.0,0.9960458685292828,0.8224604036816675,0.8901705115346038,1.0
sent-s49,switched,49,4,eng-zho,0.3555667001003009,0.1795386158475426,0.0480848550796508,0.6253197193145752,0.4016769528388977,0.997991967871486,0.9784619924029117,0.4650347551426597,0.5842527582748245,3.0
sent-s49,switched,49,4,nld-zho,0.2617853560682046,0.1223671013039117,0.0443586707115173,0.6116383671760559,0.4061859548091888,0.9949799196787148,0.9693019822519768,0.3718207072300248,0.4869608826479438,6.0
sent-s49,switched,49,5,eng-nld,0.8044132397191575,0.6203610832497493,0.0722318887710571,0.6838101148605347,0.3103270530700683,1.0,0.9970035608834537,0.8546413881543433,0.9187562688064193,1.0
sent-s49,switched,49,5,eng-zho,0.3846539618856569,0.2166499498495486,0.051648736000061,0.6072017550468445,0.4027779102325439,0.997991967871486,0.981135676104619,0.4986769020607012,0.627382146439318,3.0
sent-s49,switched,49,5,nld-zho,0.2993981945837513,0.1559679037111334,0.047020673751831,0.5873693823814392,0.4056140184402466,0.9959839357429718,0.9726564230845144,0.4065100711194502,0.5175526579739218,5.0
sent-s49,switched,49,6,eng-nld,0.8405215646940822,0.6995987963891674,0.0724163651466369,0.690669596195221,0.3052138984203338,1.0,0.9981757521560666,0.8878726182298226,0.9513540621865596,1.0
sent-s49,switched,49,6,eng-zho,0.4393179538615848,0.2502507522567703,0.0498680472373962,0.6124104261398315,0.3979449272155761,0.998995983935743,0.9851698670308112,0.5519878352891486,0.6820461384152458,2.0
sent-s49,switched,49,6,nld-zho,0.3224674022066198,0.1880641925777332,0.0461450219154357,0.5905640125274658,0.3968320488929748,0.9969879518072288,0.9775380357941292,0.4406079994014474,0.5747241725175527,4.0
sent-s49,switched,49,7,eng-nld,0.8946840521564694,0.773319959879639,0.0878397226333618,0.6980603933334351,0.3139510452747345,1.0,0.9990166281978464,0.9285944670503508,0.9724172517552658,1.0
sent-s49,switched,49,7,eng-zho,0.5205616850551655,0.3264794383149448,0.059879720211029,0.6286499500274658,0.4013322591781616,1.0,0.9910570063604468,0.6321335657834191,0.7703109327983951,1.0
sent-s49,switched,49,7,nld-zho,0.4202607823470411,0.2542627883650953,0.0547677278518676,0.6063422560691833,0.402227371931076,0.998995983935743,0.9864775048035672,0.538713318456789,0.6765295887662989,2.0
sent-s49,switched,49,8,eng-nld,0.8971915747241725,0.7873620862587762,0.1261122226715088,0.7032226920127869,0.3793841898441314,1.0,0.9992457291553376,0.931112624421126,0.9724172517552658,1.0
sent-s49,switched,49,8,eng-zho,0.5621865596790372,0.3405215646940822,0.0854535698890686,0.6372052431106567,0.490868330001831,1.0,0.993474902619505,0.667909884395422,0.7933801404212638,1.0
sent-s49,switched,49,8,nld-zho,0.4448345035105315,0.2642928786359077,0.0782892107963562,0.6061822772026062,0.4897015690803528,0.998995983935743,0.9886396136199764,0.5658935335138245,0.7076228686058175,2.0
sent-s49,switched,49,9,eng-nld,0.8761283851554664,0.7372116349047142,0.1636752486228943,0.7032037973403931,0.4874807000160217,1.0,0.9990307267183076,0.9154033832453397,0.962888665997994,1.0
sent-s49,switched,49,9,eng-zho,0.5210631895687061,0.2793380140421264,0.1068887710571289,0.6439266204833984,0.6186906099319458,1.0,0.9929698734758492,0.6374791470554286,0.7793380140421263,1.0
sent-s49,switched,49,9,nld-zho,0.4132397191574724,0.2286860581745236,0.0993713736534118,0.6111553907394409,0.6168882846832275,0.998995983935743,0.9876668157081686,0.5355564187166709,0.6835506519558676,2.0
sent-s49,switched,49,10,eng-nld,0.8345035105315948,0.6143430290872618,0.1832730174064636,0.7084793448448181,0.6044167280197144,1.0,0.9987376789001542,0.8869145641237263,0.9543630892678034,1.0
sent-s49,switched,49,10,eng-zho,0.4257773319959879,0.189568706118355,0.1158943772315979,0.6426275372505188,0.7740350365638733,0.998995983935743,0.989986022324,0.5562861934762251,0.7156469408224674,2.0
sent-s49,switched,49,10,nld-zho,0.3470411233701103,0.1675025075225677,0.1068174540996551,0.6174384951591492,0.7769508957862854,0.997991967871486,0.985026364233262,0.4773018674055597,0.6258776328986961,3.0
sent-s49,switched,49,11,eng-nld,0.7823470411233702,0.5235707121364093,0.1915949285030365,0.7021233439445496,0.686642587184906,1.0,0.9982210688289768,0.8532948008767846,0.9418254764292878,1.0
sent-s49,switched,49,11,eng-zho,0.3560682046138415,0.1429287863590772,0.1130172759294509,0.6358684301376343,0.953669548034668,0.997991967871486,0.9837720994308226,0.4823376008194917,0.627382146439318,3.0
sent-s49,switched,49,11,nld-zho,0.2853560682046138,0.1103309929789368,0.105953574180603,0.6079626083374023,0.9646936058998108,0.9969879518072288,0.9792243195449802,0.4156670288561843,0.5646940822467402,4.0
sent-s49,switched,49,12,eng-nld,0.7111334002006018,0.4197592778335005,0.1603497862815857,0.6891301274299622,0.7024953365325928,1.0,0.997146560162415,0.8010731974626046,0.9082246740220662,1.0
sent-s49,switched,49,12,eng-zho,0.2201604814443329,0.0712136409227683,0.0931655466556549,0.6036664843559265,1.0830265283584597,0.993975903614458,0.9618227171474264,0.3300683860209976,0.4503510531594784,7.0
sent-s49,switched,49,12,nld-zho,0.1805416248746238,0.0561685055165496,0.0899078696966171,0.5793572068214417,1.0889486074447632,0.9909638554216867,0.9557402126056884,0.2887959950802092,0.4022066198595787,10.0
par,switched,42,0,eng-nld,0.3560682046138415,0.1905717151454363,0.069317877292633,0.6373080015182495,0.5816954374313354,0.9949799196787148,0.9270119595734996,0.4259511393161597,0.4944834503510532,6.0
par,switched,42,0,eng-zho,0.0346038114343029,0.0195586760280842,0.0339567959308624,0.5126550197601318,0.9920579195022584,0.8303212851405622,0.7521595912234696,0.064027420409194,0.0752256770310932,170.0
par,switched,42,0,nld-zho,0.0361083249749247,0.0175526579739217,0.0322780907154083,0.4982250034809112,1.0072827339172363,0.8132530120481928,0.7431043129388164,0.0662470558854841,0.0817452357071213,187.0
par,switched,42,1,eng-nld,0.773319959879639,0.529087261785356,0.0899088382720947,0.6325935125350952,0.3862376809120178,1.0,0.9947623996487456,0.8268055937588625,0.8881644934804414,1.0
par,switched,42,1,eng-zho,0.1454363089267803,0.0667001003009027,0.04429692029953,0.5508397221565247,0.506870448589325,0.9799196787148594,0.917940065175446,0.2271629208916183,0.29839518555667,21.0
par,switched,42,1,nld-zho,0.1243731193580742,0.0591775325977933,0.0439222455024719,0.5369036197662354,0.5198124051094055,0.9738955823293172,0.9126959190825488,0.2018492832812381,0.2668004012036108,27.0
par,switched,42,2,eng-nld,0.7602808425275828,0.5115346038114343,0.0563001036643981,0.6962101459503174,0.3064547777175903,1.0,0.9952759886083956,0.8194267559174482,0.8931795386158475,1.0
par,switched,42,2,eng-zho,0.1695085255767301,0.0641925777331996,0.0320607423782348,0.6035968065261841,0.3933252990245819,0.9869477911646586,0.9417826773493172,0.2627265393051031,0.3535606820461384,14.0
par,switched,42,2,nld-zho,0.1364092276830491,0.0611835506519558,0.0320131182670593,0.5980937480926514,0.4045350253582001,0.9799196787148594,0.932755092586998,0.22206744509394,0.2958876629889669,21.0
par,switched,42,3,eng-nld,0.79839518555667,0.6268806419257773,0.0741991996765136,0.673190712928772,0.3094672262668609,1.0,0.996936089392676,0.8500939172708951,0.9157472417251756,1.0
par,switched,42,3,eng-zho,0.1960882647943831,0.0962888665997994,0.0429933071136474,0.5856721997261047,0.4139489531517029,0.9909638554216867,0.9508797476767652,0.2948124629098597,0.4062186559679037,10.0
par,switched,42,3,nld-zho,0.1639919759277833,0.0807422266800401,0.0411656498908996,0.5727769732475281,0.4240703284740448,0.9839357429718876,0.9403249910373692,0.2519912752699451,0.3264794383149448,17.0
par,switched,42,4,eng-nld,0.876629889669007,0.7748244734202607,0.1012495160102844,0.6782593727111816,0.3230213522911072,1.0,0.9987417070488576,0.9137469080124908,0.958876629889669,1.0
par,switched,42,4,eng-zho,0.2542627883650953,0.1369107321965897,0.0567602515220642,0.5917715430259705,0.4341776371002197,0.9949799196787148,0.966078959770879,0.3639381336154782,0.4704112337011033,6.0
par,switched,42,4,nld-zho,0.2071213640922768,0.1118355065195586,0.0531666278839111,0.5744884610176086,0.4383658170700073,0.9909638554216867,0.9563791776937236,0.3103217079799808,0.4112337011033099,10.0
par,switched,42,5,eng-nld,0.9127382146439318,0.8279839518555667,0.1184066534042358,0.6860018372535706,0.3428865671157837,1.0,0.9993655665792558,0.93965346955667,0.970912738214644,1.0
par,switched,42,5,eng-zho,0.2928786359077232,0.1705115346038114,0.062954306602478,0.6011191606521606,0.452815443277359,0.9959839357429718,0.9721941930208295,0.4019457661434295,0.5200601805416248,5.0
par,switched,42,5,nld-zho,0.2412236710130391,0.1414242728184553,0.0607181191444397,0.5846255421638489,0.4522953629493713,0.993975903614458,0.9653413050396168,0.3529378875294429,0.4684052156469408,7.0
par,switched,42,6,eng-nld,0.904714142427282,0.8279839518555667,0.1288381814956665,0.6850608587265015,0.361950010061264,1.0,0.9994607315923674,0.9372531412548674,0.977432296890672,1.0
par,switched,42,6,eng-zho,0.3009027081243731,0.1469408224674022,0.0637181401252746,0.6113808155059814,0.5051597356796265,0.9959839357429718,0.9729373864565584,0.4102402823637365,0.5255767301905717,5.0
par,switched,42,6,nld-zho,0.2296890672016048,0.1183550651955867,0.0591714978218078,0.5825600624084473,0.5051590204238892,0.993975903614458,0.9641107056108082,0.3415087227822161,0.4593781344032096,7.0
par,switched,42,7,eng-nld,0.9052156469408223,0.8159478435305918,0.1434206366539001,0.7003552913665771,0.3892684578895569,1.0,0.9994637527038948,0.9372583892503046,0.9764292878635908,1.0
par,switched,42,7,eng-zho,0.2928786359077232,0.1404212637913741,0.0688849091529846,0.624711811542511,0.5541387796401978,0.9969879518072288,0.9736151224758612,0.4082168117517578,0.5376128385155466,4.0
par,switched,42,7,nld-zho,0.2412236710130391,0.1218655967903711,0.0645934343338012,0.59718257188797,0.5482849478721619,0.993975903614458,0.9658931614119468,0.3492823543671138,0.4719157472417252,7.0
par,switched,42,8,eng-nld,0.9002006018054163,0.7988966900702106,0.1806387901306152,0.708311140537262,0.4545985460281372,1.0,0.999449654183434,0.9323842554176442,0.9714142427281846,1.0
par,switched,42,8,eng-zho,0.2973921765295887,0.1384152457372116,0.0832472741603851,0.6261367797851562,0.6302692890167236,0.9959839357429718,0.9762022009804514,0.4112191641871395,0.5285857572718154,5.0
par,switched,42,8,nld-zho,0.2422266800401203,0.1143430290872618,0.0779176652431488,0.5982440710067749,0.6301348805427551,0.9949799196787148,0.969600065256009,0.359554075754338,0.4799398194583751,6.0
par,switched,42,9,eng-nld,0.8866599799398195,0.7602808425275827,0.2006530165672302,0.7144390344619751,0.5236161947250366,1.0,0.9991772506273842,0.9225004297847432,0.9689067201604814,1.0
par,switched,42,9,eng-zho,0.2632898696088265,0.1128385155466399,0.0845102071762085,0.628816545009613,0.7233132123947144,0.9949799196787148,0.9692722746552912,0.3764383504099114,0.4899699097291876,6.0
par,switched,42,9,nld-zho,0.2151454363089268,0.0922768304914744,0.0797226130962371,0.6031973958015442,0.7191314697265625,0.993975903614458,0.9652828968834214,0.330281723895444,0.4603811434302908,7.0
par,switched,42,10,eng-nld,0.8365095285857573,0.6038114343029087,0.200846791267395,0.7086792588233948,0.6282748579978943,1.0,0.998738182418742,0.8900570044175906,0.9568706118355064,1.0
par,switched,42,10,eng-zho,0.1915747241725175,0.0672016048144433,0.0797180235385894,0.6217496991157532,0.8749128580093384,0.9919678714859438,0.9553731475551152,0.3024501893385823,0.4162487462387161,9.0
par,switched,42,10,nld-zho,0.1644934804413239,0.0611835506519558,0.0771821141242981,0.5995385050773621,0.8584986925125122,0.9909638554216867,0.9558912681820564,0.2748307978949243,0.3851554663991975,10.0
par,switched,42,11,eng-nld,0.7783350050150452,0.4954864593781344,0.1942602694034576,0.7014248967170715,0.7016544938087463,1.0,0.9981666888214844,0.8525261369510907,0.9398194583751254,1.0
par,switched,42,11,eng-zho,0.1303911735205616,0.0466399197592778,0.0725596100091934,0.6121053099632263,1.0400625467300415,0.9829317269076304,0.928281329933576,0.2242942063223049,0.3104312938816449,18.0
par,switched,42,11,nld-zho,0.115346038114343,0.0356068204613841,0.0693332403898239,0.5887990593910217,1.0404642820358276,0.9819277108433736,0.9334675713888654,0.2105588669944021,0.294383149448345,19.0
par,switched,42,12,eng-nld,0.683049147442327,0.3681043129388164,0.1599274575710296,0.6914409399032593,0.7174453139305115,1.0,0.9971863381308584,0.7891453779159601,0.9192577733199598,1.0
par,switched,42,12,eng-zho,0.0812437311935807,0.0320962888665998,0.0567701011896133,0.5945428013801575,1.15618634223938,0.9578313253012049,0.8759889105066203,0.1495493330202509,0.1980942828485456,43.0
par,switched,42,12,nld-zho,0.0677031093279839,0.0155466399197592,0.0558163747191429,0.5703837275505066,1.1629303693771362,0.9578313253012049,0.8786590695782126,0.1323908070829077,0.1835506519558676,43.0
par-s43,switched,43,0,eng-nld,0.3630892678034102,0.2001003009027081,0.0695707201957702,0.6677935123443604,0.5696455836296082,0.9949799196787148,0.9292128393211764,0.4298366273898044,0.4979939819458375,6.0
par-s43,switched,43,0,eng-zho,0.0406218655967903,0.0200601805416248,0.0339091420173645,0.5341672301292419,0.9726289510726928,0.8268072289156627,0.7554163494499563,0.0698344273457431,0.0852557673019057,173.5
par-s43,switched,43,0,nld-zho,0.0351053159478435,0.0155466399197592,0.0316535830497741,0.5274751782417297,0.9913361668586732,0.8087349397590362,0.7388022501238657,0.0641183490420444,0.0787362086258776,191.5
par-s43,switched,43,1,eng-nld,0.7357071213640922,0.5030090270812437,0.0834971666336059,0.6533461809158325,0.3798345923423767,1.0,0.9947019774181984,0.7966803010576688,0.8681043129388164,1.0
par-s43,switched,43,1,eng-zho,0.1268806419257773,0.0561685055165496,0.0414418578147888,0.5560991764068604,0.4991795718669891,0.9718875502008032,0.9063606482096892,0.2006584195084636,0.2597793380140421,29.0
par-s43,switched,43,1,nld-zho,0.100802407221665,0.0446339017051153,0.037005066871643,0.5467451810836792,0.5156967043876648,0.9568273092369478,0.8882299508968672,0.1629839010418801,0.2086258776328987,44.0
par-s43,switched,43,2,eng-nld,0.7151454363089268,0.4648946840521564,0.0503467917442321,0.7145805954933167,0.2975366711616516,1.0,0.9942810358787204,0.7805508056049013,0.8595787362086259,1.0
par-s43,switched,43,2,eng-zho,0.1374122367101304,0.0536609829488465,0.0300291180610656,0.6139954924583435,0.379936933517456,0.9799196787148594,0.9295401264033064,0.2201486050091278,0.2848545636910732,21.0
par-s43,switched,43,2,nld-zho,0.1083249749247743,0.0481444332998997,0.0278809666633605,0.6074705123901367,0.3930145502090454,0.9698795180722892,0.9103167937547584,0.1810317492736858,0.2392176529588766,31.0
par-s43,switched,43,3,eng-nld,0.7998996990972919,0.6404212637913742,0.0764459371566772,0.6689972281455994,0.3017398416996002,1.0,0.9973318550027592,0.8502124795635506,0.9132397191574724,1.0
par-s43,switched,43,3,eng-zho,0.1680040120361083,0.0922768304914744,0.0423306226730346,0.5730167031288147,0.4055770337581634,0.9864457831325302,0.9439518354259566,0.2594245637438212,0.3470411233701103,14.5
par-s43,switched,43,3,nld-zho,0.1429287863590772,0.0732196589769308,0.0382129549980163,0.5605401992797852,0.4143688380718231,0.9784136546184738,0.9261876996451202,0.2187560643585736,0.2818455366098295,22.5
par-s43,switched,43,4,eng-nld,0.8691073219658977,0.761283851554664,0.0989505648612976,0.6750153303146362,0.3124808669090271,1.0,0.9989753396736392,0.9076048548574884,0.9543630892678034,1.0
par-s43,switched,43,4,eng-zho,0.2146439317953861,0.1293881644934804,0.0522107481956481,0.5813209414482117,0.4146542847156524,0.9919678714859438,0.9574813798826196,0.3138190560245345,0.413741223671013,9.0
par-s43,switched,43,4,nld-zho,0.1770310932798395,0.1033099297893681,0.0473034977912902,0.5694279074668884,0.4259095191955566,0.9869477911646586,0.9445288677276812,0.2672712730129205,0.3465396188565697,14.0
par-s43,switched,43,5,eng-nld,0.9007021063189569,0.7853560682046139,0.1015767455101013,0.6859475374221802,0.3209410905838012,1.0,0.9993640560234922,0.9317737742866922,0.9714142427281846,1.0
par-s43,switched,43,5,eng-zho,0.2487462387161484,0.1389167502507522,0.0536280870437622,0.6001597046852112,0.4362772107124328,0.993975903614458,0.965349864855611,0.3546981709632227,0.4638916750250752,7.0
par-s43,switched,43,5,nld-zho,0.1960882647943831,0.1038114343029087,0.046934962272644,0.5797457695007324,0.4380389451980591,0.9899598393574296,0.9519910132002432,0.2939105104364034,0.3856569709127382,11.0
par-s43,switched,43,6,eng-nld,0.9072216649949848,0.7848545636910732,0.1192319989204406,0.6950370073318481,0.3398951590061188,1.0,0.9994702984455374,0.93602044855262,0.970912738214644,1.0
par-s43,switched,43,6,eng-zho,0.2818455366098295,0.1429287863590772,0.0575543045997619,0.6151619553565979,0.4823255836963653,0.9949799196787148,0.9684359302808022,0.3868657195762973,0.4939819458375125,6.0
par-s43,switched,43,6,nld-zho,0.2066198595787362,0.1143430290872617,0.0529552102088928,0.5921980738639832,0.4794686138629913,0.9919678714859438,0.9573892359810356,0.3086644841198186,0.4157472417251755,9.0
par-s43,switched,43,7,eng-nld,0.9037111334002006,0.7893681043129388,0.1422616839408874,0.7035788893699646,0.3789922595024109,1.0,0.9994733195570646,0.9345628959935331,0.9754262788365096,1.0
par-s43,switched,43,7,eng-zho,0.279839518555667,0.1323971915747241,0.0643802881240844,0.6224106550216675,0.5220070481300354,0.9959839357429718,0.969800969172578,0.3893617851707263,0.5105315947843531,5.0
par-s43,switched,43,7,nld-zho,0.2196589769307924,0.1128385155466399,0.0601799488067626,0.5927493572235107,0.526852011680603,0.9919678714859438,0.958503019097453,0.3203009210834964,0.4172517552657974,9.0
par-s43,switched,43,8,eng-nld,0.8906720160481444,0.7743229689067201,0.1710656285285949,0.7083061337471008,0.4422037899494171,1.0,0.9993439152799763,0.9263205505779222,0.9724172517552658,1.0
par-s43,switched,43,8,eng-zho,0.249247743229689,0.1173520561685055,0.0722653269767761,0.6245182156562805,0.6048492193222046,0.9949799196787148,0.9669228569241862,0.3614664672014872,0.4819458375125376,6.0
par-s43,switched,43,8,nld-zho,0.2111334002006018,0.1028084252758274,0.067209780216217,0.5927229523658752,0.606249988079071,0.9909638554216867,0.9566097892069784,0.3073346223551529,0.4002006018054162,10.0
par-s43,switched,43,9,eng-nld,0.8726178535606821,0.6760280842527583,0.1931482255458831,0.7102943062782288,0.5584695339202881,1.0,0.9991797682203236,0.9117503154743064,0.961384152457372,1.0
par-s43,switched,43,9,eng-zho,0.2226680040120361,0.100802407221665,0.0748993158340454,0.6242527961730957,0.7232604026794434,0.993975903614458,0.9630684221338716,0.3341302840551799,0.4473420260782347,7.0
par-s43,switched,43,9,nld-zho,0.1930792377131394,0.08876629889669,0.0693315863609314,0.5943195819854736,0.7261787056922913,0.9909638554216867,0.9547392176529588,0.2910400414791561,0.384653961885657,10.0
par-s43,switched,43,10,eng-nld,0.8390170511534604,0.5867602808425275,0.1926789283752441,0.7094611525535583,0.6365461349487305,1.0,0.9989108892943892,0.8911433582042797,0.9538615847542627,1.0
par-s43,switched,43,10,eng-zho,0.175025075225677,0.059679037111334,0.0720881819725036,0.6206834316253662,0.8753830194473267,0.9879518072289156,0.945149706146552,0.2695774844232725,0.3585757271815446,13.0
par-s43,switched,43,10,nld-zho,0.1429287863590772,0.0536609829488465,0.0648137629032135,0.5940338373184204,0.8834859132766724,0.9839357429718876,0.9362031878768836,0.2322241521185156,0.312938816449348,17.0
par-s43,switched,43,11,eng-nld,0.7647943831494484,0.4739217652958877,0.1857848763465881,0.7010658383369446,0.7123265862464905,1.0,0.998477359790214,0.8439297239473244,0.9393179538615848,1.0
par-s43,switched,43,11,eng-zho,0.111334002006018,0.037111334002006,0.0621006190776824,0.6087594628334045,1.0360838174819946,0.9703815261044176,0.9049946022807376,0.1890107160878997,0.2557673019057171,30.5
par-s43,switched,43,11,nld-zho,0.0892678034102306,0.029087261785356,0.0559995286166667,0.5846177935600281,1.0470832586288452,0.9678714859437751,0.8962147486636617,0.1601363720289059,0.2166499498495486,33.0
par-s43,switched,43,12,eng-nld,0.6905717151454362,0.3605817452357071,0.1564537286758422,0.6950164437294006,0.7159872651100159,1.0,0.9975740474435354,0.7906061495875102,0.9102306920762286,1.0
par-s43,switched,43,12,eng-zho,0.0667001003009027,0.0230692076228686,0.0490514561533927,0.5859007239341736,1.153185486793518,0.9427710843373494,0.8498225600496268,0.1254456624785742,0.1735205616850551,58.0
par-s43,switched,43,12,nld-zho,0.0546639919759277,0.0190571715145436,0.0446941666305065,0.563637375831604,1.1639800071716309,0.9347389558232932,0.8423941503224534,0.1070286862126097,0.1404212637913741,66.0
par-s44,switched,44,0,eng-nld,0.3520561685055166,0.1950852557673019,0.0652826428413391,0.6349623799324036,0.5682156682014465,0.9949799196787148,0.9253130878579514,0.421593495197149,0.49197592778335,6.0
par-s44,switched,44,0,eng-zho,0.0361083249749247,0.0195586760280842,0.0307820737361907,0.5109894871711731,0.9580737352371216,0.821285140562249,0.745399854181017,0.0660320493279213,0.0832497492477432,179.0
par-s44,switched,44,0,nld-zho,0.0381143430290872,0.0170511534603811,0.0289622247219085,0.495990127325058,0.97258198261261,0.8082329317269077,0.7349206253298046,0.0667453712720652,0.0832497492477432,192.0
par-s44,switched,44,1,eng-nld,0.7708124373119358,0.5436308926780341,0.103806734085083,0.6075401306152344,0.4114252030849457,1.0,0.9949703528255448,0.823451612457287,0.8841524573721163,1.0
par-s44,switched,44,1,eng-zho,0.1494483450351053,0.0712136409227683,0.0509833097457885,0.5293288826942444,0.5342022180557251,0.9789156626506024,0.9166404837000962,0.231230116709711,0.3074222668004012,22.0
par-s44,switched,44,1,nld-zho,0.1359077231695085,0.0672016048144433,0.04710054397583,0.5151841044425964,0.5472854971885681,0.9718875502008032,0.9085252746190378,0.2107651492201215,0.2768304914744233,29.0
par-s44,switched,44,2,eng-nld,0.7527582748244734,0.4864593781344032,0.0573602318763732,0.6935493350028992,0.3103911876678467,1.0,0.9946652205612824,0.8125259009932411,0.8841524573721163,1.0
par-s44,switched,44,2,eng-zho,0.179037111334002,0.0752256770310932,0.0333797931671142,0.6029573678970337,0.3912741541862488,0.9849397590361446,0.9421829746266912,0.2657763874977595,0.3430290872617854,16.0
par-s44,switched,44,2,nld-zho,0.1424272818455366,0.0707121364092276,0.0317801833152771,0.5928590893745422,0.3985923826694488,0.9809236947791165,0.9289600729900546,0.2267667223366111,0.3029087261785356,20.0
par-s44,switched,44,3,eng-nld,0.80641925777332,0.5992978936810431,0.0716802477836608,0.679600179195404,0.3107182383537292,1.0,0.9965544223030536,0.8551239154007386,0.9142427281845537,1.0
par-s44,switched,44,3,eng-zho,0.212136409227683,0.1203610832497492,0.0422269701957702,0.5890190005302429,0.3953777551651001,0.9909638554216867,0.9536269450923052,0.3066683407027307,0.399197592778335,10.0
par-s44,switched,44,3,nld-zho,0.1554663991975927,0.084754262788365,0.0391455292701721,0.5791003704071045,0.4099204838275909,0.9859437751004017,0.9419045288475868,0.2522787716800093,0.3450351053159478,15.0
par-s44,switched,44,4,eng-nld,0.8620862587763289,0.7382146439317954,0.0956559777259826,0.6748135685920715,0.3183421790599823,1.0,0.9982447342026078,0.9040451566419018,0.954864593781344,1.0
par-s44,switched,44,4,eng-zho,0.2557673019057171,0.1594784353059177,0.0558871030807495,0.5843532085418701,0.4052742421627044,0.9944779116465864,0.9633312588367512,0.3618714461174684,0.4729187562688064,6.5
par-s44,switched,44,4,nld-zho,0.1965897693079237,0.1148445336008024,0.0513327717781066,0.5681474208831787,0.4226826727390289,0.9909638554216867,0.9534245306199725,0.3023661647961596,0.4127382146439318,10.0
par-s44,switched,44,5,eng-nld,0.90320962888666,0.8099297893681043,0.109512984752655,0.6822967529296875,0.302218496799469,1.0,0.999131933954474,0.9336442526366664,0.9689067201604814,1.0
par-s44,switched,44,5,eng-zho,0.2873620862587763,0.1855566700100301,0.0592814683914184,0.6009479761123657,0.4137414097785949,0.9959839357429718,0.970444969446492,0.3991971254962498,0.5175526579739218,5.0
par-s44,switched,44,5,nld-zho,0.2467402206619859,0.1444332998996991,0.0551486611366272,0.5770736336708069,0.4240951836109161,0.993975903614458,0.9626474805943936,0.350637643299389,0.4533600802407221,7.0
par-s44,switched,44,6,eng-nld,0.9052156469408223,0.7993981945837513,0.1174334287643432,0.6922004818916321,0.3360409438610077,1.0,0.9992855071237812,0.9352431822085344,0.970912738214644,1.0
par-s44,switched,44,6,eng-zho,0.3104312938816449,0.1820461384152457,0.0637398958206176,0.610027551651001,0.4458894431591034,0.9969879518072288,0.9734298276355172,0.4200513225325891,0.5441323971915747,4.0
par-s44,switched,44,6,nld-zho,0.2668004012036108,0.1519558676028084,0.0592833757400512,0.578102707862854,0.4522081911563873,0.993975903614458,0.9661872162672756,0.3689323178175011,0.4744232698094283,7.0
par-s44,switched,44,7,eng-nld,0.9102306920762286,0.7768304914744233,0.1289318203926086,0.701218843460083,0.3667605817317962,1.0,0.9993711052837226,0.9387079178395448,0.9739217652958876,1.0
par-s44,switched,44,7,eng-zho,0.3159478435305918,0.1675025075225676,0.0683284997940063,0.6185398101806641,0.4982631504535675,0.9969879518072288,0.9748487430161972,0.431268409669115,0.5606820461384152,4.0
par-s44,switched,44,7,nld-zho,0.2818455366098295,0.1479438314944834,0.0629273653030395,0.5879088044166565,0.5044752955436707,0.9949799196787148,0.9687017880952092,0.3819418756626516,0.4834503510531595,6.0
par-s44,switched,44,8,eng-nld,0.8961885656970913,0.7637913741223671,0.158293604850769,0.7033098340034485,0.4338468015193939,1.0,0.9992870176795444,0.9301811412359052,0.9744232698094284,1.0
par-s44,switched,44,8,eng-zho,0.3039117352056169,0.1499498495486459,0.0737783312797546,0.6213046908378601,0.5793384313583374,0.9969879518072288,0.974854281720664,0.421534832676578,0.5481444332998997,4.0
par-s44,switched,44,8,nld-zho,0.2693079237713139,0.1313941825476429,0.0688543319702148,0.5873165726661682,0.5903093814849854,0.9949799196787148,0.9674726992221644,0.3751198787919186,0.4864593781344032,6.0
par-s44,switched,44,9,eng-nld,0.8781344032096289,0.7196589769307924,0.1984423398971557,0.717596173286438,0.5059059858322144,1.0,0.9991616415511596,0.9196018938315104,0.9714142427281846,1.0
par-s44,switched,44,9,eng-zho,0.2913741223671013,0.1354062186559679,0.0888779461383819,0.6270333528518677,0.7078708410263062,0.9969879518072288,0.9740627505004976,0.4074109307915816,0.5381143430290872,4.0
par-s44,switched,44,9,nld-zho,0.257271815446339,0.1208625877632898,0.0869219899177551,0.5954485535621643,0.7085455656051636,0.9949799196787148,0.969408224674022,0.3716203339500153,0.4944834503510532,6.0
par-s44,switched,44,10,eng-nld,0.8204613841524574,0.5832497492477432,0.2077502906322479,0.7088262438774109,0.6291823387145996,1.0,0.998691355190068,0.8830251622037749,0.9573721163490472,1.0
par-s44,switched,44,10,eng-zho,0.2186559679037111,0.084754262788365,0.0873661488294601,0.623300313949585,0.8753829002380371,0.9929718875502008,0.9573383806036584,0.3223581448592203,0.4302908726178535,8.0
par-s44,switched,44,10,nld-zho,0.18555667001003,0.0722166499498495,0.0831699669361114,0.5952088832855225,0.8714274764060974,0.9919678714859438,0.9555332664660648,0.2971423616033096,0.4107321965897693,9.0
par-s44,switched,44,11,eng-nld,0.7552657973921766,0.4934804413239719,0.1977035403251648,0.703378438949585,0.7061296701431274,1.0,0.9980322493585172,0.8397568862152239,0.9408224674022068,1.0
par-s44,switched,44,11,eng-zho,0.1539618856569709,0.0486459378134403,0.0773798301815986,0.6155424118041992,1.0413023233413696,0.9859437751004017,0.9366241294163616,0.2477834631927543,0.3360080240722166,15.0
par-s44,switched,44,11,nld-zho,0.1293881644934804,0.0421263791374122,0.074584275484085,0.5920947790145874,1.0490115880966189,0.9839357429718876,0.932086419902277,0.223121442616705,0.3119358074222668,17.0
par-s44,switched,44,12,eng-nld,0.6659979939819458,0.3851554663991975,0.1562882661819458,0.6902257800102234,0.714234471321106,1.0,0.996908395870342,0.7770397163451845,0.9127382146439318,1.0
par-s44,switched,44,12,eng-zho,0.0817452357071213,0.0336008024072216,0.0624467954039573,0.5911844968795776,1.153375506401062,0.963855421686747,0.892201201999573,0.1539244696309735,0.208124373119358,37.0
par-s44,switched,44,12,nld-zho,0.0682046138415245,0.0170511534603811,0.0595686398446559,0.5704613327980042,1.1643589735031128,0.9578313253012049,0.8822949773013821,0.1331958211138028,0.1880641925777331,43.0
par-s45,switched,45,0,eng-nld,0.3575727181544634,0.1910732196589769,0.0708372592926025,0.6252008080482483,0.5987695455551147,0.9949799196787148,0.9254460167651548,0.4247304212901596,0.4864593781344032,6.0
par-s45,switched,45,0,eng-zho,0.0376128385155466,0.0215646940822467,0.0333185791969299,0.4926357269287109,1.0108126401901243,0.820281124497992,0.748477359790214,0.0668539144778505,0.0797392176529588,180.0
par-s45,switched,45,0,nld-zho,0.0411233701103309,0.0200601805416248,0.0312735140323638,0.476862221956253,1.0203510522842407,0.8102409638554217,0.7341059322545951,0.0672054996943049,0.0767301905717151,190.0
par-s45,switched,45,1,eng-nld,0.753259779338014,0.5341023069207622,0.0959526300430297,0.620702862739563,0.3958760499954223,1.0,0.9948490048458628,0.8147828874106018,0.8851554663991976,1.0
par-s45,switched,45,1,eng-zho,0.1569709127382146,0.0872617853560682,0.0486073493957519,0.539884626865387,0.5141285061836243,0.9809236947791165,0.9249983887405188,0.2380889053522781,0.3064192577733199,20.0
par-s45,switched,45,1,nld-zho,0.125877632898696,0.0692076228686058,0.0469180941581726,0.5214614868164062,0.5196516513824463,0.9728915662650602,0.9141984185488192,0.2009388520280342,0.2622868605817452,28.0
par-s45,switched,45,2,eng-nld,0.7557673019057172,0.4979939819458375,0.0540454983711242,0.6943343281745911,0.300182044506073,1.0,0.995226643786782,0.8144378308184499,0.8861584754262788,1.0
par-s45,switched,45,2,eng-zho,0.1845536609829488,0.0947843530591775,0.0323513746261596,0.5960372090339661,0.3799221515655517,0.9879518072289156,0.9470358867767962,0.2772660341905881,0.3701103309929789,13.0
par-s45,switched,45,2,nld-zho,0.137913741223671,0.074222668004012,0.0301942229270935,0.5874829292297363,0.3812436163425445,0.9819277108433736,0.9345546680201248,0.2235982577152759,0.2933801404212638,19.0
par-s45,switched,45,3,eng-nld,0.7988966900702106,0.6098294884653962,0.0669463872909545,0.683772623538971,0.2995679378509521,1.0,0.996870128457662,0.8505894838216236,0.916248746238716,1.0
par-s45,switched,45,3,eng-zho,0.2206619859578736,0.1238716148445336,0.0399991869926452,0.5903721451759338,0.3886407315731048,0.9929718875502008,0.9588972741517724,0.326335175593975,0.4378134403209628,8.0
par-s45,switched,45,3,nld-zho,0.1695085255767301,0.0957873620862587,0.0376959443092346,0.5749546885490417,0.3903475105762481,0.9859437751004017,0.9467775817412076,0.2619005524486774,0.3435305917753259,15.0
par-s45,switched,45,4,eng-nld,0.8455366098294885,0.730692076228686,0.0857076048851013,0.6752824783325195,0.2894230782985687,1.0,0.9982120054943948,0.8893175477569651,0.9458375125376128,1.0
par-s45,switched,45,4,eng-zho,0.2713139418254764,0.1670010030090271,0.0507614612579345,0.5823090076446533,0.3882392644882202,0.9949799196787148,0.9651122040821258,0.3729188635896673,0.4874623871614844,6.0
par-s45,switched,45,4,nld-zho,0.18555667001003,0.1253761283851554,0.0469353795051574,0.5642430782318115,0.3885173499584198,0.9889558232931728,0.9547925906232756,0.2882199838661881,0.3806419257773319,12.0
par-s45,switched,45,5,eng-nld,0.8931795386158475,0.816950852557673,0.1088354587554931,0.6862409114837646,0.2898691892623901,1.0,0.9992286095233492,0.9261031531172672,0.969408224674022,1.0
par-s45,switched,45,5,eng-zho,0.3214643931795386,0.2136409227683049,0.0623744130134582,0.5981841683387756,0.39870485663414,0.9969879518072288,0.9749831824791644,0.4317840476773512,0.5566700100300903,4.0
par-s45,switched,45,5,nld-zho,0.2467402206619859,0.1644934804413239,0.0574772953987121,0.5797059535980225,0.3934133946895599,0.993975903614458,0.9673317140175548,0.3560039136520906,0.469408224674022,7.0
par-s45,switched,45,6,eng-nld,0.9027081243731194,0.8274824473420261,0.116138219833374,0.696752667427063,0.3090081512928009,1.0,0.9993111865717634,0.9333773444824626,0.970912738214644,1.0
par-s45,switched,45,6,eng-zho,0.3525576730190571,0.2166499498495486,0.0642299652099609,0.615689754486084,0.4352519512176513,0.997991967871486,0.978553632785908,0.464452606304863,0.5862587763289869,3.0
par-s45,switched,45,6,nld-zho,0.2587763289869609,0.1639919759277833,0.0582447052001953,0.588760495185852,0.4326203167438507,0.9949799196787148,0.970052728466524,0.3753342969544427,0.4984954864593781,6.0
par-s45,switched,45,7,eng-nld,0.899197592778335,0.8159478435305918,0.1346434354782104,0.7008431553840637,0.3700831532478332,1.0,0.999317228794818,0.9310978285461724,0.9724172517552658,1.0
par-s45,switched,45,7,eng-zho,0.3234704112337011,0.179037111334002,0.0694907903671264,0.6178555488586426,0.5112928748130798,0.9969879518072288,0.9785662207506052,0.4412434791709699,0.5687061183550652,4.0
par-s45,switched,45,7,nld-zho,0.2587763289869609,0.1534603811434303,0.0671615600585937,0.5893082022666931,0.5102841854095459,0.9949799196787148,0.9696670332281988,0.3671675107110445,0.4749247743229689,6.0
par-s45,switched,45,8,eng-nld,0.876629889669007,0.7342026078234705,0.1556266546249389,0.7096062302589417,0.4792479872703552,1.0,0.9990765469098056,0.9152620110476752,0.9653961885656972,1.0
par-s45,switched,45,8,eng-zho,0.2958876629889669,0.1374122367101304,0.0772216916084289,0.6266089081764221,0.6094351410865784,0.9959839357429718,0.9752993921523606,0.4074315954509636,0.5336008024072216,5.0
par-s45,switched,45,8,nld-zho,0.2372116349047141,0.1273821464393179,0.0718666315078735,0.5916615128517151,0.6040984392166138,0.993975903614458,0.9673669603187072,0.3457075423333081,0.4533600802407221,7.0
par-s45,switched,45,9,eng-nld,0.8861584754262788,0.742728184553661,0.1850205659866333,0.7142602205276489,0.5423077344894409,1.0,0.9990906454302668,0.922179922977283,0.9684052156469408,1.0
par-s45,switched,45,9,eng-zho,0.2803410230692076,0.141925777331996,0.0907655954360961,0.6365732550621033,0.710879921913147,0.9959839357429718,0.97605920170149,0.4016923825769754,0.5315947843530592,5.0
par-s45,switched,45,9,nld-zho,0.2537612838515546,0.1374122367101304,0.0871161520481109,0.6062847971916199,0.7055746912956238,0.9949799196787148,0.9707360031902936,0.3673601916774495,0.4899699097291876,6.0
par-s45,switched,45,10,eng-nld,0.8515546639919759,0.6509528585757272,0.1966690719127655,0.7095291614532471,0.6141194701194763,1.0,0.9987613442737852,0.9003503654289609,0.958876629889669,1.0
par-s45,switched,45,10,eng-zho,0.2357071213640922,0.1043129388164493,0.0877825319766998,0.6290679574012756,0.8431511521339417,0.9949799196787148,0.967651951839454,0.3494523544527582,0.4754262788365095,6.0
par-s45,switched,45,10,nld-zho,0.2131394182547643,0.09679037111334,0.0866326987743377,0.604167640209198,0.840035080909729,0.9929718875502008,0.9630638904665804,0.3212673674337359,0.4393179538615847,8.0
par-s45,switched,45,11,eng-nld,0.8014042126379137,0.5336008024072216,0.1870009303092956,0.6975595355033875,0.6982752680778503,1.0,0.9979874362041948,0.8653369348192858,0.9458375125376128,1.0
par-s45,switched,45,11,eng-zho,0.1644934804413239,0.0606820461384152,0.0787360817193985,0.6134541630744934,1.0279598236083984,0.9879518072289156,0.9442801295452624,0.2647219548905524,0.3640922768304915,13.0
par-s45,switched,45,11,nld-zho,0.1364092276830491,0.051654964894684,0.079075664281845,0.5869627594947815,1.029947280883789,0.9869477911646586,0.9466436457968282,0.2393851416872275,0.3380140421263791,14.0
par-s45,switched,45,12,eng-nld,0.7291875626880642,0.3996990972918756,0.1556088328361511,0.6872608661651611,0.7099605202674866,1.0,0.9968625756788436,0.8106302601701129,0.9117352056168504,1.0
par-s45,switched,45,12,eng-zho,0.1043129388164493,0.0341023069207622,0.0611917972564697,0.5894529819488525,1.146093726158142,0.9678714859437751,0.8935586881125304,0.1757108781619077,0.2337011033099298,33.0
par-s45,switched,45,12,nld-zho,0.0787362086258776,0.0225677031093279,0.0623606815934181,0.5613235831260681,1.148033618927002,0.9688755020080322,0.9029397429235496,0.1535912136448187,0.2131394182547643,32.0
par-s46,switched,46,0,eng-nld,0.3555667001003009,0.1960882647943831,0.0709602236747741,0.6441770195960999,0.5823141932487488,0.9959839357429718,0.9316357707661136,0.4276972036668195,0.5070210631895687,5.0
par-s46,switched,46,0,eng-zho,0.0416248746238716,0.0225677031093279,0.0332868099212646,0.5188642740249634,0.9928905963897704,0.821285140562249,0.7455660153150214,0.07067630239729,0.0852557673019057,179.0
par-s46,switched,46,0,nld-zho,0.0411233701103309,0.0170511534603811,0.0312759280204772,0.5026388764381409,0.9992105960845948,0.7876506024096386,0.7258517520432783,0.0685039312843917,0.0842527582748244,212.5
par-s46,switched,46,1,eng-nld,0.757271815446339,0.5275827482447342,0.0980291962623596,0.6380763053894043,0.3990349471569061,1.0,0.9957840388635788,0.8187115560071869,0.8941825476429288,1.0
par-s46,switched,46,1,eng-zho,0.1323971915747241,0.0606820461384152,0.0478379726409912,0.5505648851394653,0.5299334526062012,0.9738955823293172,0.9147996197427624,0.2090166387048492,0.2793380140421264,27.0
par-s46,switched,46,1,nld-zho,0.1048144433299899,0.0551654964894684,0.0434441566467285,0.5370085835456848,0.5330374240875244,0.964859437751004,0.8952540351979633,0.1717782566346301,0.2216649949849548,36.0
par-s46,switched,46,2,eng-nld,0.7502507522567703,0.4904714142427281,0.05517578125,0.7034879326820374,0.3052041530609131,1.0,0.9953751817702102,0.8127164908222099,0.8856569709127382,1.0
par-s46,switched,46,2,eng-zho,0.1449348044132397,0.055667001003009,0.0308689475059509,0.6142157912254333,0.3921498954296112,0.9809236947791165,0.9348824586208424,0.2312324793056669,0.3144433299899699,20.0
par-s46,switched,46,2,nld-zho,0.1218655967903711,0.0551654964894684,0.029482364654541,0.598379373550415,0.3944556415081024,0.9728915662650602,0.917818213677176,0.1967145350877198,0.2602808425275827,28.0
par-s46,switched,46,3,eng-nld,0.8124373119358074,0.6534603811434303,0.0729854106903076,0.6790570616722107,0.2990035116672516,1.0,0.997552899662844,0.8638177502781721,0.925777331995988,1.0
par-s46,switched,46,3,eng-zho,0.1885656970912738,0.1018054162487462,0.0410215854644775,0.5943312048912048,0.4013530910015106,0.9889558232931728,0.949670799547236,0.2859965219486893,0.3856569709127382,12.0
par-s46,switched,46,3,nld-zho,0.1499498495486459,0.0867602808425275,0.0387940406799316,0.5728797912597656,0.4029751121997833,0.9819277108433736,0.9356055113130556,0.2343686684412604,0.3064192577733199,19.0
par-s46,switched,46,4,eng-nld,0.8630892678034102,0.7472417251755266,0.0921007990837097,0.6702855229377747,0.3000433146953583,1.0,0.9985861198051988,0.9013244145576932,0.9493480441323972,1.0
par-s46,switched,46,4,eng-zho,0.2301905717151454,0.1344032096288866,0.05139821767807,0.5898930430412292,0.4114763438701629,0.9929718875502008,0.9581651581249772,0.331809897763916,0.4302908726178535,8.0
par-s46,switched,46,4,nld-zho,0.175025075225677,0.1133400200601805,0.0466113686561584,0.5604498982429504,0.4108332991600036,0.9869477911646586,0.9435752035222132,0.2643697707347709,0.3515546639919759,14.0
par-s46,switched,46,5,eng-nld,0.8881644934804414,0.7833500501504513,0.1024943590164184,0.6844373941421509,0.3115500807762146,1.0,0.9990035367145612,0.9220760651673774,0.9653961885656972,1.0
par-s46,switched,46,5,eng-zho,0.2738214643931795,0.1459378134403209,0.0547131299972534,0.60652756690979,0.4281361401081085,0.993975903614458,0.9653413050396168,0.374533852260948,0.4739217652958876,7.0
par-s46,switched,46,5,nld-zho,0.208124373119358,0.1188565697091273,0.0478215217590332,0.5742200613021851,0.4264035820960998,0.9899598393574296,0.9489265990743314,0.3009980024283589,0.3841524573721163,11.0
par-s46,switched,46,6,eng-nld,0.9087261785356068,0.816950852557673,0.1148422956466674,0.7012243866920471,0.3206825256347656,1.0,0.9994038339919356,0.939076796692272,0.9794383149448344,1.0
par-s46,switched,46,6,eng-zho,0.3049147442326981,0.1449348044132397,0.0587126612663269,0.6276061534881592,0.4518779814243316,0.9959839357429718,0.9744162205491976,0.4137550768554081,0.5245737211634904,5.0
par-s46,switched,46,6,nld-zho,0.2316950852557673,0.1283851554663992,0.0536831617355346,0.5932414531707764,0.4492280185222626,0.9929718875502008,0.9606736877298562,0.3356414128473947,0.4388164493480441,8.0
par-s46,switched,46,7,eng-nld,0.9142427281845537,0.8304914744232699,0.1429488062858581,0.7151508927345276,0.3455288112163543,1.0,0.9996450193955358,0.9445571214495502,0.9839518555667,1.0
par-s46,switched,46,7,eng-zho,0.3234704112337011,0.1649949849548646,0.0705448985099792,0.6374290585517883,0.483237624168396,0.9969879518072288,0.979706690352181,0.4399227060457568,0.563691073219659,4.0
par-s46,switched,46,7,nld-zho,0.2698094282848545,0.1504513540621865,0.066939890384674,0.6060377955436707,0.4812760949134826,0.9949799196787148,0.9683604024926185,0.3803219172861345,0.49197592778335,6.0
par-s46,switched,46,8,eng-nld,0.9027081243731194,0.8044132397191575,0.1556299328804016,0.718485951423645,0.3893889784812927,1.0,0.9995548895683032,0.93640475027403,0.977432296890672,1.0
par-s46,switched,46,8,eng-zho,0.3049147442326981,0.1499498495486459,0.0794771909713745,0.6401984691619873,0.5518258810043335,0.9969879518072288,0.9788864585725048,0.4267037957036629,0.5661985957873621,4.0
par-s46,switched,46,8,nld-zho,0.2607823470411233,0.1389167502507522,0.0736169815063476,0.6105809211730957,0.5433072447776794,0.9949799196787148,0.9689726810954954,0.3737708364581912,0.4809428284854564,6.0
par-s46,switched,46,9,eng-nld,0.872617853560682,0.7221664994984955,0.1864140033721923,0.7142704129219055,0.5001615881919861,1.0,0.9993192428691698,0.915020561048424,0.9684052156469408,1.0
par-s46,switched,46,9,eng-zho,0.2567703109327984,0.1093279839518555,0.0841582119464874,0.6395531892776489,0.6916221380233765,0.9949799196787148,0.9717264242526776,0.3662160509795473,0.477432296890672,6.0
par-s46,switched,46,9,nld-zho,0.2026078234704112,0.0912738214643931,0.078973114490509,0.6026802659034729,0.6912087798118591,0.9909638554216867,0.9601525459913878,0.3073215045057695,0.4037111334002006,10.0
par-s46,switched,46,10,eng-nld,0.8109327983951855,0.5386158475426279,0.1942611336708068,0.7112852931022644,0.6034417152404785,1.0,0.9988625515099514,0.877708318108802,0.9618856569709128,1.0
par-s46,switched,46,10,eng-zho,0.1920762286860581,0.0712136409227683,0.0777090787887573,0.6389513611793518,0.8486445546150208,0.9899598393574296,0.9563051604613036,0.2912375472373695,0.391173520561685,11.0
par-s46,switched,46,10,nld-zho,0.1509528585757271,0.0581745235707121,0.0728716850280761,0.6037284135818481,0.8397141695022583,0.9869477911646586,0.945528352124647,0.2470253123957286,0.3340020060180542,14.0
par-s46,switched,46,11,eng-nld,0.6835506519558676,0.4282848545636911,0.1806972622871399,0.7042608857154846,0.7238369584083557,1.0,0.9983665857008776,0.8030056192847812,0.940320962888666,1.0
par-s46,switched,46,11,eng-zho,0.1354062186559679,0.0386158475426278,0.0689456611871719,0.6248874664306641,1.0386852025985718,0.9809236947791165,0.9307369900867262,0.2225559187163694,0.2988966900702106,20.0
par-s46,switched,46,11,nld-zho,0.0942828485456369,0.0230692076228686,0.06688142567873,0.5960933566093445,1.026500582695007,0.9738955823293172,0.9180790363057042,0.1768518510456942,0.2477432296890672,27.0
par-s46,switched,46,12,eng-nld,0.6489468405215647,0.3751253761283852,0.1585319340229034,0.6929742097854614,0.7207427620887756,1.0,0.9977346698730732,0.7728457632864016,0.9227683049147444,1.0
par-s46,switched,46,12,eng-zho,0.0677031093279839,0.0230692076228686,0.0559664294123649,0.5992302894592285,1.154598832130432,0.9593373493975904,0.885260701784067,0.1385649197779078,0.197592778335005,41.5
par-s46,switched,46,12,nld-zho,0.0501504513540621,0.014543630892678,0.0546251609921455,0.5687116384506226,1.1569840908050537,0.9528112449799196,0.8727759583972802,0.1181527103258393,0.1690070210631895,48.0
par-s47,switched,47,0,eng-nld,0.3525576730190571,0.1960882647943831,0.0714509487152099,0.658230721950531,0.5787109136581421,0.9949799196787148,0.9308361832485408,0.4233860858244223,0.4964894684052156,6.0
par-s47,switched,47,0,eng-zho,0.0386158475426278,0.0215646940822467,0.0351535677909851,0.5292196273803711,0.9835010170936584,0.8448795180722892,0.767593946498129,0.0696160768100826,0.0852557673019057,155.5
par-s47,switched,47,0,nld-zho,0.037111334002006,0.0160481444332999,0.03252574801445,0.5185925364494324,0.9857161045074464,0.8323293172690763,0.7542250244710034,0.0656834069284125,0.0767301905717151,168.0
par-s47,switched,47,1,eng-nld,0.7342026078234705,0.5050150451354062,0.0944603085517883,0.6624529361724854,0.4106293618679046,1.0,0.9944663307190648,0.7956114705017833,0.8731193580742227,1.0
par-s47,switched,47,1,eng-zho,0.1334002006018054,0.0626880641925777,0.0462700724601745,0.5715218782424927,0.5324557423591614,0.9748995983935744,0.9182633241088728,0.2075075399153449,0.2688064192577733,26.0
par-s47,switched,47,1,nld-zho,0.1173520561685055,0.0536609829488465,0.0448089241981506,0.5642635226249695,0.5284257531166077,0.9698795180722892,0.9057529012741036,0.187649150628432,0.2422266800401203,31.0
par-s47,switched,47,2,eng-nld,0.724172517552658,0.4593781344032096,0.0553908348083496,0.7114375233650208,0.3086658716201782,1.0,0.9945589781392368,0.7921432394800656,0.8751253761283851,1.0
par-s47,switched,47,2,eng-zho,0.148445336008024,0.0717151454363089,0.0326353907585144,0.615252673625946,0.3935494124889374,0.9829317269076304,0.9401784671282924,0.237576730584366,0.3124373119358074,18.0
par-s47,switched,47,2,nld-zho,0.1168505516549648,0.0551654964894684,0.0313906669616699,0.6108131408691406,0.3932966291904449,0.9759036144578314,0.9253246687854728,0.198508353550617,0.2683049147442327,25.0
par-s47,switched,47,3,eng-nld,0.80641925777332,0.6238716148445336,0.0795413255691528,0.6650222539901733,0.3174743950366974,1.0,0.9965378061896534,0.8562473638870363,0.9147442326980942,1.0
par-s47,switched,47,3,eng-zho,0.1950852557673019,0.1038114343029087,0.0448166728019714,0.5759968161582947,0.4194450378417969,0.9899598393574296,0.9535589700829395,0.2953360063671839,0.3916750250752256,11.0
par-s47,switched,47,3,nld-zho,0.1509528585757271,0.0857572718154463,0.0407950282096862,0.5599827766418457,0.4214284121990204,0.9849397590361446,0.9414745239735272,0.240932650676908,0.3174523570712136,16.0
par-s47,switched,47,4,eng-nld,0.8706118355065195,0.7597793380140421,0.1052287220954895,0.6722040176391602,0.3314979672431946,1.0,0.9984617507139892,0.9076868044271692,0.9538615847542627,1.0
par-s47,switched,47,4,eng-zho,0.2557673019057171,0.1454363089267803,0.0582501888275146,0.5904805064201355,0.4471239149570465,0.9949799196787148,0.9659062528952318,0.3635944772021666,0.4804413239719157,6.0
par-s47,switched,47,4,nld-zho,0.1995987963891675,0.1223671013039117,0.0534144043922424,0.5679536461830139,0.4478596150875091,0.9909638554216867,0.9547130346863884,0.299514656512522,0.4017051153460381,10.0
par-s47,switched,47,5,eng-nld,0.8926780341023068,0.8114343029087262,0.1187775135040283,0.6925109028816223,0.3305846750736236,1.0,0.9991102826551944,0.9285877821790764,0.970912738214644,1.0
par-s47,switched,47,5,eng-zho,0.2803410230692076,0.1664994984954864,0.0641711950302124,0.61241215467453,0.4540798664093017,0.9959839357429718,0.9715783897878374,0.3916835624010475,0.5090270812437312,5.0
par-s47,switched,47,5,nld-zho,0.2342026078234704,0.1374122367101304,0.0578987598419189,0.5888083577156067,0.4536547660827636,0.9929718875502008,0.9604994702984456,0.3401985112302982,0.4483450351053159,8.0
par-s47,switched,47,6,eng-nld,0.901705115346038,0.7908726178535608,0.1267938017845153,0.6998387575149536,0.3535508811473846,1.0,0.9992386798951068,0.9327017183175206,0.9679037111334002,1.0
par-s47,switched,47,6,eng-zho,0.3069207622868606,0.1514543630892678,0.0652492642402648,0.626236081123352,0.506080687046051,0.9959839357429718,0.9739021280709598,0.4133692715972035,0.5275827482447342,5.0
par-s47,switched,47,6,nld-zho,0.2462387161484453,0.1334002006018054,0.0587292313575744,0.5966748595237732,0.4979512989521026,0.993975903614458,0.9636741549951058,0.3530368984535394,0.4689067201604814,7.0
par-s47,switched,47,7,eng-nld,0.9052156469408223,0.802407221664995,0.1389435529708862,0.7043092846870422,0.3791139721870422,1.0,0.9993056478672966,0.9365282174894258,0.9729187562688064,1.0
par-s47,switched,47,7,eng-zho,0.3154463390170511,0.1509528585757271,0.0673362612724304,0.6269562840461731,0.5357061624526978,0.9969879518072288,0.976077328370654,0.4260979867481845,0.5521564694082247,4.0
par-s47,switched,47,7,nld-zho,0.2642928786359077,0.1313941825476429,0.0648187398910522,0.6016159057617188,0.5257968306541443,0.9949799196787148,0.9668901282159732,0.3728139941298733,0.4899699097291876,6.0
par-s47,switched,47,8,eng-nld,0.8916750250752257,0.7888665997993982,0.1710304021835327,0.7049357891082764,0.4418674111366272,1.0,0.9992819824936656,0.927015068364161,0.9679037111334002,1.0
par-s47,switched,47,8,eng-zho,0.2763289869608826,0.1308926780341023,0.0785852372646331,0.6322406530380249,0.6352723240852356,0.9959839357429718,0.9715592560814974,0.3918812983477474,0.5195586760280843,5.0
par-s47,switched,47,8,nld-zho,0.2352056168505516,0.1228686058174523,0.0712854266166687,0.6022788882255554,0.6167175769805908,0.993975903614458,0.9615654191490132,0.3402813410647556,0.450852557673019,7.0
par-s47,switched,47,9,eng-nld,0.8721163490471414,0.7141424272818455,0.1850190758705139,0.7017144560813904,0.5185063481330872,1.0,0.9991067580250792,0.9148367818857156,0.9684052156469408,1.0
par-s47,switched,47,9,eng-zho,0.2286860581745236,0.1033099297893681,0.0774754583835601,0.6267649531364441,0.7200474739074707,0.993975903614458,0.964401235836022,0.3443924007398635,0.4613841524573721,7.0
par-s47,switched,47,9,nld-zho,0.2171514543630892,0.0947843530591775,0.0737407505512237,0.5989755392074585,0.7122544050216675,0.9919678714859438,0.957339891159422,0.3146940732117918,0.4067201604814443,9.0
par-s47,switched,47,10,eng-nld,0.8415245737211635,0.6208625877632898,0.1972518563270568,0.7032169699668884,0.6008296012878418,1.0,0.9987986046492892,0.8932471850329995,0.9568706118355064,1.0
par-s47,switched,47,10,eng-zho,0.1905717151454363,0.0636910732196589,0.0771013796329498,0.6247248649597168,0.8597617745399475,0.9889558232931728,0.952001587090589,0.2863084597020911,0.3746238716148445,12.0
par-s47,switched,47,10,nld-zho,0.1634904714142427,0.0646940822467402,0.0719862729310989,0.5934532880783081,0.8496217727661133,0.9869477911646586,0.9426960600677536,0.2596379154098883,0.3495486459378134,14.0
par-s47,switched,47,11,eng-nld,0.761283851554664,0.4674022066198596,0.1926509141921997,0.6895476579666138,0.6992458701133728,1.0,0.9983338569926647,0.8433555438813823,0.9423269809428284,1.0
par-s47,switched,47,11,eng-zho,0.125877632898696,0.0376128385155466,0.065026007592678,0.6054877638816833,1.047837734222412,0.9794176706827308,0.925184187099451,0.2116860359195879,0.2898696088264794,21.5
par-s47,switched,47,11,nld-zho,0.0987963891675025,0.0341023069207622,0.0632667243480682,0.5774199962615967,1.036937236785889,0.9759036144578314,0.9161027258482276,0.1843732761933096,0.2622868605817452,25.0
par-s47,switched,47,12,eng-nld,0.6850551654964895,0.3385155466399198,0.1599026024341583,0.6801650524139404,0.7095474004745483,1.0,0.9972281301736534,0.7877481152868276,0.9132397191574724,1.0
par-s47,switched,47,12,eng-zho,0.0717151454363089,0.0230692076228686,0.0533265508711338,0.5812548995018005,1.169358491897583,0.9538152610441768,0.8796832263859853,0.1355667519714221,0.1810431293881645,47.0
par-s47,switched,47,12,nld-zho,0.055667001003009,0.0175526579739217,0.0496506355702877,0.5555708408355713,1.1619001626968384,0.9467871485943776,0.8661466326690916,0.1159926900844965,0.156469408224674,54.0
par-s48,switched,48,0,eng-nld,0.3510531594784353,0.1890672016048144,0.0739222168922424,0.6454451084136963,0.5959487557411194,0.9949799196787148,0.9294228065723276,0.4215667909592728,0.4914744232698094,6.0
par-s48,switched,48,0,eng-zho,0.0406218655967903,0.0210631895687061,0.0351374149322509,0.5191422700881958,1.005096435546875,0.8247991967871486,0.7529425626276419,0.0704197000958538,0.08876629889669,175.5
par-s48,switched,48,0,nld-zho,0.0396188565697091,0.0200601805416248,0.0333642661571502,0.5050833821296692,1.0193742513656616,0.8092369477911646,0.7367619928057264,0.0702079922921545,0.0852557673019057,191.0
par-s48,switched,48,1,eng-nld,0.7567703109327983,0.5366098294884654,0.1010615825653076,0.6200872659683228,0.4031462073326111,1.0,0.9948293676209352,0.8168014806243505,0.8941825476429288,1.0
par-s48,switched,48,1,eng-zho,0.1409227683049147,0.0722166499498495,0.0489512085914611,0.5302261114120483,0.5336532592773438,0.9769076305220884,0.9211484856174952,0.219435288205454,0.2868605817452357,24.0
par-s48,switched,48,1,nld-zho,0.1288866599799398,0.059679037111334,0.0451158285140991,0.5200185775756836,0.5455470681190491,0.9708835341365462,0.906301736534906,0.1971355134432137,0.2462387161484453,30.0
par-s48,switched,48,2,eng-nld,0.7331995987963892,0.4648946840521564,0.056372582912445,0.6939145922660828,0.3109346628189087,1.0,0.9947387342751144,0.7996733649913915,0.8751253761283851,1.0
par-s48,switched,48,2,eng-zho,0.160481444332999,0.0712136409227683,0.0333369970321655,0.5958946347236633,0.3931267559528351,0.9854417670682732,0.9435545592601096,0.2509032236615385,0.3279839518555667,15.5
par-s48,switched,48,2,nld-zho,0.1218655967903711,0.055667001003009,0.0310977697372436,0.5949150323867798,0.4057132601737976,0.9779116465863452,0.9256242623452686,0.2035688615625241,0.2713139418254764,23.0
par-s48,switched,48,3,eng-nld,0.7788365095285857,0.5757271815446339,0.0666597485542297,0.6785920262336731,0.3107716739177704,1.0,0.9964728522918151,0.8377105624667813,0.9067201604814444,1.0
par-s48,switched,48,3,eng-zho,0.1970912738214644,0.1028084252758274,0.0406887531280517,0.584998607635498,0.4053889811038971,0.9899598393574296,0.9551677119712552,0.2980651631911489,0.39518555667001,11.0
par-s48,switched,48,3,nld-zho,0.1469408224674022,0.0797392176529588,0.036684513092041,0.5758147835731506,0.4150327146053314,0.9839357429718876,0.9405107893963014,0.2380250306280586,0.3219658976930792,17.0
par-s48,switched,48,4,eng-nld,0.8510531594784353,0.7377131394182548,0.0927221179008483,0.6720895767211914,0.3169141113758087,1.0,0.998262357353184,0.8946832964157215,0.9488465396188566,1.0
par-s48,switched,48,4,eng-zho,0.2382146439317953,0.1469408224674022,0.0532000660896301,0.579865574836731,0.4257074892520904,0.993975903614458,0.9639092981756516,0.3483065708376602,0.4643931795386158,7.0
par-s48,switched,48,4,nld-zho,0.1765295887662988,0.1023069207622868,0.0487337112426757,0.5610225200653076,0.4282819926738739,0.9899598393574296,0.9527694529371248,0.2811517931351953,0.3786359077231695,11.0
par-s48,switched,48,5,eng-nld,0.9012036108324974,0.8189568706118355,0.1150799393653869,0.6840674877166748,0.3294354677200317,1.0,0.9991616415511594,0.9341208837283796,0.9724172517552658,1.0
par-s48,switched,48,5,eng-zho,0.2998996990972918,0.1825476429287863,0.0627060532569885,0.6015560626983643,0.4396562278270721,0.9969879518072288,0.9745989977966026,0.4149105628580232,0.5381143430290872,4.0
par-s48,switched,48,5,nld-zho,0.2392176529588766,0.1409227683049147,0.0584850311279296,0.5808196067810059,0.4451421797275543,0.993975903614458,0.965022577773481,0.3500004008576767,0.4513540621865596,7.0
par-s48,switched,48,6,eng-nld,0.9007021063189569,0.8179538615847542,0.1276065707206726,0.6883662343025208,0.3487308025360107,1.0,0.9992170285958276,0.9316515947669782,0.9689067201604814,1.0
par-s48,switched,48,6,eng-zho,0.3360080240722166,0.19358074222668,0.0675092339515686,0.6138416528701782,0.4637041389942169,0.9969879518072288,0.9788220081932544,0.4509022651036811,0.582246740220662,4.0
par-s48,switched,48,6,nld-zho,0.2557673019057171,0.1449348044132397,0.0628390312194824,0.5855839252471924,0.4678457379341125,0.9949799196787148,0.9699943203103286,0.3699590342824431,0.4934804413239719,6.0
par-s48,switched,48,7,eng-nld,0.9012036108324974,0.8239719157472417,0.141283631324768,0.7039875984191895,0.377590537071228,1.0,0.9993700982465468,0.9326267270313576,0.9689067201604814,1.0
par-s48,switched,48,7,eng-zho,0.3535606820461384,0.1885656970912738,0.0728320479393005,0.6230410933494568,0.4998424649238586,0.997991967871486,0.980355725811974,0.4693299703960424,0.6033099297893681,3.0
par-s48,switched,48,7,nld-zho,0.2622868605817452,0.1369107321965897,0.0663634538650512,0.5954419374465942,0.5119041204452515,0.9959839357429718,0.9746725115104348,0.3848505851895148,0.5170511534603811,5.0
par-s48,switched,48,8,eng-nld,0.8931795386158475,0.7998996990972919,0.169043481349945,0.7062561511993408,0.4259269833564758,1.0,0.999326795647988,0.9285503369038604,0.9704112337011032,1.0
par-s48,switched,48,8,eng-zho,0.3520561685055166,0.1775325977933801,0.0828151106834411,0.6274529099464417,0.5685108304023743,0.997991967871486,0.980112526334022,0.4704528009232603,0.60481444332999,3.0
par-s48,switched,48,8,nld-zho,0.2773319959879639,0.1414242728184553,0.0782395601272583,0.5962902307510376,0.5762732625007629,0.9959839357429718,0.9757732031435672,0.391632899836927,0.5100300902708125,5.0
par-s48,switched,48,9,eng-nld,0.858074222668004,0.7221664994984955,0.2055599689483642,0.7111456990242004,0.5326361656188965,1.0,0.9990639589451084,0.905543248981632,0.962888665997994,1.0
par-s48,switched,48,9,eng-zho,0.279839518555667,0.129889669007021,0.0898528397083282,0.6351779103279114,0.6918893456459045,0.9969879518072288,0.9743291118334924,0.4019963464535703,0.5421263791374122,4.0
par-s48,switched,48,9,nld-zho,0.2352056168505516,0.1058174523570712,0.0846567749977111,0.6013757586479187,0.703230619430542,0.993975903614458,0.9705743737235804,0.3495152284616447,0.4658976930792377,7.0
par-s48,switched,48,10,eng-nld,0.8289869608826479,0.6078234704112336,0.2009886801242828,0.7059897780418396,0.6247052550315857,1.0,0.9986485561100972,0.884606326617639,0.9518555667001004,1.0
par-s48,switched,48,10,eng-zho,0.2151454363089268,0.0952858575727181,0.083886906504631,0.6285188794136047,0.8471168279647827,0.9929718875502008,0.9600518422738094,0.3209458044951391,0.4297893681043129,8.0
par-s48,switched,48,10,nld-zho,0.1775325977933801,0.0732196589769308,0.0804464966058731,0.5979225635528564,0.8574106693267822,0.9899598393574296,0.9584627376104216,0.2799723420986635,0.3791374122367101,11.0
par-s48,switched,48,11,eng-nld,0.7537612838515546,0.458876629889669,0.1921280622482299,0.6974138617515564,0.7136335372924805,1.0,0.9982004245668732,0.8397812746183521,0.9398194583751254,1.0
par-s48,switched,48,11,eng-zho,0.1334002006018054,0.047642928786359,0.0721431225538253,0.6152989268302917,1.0278085470199585,0.9819277108433736,0.9291972302449516,0.2238434414257963,0.3084252758274824,19.0
par-s48,switched,48,11,nld-zho,0.1158475426278836,0.0406218655967903,0.0686354413628578,0.5861563086509705,1.0368186235427856,0.9789156626506024,0.9298774838571942,0.2022003139979897,0.2788365095285857,22.0
par-s48,switched,48,12,eng-nld,0.6800401203610833,0.3575727181544634,0.1618528962135315,0.6908310055732727,0.715312659740448,1.0,0.9974456502036227,0.7889034395625039,0.9182547642928788,1.0
par-s48,switched,48,12,eng-zho,0.0852557673019057,0.0270812437311935,0.0576230287551879,0.585337221622467,1.1473833322525024,0.9598393574297188,0.8817637651911558,0.1540790346704922,0.2091273821464393,41.0
par-s48,switched,48,12,nld-zho,0.0641925777331996,0.0205616850551654,0.0547858364880085,0.5563951730728149,1.1566065549850464,0.9538152610441768,0.8802567340575943,0.1312877303636857,0.1780341023069207,47.0
par-s49,switched,49,0,eng-nld,0.3660982948846539,0.1965897693079237,0.0709115862846374,0.6413091421127319,0.5841421484947205,0.9949799196787148,0.927896641732426,0.4320487442784505,0.4954864593781344,6.0
par-s49,switched,49,0,eng-zho,0.0391173520561685,0.0225677031093279,0.0324146449565887,0.5175052285194397,0.9976051449775696,0.8152610441767069,0.7453359073203546,0.0672222693795511,0.0787362086258776,185.0
par-s49,switched,49,0,nld-zho,0.0381143430290872,0.0155466399197592,0.0309559106826782,0.496034175157547,1.0130748748779297,0.7986947791164658,0.7305984217713382,0.066028943363749,0.0812437311935807,201.5
par-s49,switched,49,1,eng-nld,0.7562688064192578,0.5275827482447342,0.0949371457099914,0.6261106729507446,0.3928637504577636,1.0,0.994273483099902,0.8117248827106447,0.8781344032096289,1.0
par-s49,switched,49,1,eng-zho,0.1228686058174523,0.0491474423269809,0.0445780158042907,0.5485413670539856,0.5323688387870789,0.9698795180722892,0.9024971500847924,0.1913915582696009,0.2507522567703109,31.0
par-s49,switched,49,1,nld-zho,0.0997993981945837,0.0446339017051153,0.0412044525146484,0.5294646620750427,0.5370622873306274,0.9578313253012049,0.8917007045232083,0.1622031390019445,0.2116349047141424,43.0
par-s49,switched,49,2,eng-nld,0.7377131394182548,0.4914744232698094,0.0573924779891967,0.6970701217651367,0.3108074367046356,1.0,0.9945192001707934,0.7996691021729396,0.870110330992979,1.0
par-s49,switched,49,2,eng-zho,0.1283851554663992,0.0441323971915747,0.031291663646698,0.6088271141052246,0.4061418771743774,0.9789156626506024,0.9304978187574772,0.2130220445073877,0.2823470411233701,22.0
par-s49,switched,49,2,nld-zho,0.1168505516549649,0.0456369107321965,0.0306656956672668,0.5970040559768677,0.4097103178501129,0.9698795180722892,0.9164526712668124,0.1892592166431025,0.2402206619859578,31.0
par-s49,switched,49,3,eng-nld,0.7893681043129388,0.6253761283851555,0.0781574845314025,0.658924400806427,0.3147723972797394,1.0,0.9965559328588176,0.8458445946173907,0.9127382146439318,1.0
par-s49,switched,49,3,eng-zho,0.1840521564694082,0.0862587763289869,0.0418734550476074,0.574215292930603,0.4253731369972229,0.988453815261044,0.9460706416438068,0.2783199472726158,0.3686058174523571,12.5
par-s49,switched,49,3,nld-zho,0.1364092276830491,0.0757271815446339,0.0396602749824523,0.5569097995758057,0.4299488961696625,0.9799196787148594,0.9332485408031324,0.2172681312293455,0.2808425275827482,21.0
par-s49,switched,49,4,eng-nld,0.8495486459378134,0.7437311935807422,0.0978645682334899,0.6619346737861633,0.2983305156230926,1.0,0.9980513830648572,0.8948454930346571,0.9518555667001004,1.0
par-s49,switched,49,4,eng-zho,0.2326980942828485,0.1253761283851554,0.051395833492279,0.578405499458313,0.4220568537712097,0.9919678714859438,0.9568414077574088,0.3328369478855747,0.4358074222668004,9.0
par-s49,switched,49,4,nld-zho,0.1654964894684052,0.1033099297893681,0.0468564629554748,0.5526062250137329,0.4265403151512146,0.9859437751004017,0.9446330960753748,0.2573767201395592,0.3425275827482447,15.0
par-s49,switched,49,5,eng-nld,0.8851554663991976,0.7863590772316951,0.0959688425064086,0.6798860430717468,0.2808808088302612,1.0,0.9987558055693184,0.9200633101302588,0.9623871614844534,1.0
par-s49,switched,49,5,eng-zho,0.2592778335005015,0.1499498495486459,0.0512971878051757,0.5992836356163025,0.4082124829292297,0.993975903614458,0.9638216859413582,0.3612799747657718,0.4613841524573721,7.0
par-s49,switched,49,5,nld-zho,0.19358074222668,0.1243731193580742,0.0471099615097045,0.5771490931510925,0.4118311405181885,0.9899598393574296,0.9523882893660902,0.2904720303165685,0.3746238716148445,11.0
par-s49,switched,49,6,eng-nld,0.899197592778335,0.8129388164493481,0.0953380465507507,0.6995390057563782,0.2815636992454529,1.0,0.9990085719004402,0.9307625720181456,0.9699097291875628,1.0
par-s49,switched,49,6,eng-zho,0.3049147442326981,0.1670010030090271,0.0508671998977661,0.6224884986877441,0.4090888500213623,0.9959839357429718,0.971593998864062,0.4060065341827395,0.5085255767301906,5.0
par-s49,switched,49,6,nld-zho,0.2231695085255767,0.133901705115346,0.0466294288635253,0.600314736366272,0.4100065529346466,0.9929718875502008,0.9621087157053492,0.3288502134851183,0.4242728184553661,8.0
par-s49,switched,49,7,eng-nld,0.9082246740220662,0.8004012036108324,0.1265904307365417,0.7020993828773499,0.3489347994327545,1.0,0.9992935634211872,0.9362556492218442,0.9744232698094284,1.0
par-s49,switched,49,7,eng-zho,0.3029087261785356,0.1394182547642928,0.0625271797180175,0.628553569316864,0.508966326713562,0.9959839357429718,0.9741105847663472,0.4099670478247516,0.5250752256770311,5.0
par-s49,switched,49,7,nld-zho,0.2076228686058174,0.1143430290872618,0.0557175278663635,0.5996118187904358,0.5062453150749207,0.9929718875502008,0.9644133202821316,0.3196661509364236,0.4307923771313942,8.0
par-s49,switched,49,8,eng-nld,0.8866599799398194,0.7788365095285857,0.1803790926933288,0.7063983678817749,0.4228221774101257,1.0,0.9992190426701792,0.9236097553450804,0.9663991975927784,1.0
par-s49,switched,49,8,eng-zho,0.2928786359077232,0.1223671013039117,0.0790987908840179,0.6321552991867065,0.6112900376319885,0.9959839357429718,0.9727128171663584,0.4036498226903736,0.5260782347041123,5.0
par-s49,switched,49,8,nld-zho,0.2131394182547643,0.1053159478435306,0.0728758573532104,0.5972391366958618,0.6005515456199646,0.9929718875502008,0.9650004229556136,0.3247471590504708,0.4327983951855567,8.0
par-s49,switched,49,9,eng-nld,0.858074222668004,0.6875626880641925,0.1990124881267547,0.7137179374694824,0.5325387716293335,1.0,0.9987704076083672,0.9032282801651926,0.9573721163490472,1.0
par-s49,switched,49,9,eng-zho,0.2342026078234704,0.0882647943831494,0.0792475342750549,0.632110059261322,0.7326788902282715,0.9949799196787148,0.965812598437884,0.3485247985463617,0.4764292878635908,6.0
par-s49,switched,49,9,nld-zho,0.1830491474423269,0.0857572718154463,0.0739879012107849,0.6024566292762756,0.7206512093544006,0.9909638554216867,0.9591011991798688,0.2869053484413474,0.3841524573721163,10.0
par-s49,switched,49,10,eng-nld,0.8199598796389167,0.5857572718154463,0.204894870519638,0.7084386944770813,0.627685010433197,1.0,0.9985589298014526,0.8808765666632055,0.9533600802407222,1.0
par-s49,switched,49,10,eng-zho,0.2031093279839518,0.0672016048144433,0.078642338514328,0.6258734464645386,0.871353030204773,0.9919678714859438,0.95490135063826,0.3049358769322917,0.4037111334002006,9.0
par-s49,switched,49,10,nld-zho,0.1584754262788365,0.0677031093279839,0.0744294375181198,0.5963385701179504,0.8632650375366211,0.9879518072289156,0.9485816888416252,0.2567585232907418,0.3455366098294885,13.0
par-s49,switched,49,11,eng-nld,0.7562688064192578,0.4749247743229688,0.1886970102787017,0.7008722424507141,0.7025628089904785,1.0,0.9978862289680288,0.8385506331401363,0.933801404212638,1.0
par-s49,switched,49,11,eng-zho,0.1278836509528585,0.0426278836509528,0.0643260031938552,0.6135607957839966,1.0408904552459717,0.9829317269076304,0.9258392647822988,0.2206121149423704,0.3034102306920762,18.0
par-s49,switched,49,11,nld-zho,0.1028084252758274,0.0315947843530591,0.0615680105984211,0.5842052102088928,1.0358564853668213,0.9779116465863452,0.919612250405836,0.1882317201375608,0.2662988966900702,23.0
par-s49,switched,49,12,eng-nld,0.6800401203610833,0.3771313941825476,0.159366101026535,0.6886799335479736,0.7156229019165039,1.0,0.9967946006694784,0.7853636335334773,0.9127382146439318,1.0
par-s49,switched,49,12,eng-zho,0.0817452357071213,0.0255767301905717,0.052979789674282,0.5876197814941406,1.1554111242294312,0.9578313253012049,0.8703243263928332,0.149178222484807,0.2026078234704112,43.0
par-s49,switched,49,12,nld-zho,0.0581745235707121,0.0170511534603811,0.0501776412129402,0.5572806596755981,1.1535097360610962,0.9528112449799196,0.8676078436111547,0.1226836069487349,0.1740220661985957,48.0
salad,switched,42,0,eng-nld,0.3420260782347041,0.1825476429287863,0.0662236809730529,0.6601173281669617,0.5674319863319397,0.993975903614458,0.922904758452063,0.4076988235669033,0.4739217652958876,7.0
salad,switched,42,0,eng-zho,0.0270812437311935,0.0190571715145436,0.0270547270774841,0.5044680833816528,0.9891492128372192,0.7555220883534137,0.6909407942703613,0.0474868464420272,0.0531594784353059,244.5
salad,switched,42,0,nld-zho,0.0240722166499498,0.0155466399197592,0.0264928638935089,0.4886887967586517,0.9961897730827332,0.7409638554216867,0.6817359709651041,0.0468371314755281,0.0561685055165496,259.0
salad,switched,42,1,eng-nld,0.6088264794383149,0.3756268806419257,0.0700671672821044,0.6544468998908997,0.3852499723434448,1.0,0.9850092446012736,0.6848100272761024,0.7703109327983951,1.0
salad,switched,42,1,eng-zho,0.0426278836509528,0.0240722166499498,0.0267167091369628,0.5418580770492554,0.5563467144966125,0.856425702811245,0.7757574933636249,0.0786406423656273,0.0992978936810431,144.0
salad,switched,42,1,nld-zho,0.0451354062186559,0.0245737211634904,0.0246187448501586,0.5410341024398804,0.5493655800819397,0.8483935742971888,0.7638074867171797,0.0791487051237049,0.0957873620862587,152.0
salad,switched,42,2,eng-nld,0.5747241725175527,0.3294884653961886,0.0434035062789917,0.7234466671943665,0.3084518611431122,1.0,0.9860550527083256,0.6603957294539481,0.7537612838515546,1.0
salad,switched,42,2,eng-zho,0.0416248746238716,0.0215646940822467,0.0199765563011169,0.6116498112678528,0.4476764798164367,0.8815261044176707,0.8145953926035134,0.0805241705774217,0.1013039117352056,119.0
salad,switched,42,2,nld-zho,0.0441323971915747,0.0215646940822467,0.0201512575149536,0.6060305833816528,0.4409057199954986,0.8744979919678715,0.8018130697312822,0.0785721865238913,0.092778335005015,126.0
salad,switched,42,3,eng-nld,0.6990972918756269,0.4844533600802407,0.0627005696296691,0.6631345152854919,0.3194796144962311,1.0,0.99357409578132,0.7670819972713482,0.8430290872617854,1.0
salad,switched,42,3,eng-zho,0.0491474423269809,0.0295887662988966,0.023399531841278,0.5425870418548584,0.4777767062187195,0.8910642570281124,0.8176270780212123,0.0894525023758382,0.1163490471414242,109.5
salad,switched,42,3,nld-zho,0.0421263791374122,0.0235707121364092,0.0239279866218566,0.5398563146591187,0.4748589694499969,0.8870481927710844,0.8052994324338477,0.0825170313644418,0.1078234704112337,113.5
salad,switched,42,4,eng-nld,0.7622868605817452,0.586258776328987,0.0803254246711731,0.665121853351593,0.3448254764080047,1.0,0.996217064849166,0.8217460218191821,0.8941825476429288,1.0
salad,switched,42,4,eng-zho,0.0511534603811434,0.0285857572718154,0.0262607336044311,0.5426976084709167,0.5116026401519775,0.9016064257028112,0.8186925233531921,0.0909424984189878,0.111334002006018,99.0
salad,switched,42,4,nld-zho,0.0436308926780341,0.0245737211634904,0.0271764993667602,0.5313707590103149,0.5018987059593201,0.8985943775100401,0.8115541403326445,0.0825206409609978,0.1023069207622868,102.0
salad,switched,42,5,eng-nld,0.8039117352056169,0.6143430290872618,0.0989142060279846,0.6838414669036865,0.3897739350795746,1.0,0.9981541008567872,0.8606155109843525,0.9297893681043128,1.0
salad,switched,42,5,eng-zho,0.0491474423269809,0.0240722166499498,0.0297450423240661,0.5580456256866455,0.5584831833839417,0.9056224899598394,0.8251587090589035,0.0947218245603683,0.1238716148445336,95.0
salad,switched,42,5,nld-zho,0.0471414242728184,0.0230692076228686,0.0265964865684509,0.543962299823761,0.5452398061752319,0.8965863453815262,0.8167001003009027,0.0883161017382037,0.1138415245737211,104.0
salad,switched,42,6,eng-nld,0.8350050150451354,0.6720160481444333,0.1234058737754821,0.685593843460083,0.4120411276817322,1.0,0.99887967114194,0.8854933973958053,0.9478435305917752,1.0
salad,switched,42,6,eng-zho,0.047642928786359,0.0220661985957873,0.0298563241958618,0.5476217269897461,0.5933675765991211,0.8965863453815262,0.8076866140590446,0.0885914509789146,0.1123370110330993,104.0
salad,switched,42,6,nld-zho,0.0446339017051153,0.018555667001003,0.02693372964859,0.5329573750495911,0.5880027413368225,0.8795180722891567,0.7952768949418537,0.0842697037290464,0.1033099297893681,121.0
salad,switched,42,7,eng-nld,0.8229689067201604,0.6138415245737212,0.1298739314079284,0.6877572536468506,0.441569060087204,1.0,0.9986138133275326,0.8753125329066258,0.9423269809428284,1.0
salad,switched,42,7,eng-zho,0.047642928786359,0.0230692076228686,0.0285074114799499,0.5521601438522339,0.625709056854248,0.893574297188755,0.80463478789783,0.0873712755659631,0.1078234704112337,107.0
salad,switched,42,7,nld-zho,0.0451354062186559,0.018555667001003,0.0271950364112854,0.5368479490280151,0.616593599319458,0.8790160642570282,0.792160114882801,0.083865340162036,0.1088264794383149,121.5
salad,switched,42,8,eng-nld,0.8084252758274825,0.5772316950852557,0.1442000269889831,0.6934540271759033,0.4890146851539612,1.0,0.9986203590691756,0.8680556302483398,0.9418254764292878,1.0
salad,switched,42,8,eng-zho,0.0386158475426278,0.0200601805416248,0.0287264883518219,0.5570860505104065,0.6838179230690002,0.8734939759036144,0.7823037385248114,0.077169082545667,0.09679037111334,127.0
salad,switched,42,8,nld-zho,0.0386158475426278,0.0155466399197592,0.0259797871112823,0.5471345782279968,0.6738743185997009,0.8594377510040161,0.7756588037203982,0.0746914788633867,0.0907723169508525,141.0
salad,switched,42,9,eng-nld,0.7768304914744233,0.5411233701103311,0.1642837524414062,0.6914108991622925,0.5355386137962341,1.0,0.9982799805037602,0.8470321395253982,0.9332998996990972,1.0
salad,switched,42,9,eng-zho,0.0341023069207622,0.0170511534603811,0.0298285484313964,0.5674824714660645,0.7609308958053589,0.8664658634538153,0.7722142330606276,0.0708435789911853,0.0892678034102306,134.0
salad,switched,42,9,nld-zho,0.0381143430290872,0.0140421263791374,0.0273917019367218,0.5514925718307495,0.756880521774292,0.8634538152610441,0.7702152642666956,0.0712520709198575,0.0842527582748244,137.0
salad,switched,42,10,eng-nld,0.7342026078234705,0.4613841524573721,0.1681288778781891,0.6846027374267578,0.5771393775939941,1.0,0.9975382976237952,0.8157403993164024,0.9167502507522568,1.0
salad,switched,42,10,eng-zho,0.029087261785356,0.0140421263791374,0.0281174778938293,0.5690624713897705,0.870241641998291,0.8453815261044176,0.7502633402214677,0.06125555532212,0.0717151454363089,155.0
salad,switched,42,10,nld-zho,0.0260782347041123,0.0135406218655967,0.0280895233154296,0.5514169931411743,0.8603519201278687,0.8393574297188755,0.7519924230522893,0.0593586380920388,0.0767301905717151,161.0
salad,switched,42,11,eng-nld,0.6489468405215647,0.3490471414242728,0.160584807395935,0.6770948171615601,0.622166097164154,1.0,0.9962256246651602,0.7530333087291229,0.8846539618856569,1.0
salad,switched,42,11,eng-zho,0.018555667001003,0.0100300902708124,0.0255681723356246,0.5610320568084717,1.0114824771881104,0.8052208835341366,0.7155729235900472,0.0464417548319617,0.0561685055165496,195.0
salad,switched,42,11,nld-zho,0.0180541624874623,0.0085255767301905,0.025421492755413,0.5425987839698792,1.00809907913208,0.8022088353413654,0.7131993369667236,0.0449446446291193,0.055667001003009,198.0
salad,switched,42,12,eng-nld,0.586258776328987,0.2683049147442327,0.1376730799674987,0.6680892109870911,0.6222550272941589,1.0,0.9934386492811768,0.6934169900614843,0.8324974924774323,1.0
salad,switched,42,12,eng-zho,0.0150451354062186,0.0085255767301905,0.0229027457535266,0.5445509552955627,1.0806204080581665,0.75,0.6802591509468163,0.0385759285589887,0.0451354062186559,250.0
salad,switched,42,12,nld-zho,0.0160481444332999,0.0070210631895687,0.0205736719071865,0.5207447409629822,1.077213168144226,0.7349397590361446,0.666011588983819,0.0366826871128157,0.0411233701103309,265.0
salad-s43,switched,43,0,eng-nld,0.3360080240722166,0.1845536609829488,0.0654828548431396,0.6503561735153198,0.5682092905044556,0.993975903614458,0.9203856549568384,0.4039714403848209,0.4724172517552658,7.0
salad-s43,switched,43,0,eng-zho,0.0260782347041123,0.0180541624874623,0.0269468128681182,0.4920123517513275,0.9958958029747008,0.7429718875502008,0.6833225580355524,0.0463672425272077,0.0506519558676028,257.0
salad-s43,switched,43,0,nld-zho,0.0280842527582748,0.0135406218655967,0.0259093940258026,0.4846180081367492,1.0053287744522097,0.7269076305220883,0.6700618925048236,0.0476236530423375,0.0546639919759277,273.0
salad-s43,switched,43,1,eng-nld,0.5912738214643931,0.3585757271815446,0.0817202925682067,0.6426951885223389,0.4262838959693908,1.0,0.9857745928548698,0.6676951012549636,0.7597793380140421,1.0
salad-s43,switched,43,1,eng-zho,0.0406218655967903,0.0175526579739217,0.0284420251846313,0.5264104604721069,0.5889264345169067,0.8458835341365462,0.7669091612185956,0.0754618823463997,0.0997993981945837,154.5
salad-s43,switched,43,1,nld-zho,0.0376128385155466,0.0180541624874623,0.0258448719978332,0.5250465273857117,0.594097912311554,0.8283132530120482,0.7518036035818298,0.0716087507026719,0.0952858575727181,172.0
salad-s43,switched,43,2,eng-nld,0.5536609829488466,0.3049147442326981,0.0479464530944824,0.7048813700675964,0.3402545154094696,1.0,0.9852171977780732,0.6396150635595461,0.7417251755265798,1.0
salad-s43,switched,43,2,eng-zho,0.0411233701103309,0.0140421263791374,0.0193389058113098,0.5912541151046753,0.475767970085144,0.8679718875502008,0.7958891735447305,0.074652015541901,0.0867602808425275,132.5
salad-s43,switched,43,2,nld-zho,0.0361083249749247,0.018555667001003,0.0198140740394592,0.588029682636261,0.4743566513061523,0.8634538152610441,0.785276512267727,0.0698143950727706,0.0892678034102306,137.0
salad-s43,switched,43,3,eng-nld,0.679037111334002,0.4503510531594784,0.0655033588409423,0.6565386056900024,0.3416873812675476,1.0,0.99347137798939,0.7514328360267266,0.831494483450351,1.0
salad-s43,switched,43,3,eng-zho,0.0521564694082246,0.0260782347041123,0.0243799090385437,0.5426993370056152,0.4963448941707611,0.893574297188755,0.8058699189939295,0.0913954518081369,0.1088264794383149,107.0
salad-s43,switched,43,3,nld-zho,0.0466399197592778,0.0235707121364092,0.0226948261260986,0.5272716879844666,0.4973722100257873,0.8729919678714859,0.786326348523482,0.0826373009463392,0.0952858575727181,127.5
salad-s43,switched,43,4,eng-nld,0.7567703109327983,0.5732196589769307,0.0804721713066101,0.6628663539886475,0.3479831218719482,1.0,0.9967840267791328,0.8227276383811282,0.9052156469408223,1.0
salad-s43,switched,43,4,eng-zho,0.0546639919759277,0.0285857572718154,0.0273272991180419,0.5495242476463318,0.5149313807487488,0.8965863453815262,0.8065270107511289,0.0945440418818273,0.115346038114343,104.0
salad-s43,switched,43,4,nld-zho,0.0506519558676028,0.0225677031093279,0.0239412188529968,0.5302169919013977,0.5146177411079407,0.873995983935743,0.7881727511852827,0.0898607656268842,0.1148445336008024,126.5
salad-s43,switched,43,5,eng-nld,0.7973921765295888,0.6263791374122367,0.093565285205841,0.6696968078613281,0.3481253981590271,1.0,0.9977412156147156,0.8536510909523922,0.9232698094282848,1.0
salad-s43,switched,43,5,eng-zho,0.055667001003009,0.0240722166499498,0.0266043543815612,0.5662636756896973,0.520015299320221,0.8995983935742972,0.8072143136236019,0.1009594472035659,0.129889669007021,101.0
salad-s43,switched,43,5,nld-zho,0.0541624874623871,0.0260782347041123,0.0264502167701721,0.5454014539718628,0.5167884230613708,0.8815261044176707,0.7924058319536924,0.0947806682636173,0.1198595787362086,119.0
salad-s43,switched,43,6,eng-nld,0.8309929789368105,0.6384152457372116,0.1072248220443725,0.6844944357872009,0.3834189176559448,1.0,0.9984849125690324,0.8795753267177612,0.9418254764292878,1.0
salad-s43,switched,43,6,eng-zho,0.0496489468405215,0.0220661985957873,0.0280482769012451,0.5712150931358337,0.555550754070282,0.8900602409638554,0.7950865649156305,0.0946137835467916,0.125877632898696,110.5
salad-s43,switched,43,6,nld-zho,0.0506519558676028,0.0225677031093279,0.0259438753128051,0.5504170656204224,0.5578135848045349,0.8684738955823293,0.7785354054130262,0.0907765169063723,0.1148445336008024,132.0
salad-s43,switched,43,7,eng-nld,0.8114343029087261,0.5957873620862588,0.1221101284027099,0.6881558299064636,0.437433660030365,1.0,0.9982678960576508,0.8680904019147053,0.9383149448345036,1.0
salad-s43,switched,43,7,eng-zho,0.0501504513540621,0.0225677031093279,0.0254880189895629,0.586911141872406,0.6070862412452698,0.8734939759036144,0.77247404865198,0.0892042994153377,0.1163490471414242,127.0
salad-s43,switched,43,7,nld-zho,0.0401203610832497,0.018555667001003,0.0226511359214782,0.5601387619972229,0.6126992702484131,0.8504016064257028,0.7520614050988306,0.0753291917671367,0.0962888665997993,150.0
salad-s43,switched,43,8,eng-nld,0.7632898696088265,0.518555667001003,0.141797125339508,0.6865208745002747,0.5045321583747864,1.0,0.9978298348861848,0.8356685709867677,0.925777331995988,1.0
salad-s43,switched,43,8,eng-zho,0.0421263791374122,0.0190571715145436,0.0274684727191925,0.5832926034927368,0.6912617087364197,0.8423694779116466,0.7526218212871547,0.0771847536782859,0.0922768304914744,158.0
salad-s43,switched,43,8,nld-zho,0.0305917753259779,0.014543630892678,0.0223113894462585,0.5556933283805847,0.6807777881622314,0.8318273092369478,0.738580701945193,0.0647164638660229,0.0867602808425275,168.5
salad-s43,switched,43,9,eng-nld,0.7447342026078234,0.4879638916750251,0.158849149942398,0.6945568919181824,0.5560913681983948,1.0,0.997674247642526,0.8233302480643598,0.924272818455366,1.0
salad-s43,switched,43,9,eng-zho,0.0346038114343029,0.0155466399197592,0.0250224769115448,0.5831071734428406,0.7817224860191345,0.8122489959839357,0.7304765702730682,0.0653464305428603,0.0827482447342026,188.0
salad-s43,switched,43,9,nld-zho,0.0240722166499498,0.0110330992978936,0.0217800438404083,0.5642529129981995,0.7683083415031433,0.8032128514056225,0.7165104752007025,0.0539592578062532,0.0682046138415245,197.0
salad-s43,switched,43,10,eng-nld,0.6880641925777331,0.4172517552657974,0.1647136509418487,0.6869539022445679,0.6064150333404541,1.0,0.9969627758778344,0.7838264587614436,0.9067201604814444,1.0
salad-s43,switched,43,10,eng-zho,0.025075225677031,0.0130391173520561,0.0251078605651855,0.5799715518951416,0.896773636341095,0.7956827309236948,0.7169530680394597,0.0540844128417623,0.0722166499498495,204.5
salad-s43,switched,43,10,nld-zho,0.0190571715145436,0.0110330992978936,0.0230806469917297,0.5609632134437561,0.8818085789680481,0.786144578313253,0.7090015024994664,0.045803580923671,0.0571715145436308,214.0
salad-s43,switched,43,11,eng-nld,0.6078234704112337,0.3074222668004012,0.1573491990566253,0.6772283315658569,0.6447317004203796,1.0,0.9944547497915432,0.7208480006556591,0.8570712136409228,1.0
salad-s43,switched,43,11,eng-zho,0.0155466399197592,0.0100300902708124,0.0243518501520156,0.5698698163032532,1.026632308959961,0.7690763052208835,0.6925389622683311,0.0395023766471448,0.047642928786359,231.0
salad-s43,switched,43,11,nld-zho,0.0120361083249749,0.0090270812437311,0.0203651413321495,0.5508850812911987,1.0187163352966309,0.7454819277108433,0.6729546067922643,0.0327339510172677,0.0386158475426278,254.5
salad-s43,switched,43,12,eng-nld,0.545135406218656,0.257271815446339,0.1366822123527526,0.6761555075645447,0.6311436295509338,1.0,0.9915293067958896,0.663161447896427,0.8084252758274825,1.0
salad-s43,switched,43,12,eng-zho,0.010531594784353,0.0085255767301905,0.0199614241719245,0.5470315217971802,1.0927364826202393,0.7264056224899598,0.6588696813331562,0.0316045193559546,0.0401203610832497,273.5
salad-s43,switched,43,12,nld-zho,0.0100300902708124,0.0075225677031093,0.0174997393041849,0.5267277359962463,1.087862253189087,0.6947791164658634,0.6419907312298341,0.0282393017991589,0.0315947843530591,305.0
salad-s44,switched,44,0,eng-nld,0.3440320962888666,0.1910732196589769,0.0635510683059692,0.636033296585083,0.5575869679450989,0.993975903614458,0.9214863465899708,0.4109063080975004,0.4789368104312939,7.0
salad-s44,switched,44,0,eng-zho,0.0275827482447342,0.0180541624874623,0.0260253548622131,0.4844086170196533,0.9737682342529296,0.7444779116465863,0.6827918494439141,0.0481634693492613,0.0566700100300902,255.5
salad-s44,switched,44,0,nld-zho,0.0300902708124373,0.0165496489468405,0.0259190797805786,0.473027229309082,0.978973388671875,0.7439759036144578,0.6856055113130556,0.0502086698135334,0.0586760280842527,256.0
salad-s44,switched,44,1,eng-nld,0.6088264794383149,0.376629889669007,0.0848822593688964,0.6129514575004578,0.4320857524871826,1.0,0.9860555562269137,0.6821705996808964,0.7627883650952858,1.0
salad-s44,switched,44,1,eng-zho,0.0541624874623871,0.0315947843530591,0.0293936133384704,0.5106448531150818,0.5933931469917297,0.873995983935743,0.788251300084994,0.0946350812801841,0.1198595787362086,126.5
salad-s44,switched,44,1,nld-zho,0.0526579739217653,0.0270812437311935,0.028016448020935,0.5092378258705139,0.5880470275878906,0.8704819277108433,0.7792116308765654,0.0886717340542918,0.1088264794383149,130.0
salad-s44,switched,44,2,eng-nld,0.5762286860581746,0.3079237713139418,0.0460672974586486,0.6934053897857666,0.3376265168190002,1.0,0.9866436659375716,0.6587316449414408,0.7437311935807422,1.0
salad-s44,switched,44,2,eng-zho,0.0541624874623871,0.0270812437311935,0.0215447545051574,0.5865200161933899,0.4624628126621246,0.9126506024096386,0.8322049481778668,0.098815584299541,0.1233701103309929,88.0
salad-s44,switched,44,2,nld-zho,0.051654964894684,0.0240722166499498,0.022223949432373,0.5897372364997864,0.4541417360305786,0.8975903614457832,0.8204795108216215,0.0903843763049817,0.1053159478435305,103.0
salad-s44,switched,44,3,eng-nld,0.6900702106318957,0.4563691073219659,0.0647855997085571,0.6535630226135254,0.3387826681137085,1.0,0.9936717783873712,0.7596622741817753,0.8375125376128385,1.0
salad-s44,switched,44,3,eng-zho,0.0667001003009027,0.0361083249749247,0.0280308127403259,0.5418932437896729,0.4852026402950287,0.9267068273092368,0.8466896673957616,0.1134136463283037,0.1394182547642928,74.0
salad-s44,switched,44,3,nld-zho,0.0551654964894684,0.0295887662988966,0.0269064307212829,0.5299414396286011,0.4753995537757873,0.9156626506024096,0.8315750464244138,0.0966290404989123,0.1168505516549649,85.0
salad-s44,switched,44,4,eng-nld,0.7642928786359078,0.559679037111334,0.0826900601387023,0.6569594740867615,0.3553991913795471,1.0,0.9963610711653031,0.8227505490929997,0.8966900702106319,1.0
salad-s44,switched,44,4,eng-zho,0.070210631895687,0.0381143430290872,0.0318456292152404,0.5432131290435791,0.512803852558136,0.9246987951807228,0.8433241491542902,0.1181389567987086,0.1454363089267803,76.0
salad-s44,switched,44,4,nld-zho,0.0541624874623871,0.029087261785356,0.0290671586990356,0.5245503783226013,0.501664400100708,0.9096385542168676,0.8315116030823394,0.09590859653179,0.1198595787362086,91.0
salad-s44,switched,44,5,eng-nld,0.79839518555667,0.6213640922768305,0.0866103172302246,0.6714287996292114,0.3478056788444519,1.0,0.9977064728321512,0.8539258025751604,0.9247743229689068,1.0
salad-s44,switched,44,5,eng-zho,0.0626880641925777,0.0346038114343029,0.030829906463623,0.5530647039413452,0.5117712616920471,0.9206827309236948,0.8366872706472832,0.1125729268955078,0.1454363089267803,80.0
salad-s44,switched,44,5,nld-zho,0.0511534603811434,0.0305917753259779,0.0282509326934814,0.5273339152336121,0.5011584758758545,0.9046184738955824,0.8251853955440619,0.0935576096815367,0.1188565697091273,96.0
salad-s44,switched,44,6,eng-nld,0.8229689067201604,0.615346038114343,0.1006937026977539,0.6730045080184937,0.3992393612861633,1.0,0.9985136131285424,0.8744224283761659,0.9383149448345036,1.0
salad-s44,switched,44,6,eng-zho,0.0651955867602808,0.0336008024072216,0.031566321849823,0.5613409876823425,0.5558751225471497,0.9226907630522088,0.8359324962840329,0.1163819103542886,0.1534603811434303,78.0
salad-s44,switched,44,6,nld-zho,0.0571715145436308,0.029087261785356,0.0291018486022949,0.5357648134231567,0.5443488955497742,0.910140562248996,0.8246587151011266,0.0992755029402617,0.1213640922768305,90.5
salad-s44,switched,44,7,eng-nld,0.8074222668004012,0.5842527582748245,0.1269394159317016,0.6794261932373047,0.4473887979984283,1.0,0.9985810846193196,0.8664902733745405,0.9428284854563692,1.0
salad-s44,switched,44,7,eng-zho,0.059679037111334,0.0270812437311935,0.0336244702339172,0.5620892643928528,0.6151604652404785,0.9146586345381528,0.8294945076192433,0.1077817275855835,0.1384152457372116,86.0
salad-s44,switched,44,7,nld-zho,0.0506519558676028,0.025075225677031,0.0300602912902832,0.5342649817466736,0.5950013995170593,0.9036144578313252,0.816343609140675,0.0912683749171761,0.1148445336008024,97.0
salad-s44,switched,44,8,eng-nld,0.7678034102306921,0.518555667001003,0.1467528939247131,0.6855226755142212,0.5232345461845398,1.0,0.9980846152916582,0.8406170836656023,0.9348044132397192,1.0
salad-s44,switched,44,8,eng-zho,0.0446339017051153,0.0225677031093279,0.0349611043930053,0.5686603784561157,0.7001939415931702,0.8940763052208835,0.8069172376567453,0.0866600854582164,0.1083249749247743,106.5
salad-s44,switched,44,8,nld-zho,0.0441323971915747,0.0220661985957873,0.0317213833332061,0.5449264645576477,0.6794921159744263,0.8950803212851406,0.8028548496896311,0.0836249733883863,0.1038114343029087,105.5
salad-s44,switched,44,9,eng-nld,0.7472417251755266,0.5025075225677031,0.1658317446708679,0.6877913475036621,0.549694299697876,1.0,0.9978399052579424,0.8243368299954672,0.9187562688064193,1.0
salad-s44,switched,44,9,eng-zho,0.0426278836509528,0.0205616850551654,0.0372007489204406,0.5753286480903625,0.7825771570205688,0.8775100401606426,0.7919864009699783,0.0773392569099294,0.0932798395185556,123.0
salad-s44,switched,44,9,nld-zho,0.0381143430290872,0.0175526579739217,0.0324947237968444,0.5498323440551758,0.7596914172172546,0.8755020080321285,0.7908459313684024,0.0714282619606736,0.0832497492477432,125.0
salad-s44,switched,44,10,eng-nld,0.6965897693079238,0.4348044132397191,0.1722309589385986,0.6786542534828186,0.6023494005203247,1.0,0.9971264194188992,0.7881233271372129,0.9012036108324974,1.0
salad-s44,switched,44,10,eng-zho,0.0325977933801404,0.014543630892678,0.0345227420330047,0.5697628855705261,0.90084308385849,0.8488955823293173,0.7642515901117005,0.0651539299911027,0.078234704112337,151.5
salad-s44,switched,44,10,nld-zho,0.0230692076228686,0.0130391173520561,0.0311138182878494,0.5452176928520203,0.8897036910057068,0.8453815261044176,0.75769678513452,0.0548750079149805,0.070210631895687,155.0
salad-s44,switched,44,11,eng-nld,0.6268806419257773,0.3299899699097292,0.1603985428810119,0.6693169474601746,0.6352519989013672,1.0,0.9948872722585428,0.7319833102532648,0.8615847542627884,1.0
salad-s44,switched,44,11,eng-zho,0.0215646940822467,0.0130391173520561,0.0313147231936454,0.5600867867469788,1.0252915620803833,0.8142570281124498,0.7364845540637979,0.0517023423349649,0.0692076228686058,186.0
salad-s44,switched,44,11,nld-zho,0.0215646940822467,0.0090270812437311,0.0264736264944076,0.5344441533088684,1.019397854804993,0.8022088353413654,0.7175351355270632,0.0468894003583968,0.0526579739217652,198.0
salad-s44,switched,44,12,eng-nld,0.5887662988966901,0.2703109327983952,0.1371945440769195,0.6586083173751831,0.622017502784729,1.0,0.9918913366605842,0.6895768321423702,0.8119358074222668,1.0
salad-s44,switched,44,12,eng-zho,0.0165496489468405,0.0100300902708124,0.026635356247425,0.5377369523048401,1.0951740741729736,0.7720883534136547,0.7001511562800852,0.041109149134278,0.0506519558676028,228.0
salad-s44,switched,44,12,nld-zho,0.0135406218655967,0.0070210631895687,0.0244126543402671,0.514874279499054,1.080269694328308,0.7550200803212852,0.6835093634316605,0.0376972645439046,0.0486459378134403,245.0
salad-s45,switched,45,0,eng-nld,0.3350050150451354,0.1875626880641925,0.0690832734107971,0.6535614728927612,0.5787518620491028,0.993975903614458,0.9235976000290026,0.4051630350924963,0.4714142427281845,7.0
salad-s45,switched,45,0,eng-zho,0.0265797392176529,0.0175526579739217,0.0277296304702758,0.493196427822113,1.0089435577392578,0.7725903614457832,0.6992715093070375,0.048090713250703,0.055667001003009,227.5
salad-s45,switched,45,0,nld-zho,0.0295887662988966,0.0155466399197592,0.0274869203567504,0.4814860224723816,1.0066993236541748,0.7449799196787148,0.6839292979339625,0.0483417685416041,0.0536609829488465,255.0
salad-s45,switched,45,1,eng-nld,0.6143430290872618,0.3746238716148445,0.0831363797187805,0.6481264233589172,0.4190182983875274,1.0,0.9880233068683962,0.6954434041195345,0.7893681043129388,1.0
salad-s45,switched,45,1,eng-zho,0.0486459378134403,0.0275827482447342,0.0322370529174804,0.5326085686683655,0.5903159379959106,0.8940763052208835,0.8128386162503575,0.0855606068774093,0.0992978936810431,106.5
salad-s45,switched,45,1,nld-zho,0.0491474423269809,0.0280842527582748,0.0296258926391601,0.5252859592437744,0.5706676244735718,0.8744979919678715,0.8040486922615235,0.0854297162802581,0.1063189568706118,126.0
salad-s45,switched,45,2,eng-nld,0.5907723169508525,0.3460381143430291,0.0458428859710693,0.7063787579536438,0.3228055536746979,1.0,0.987370746778488,0.6746637069044842,0.7698094282848545,1.0
salad-s45,switched,45,2,eng-zho,0.0506519558676028,0.0240722166499498,0.0229333639144897,0.5917160511016846,0.4691614806652069,0.9106425702811244,0.837883630812115,0.0891795589495222,0.1063189568706118,90.0
salad-s45,switched,45,2,nld-zho,0.0466399197592778,0.025075225677031,0.0219802856445312,0.5834341049194336,0.4525661170482635,0.9056224899598394,0.828823317341583,0.0864173655513275,0.1058174523570712,95.0
salad-s45,switched,45,3,eng-nld,0.7056168505516549,0.495987963891675,0.0653997063636779,0.6504057049751282,0.3315608501434326,1.0,0.9943011766222364,0.7747959161592411,0.858074222668004,1.0
salad-s45,switched,45,3,eng-zho,0.055667001003009,0.0300902708124373,0.0297126770019531,0.5249496698379517,0.4981621503829956,0.9196787148594378,0.8443694537427544,0.1030039954424268,0.1328986960882648,81.0
salad-s45,switched,45,3,nld-zho,0.0521564694082246,0.0255767301905717,0.0270940065383911,0.5075459480285645,0.4834890961647033,0.914156626506024,0.8366117428590993,0.096313975073083,0.119358074222668,86.5
salad-s45,switched,45,4,eng-nld,0.7657973921765295,0.5792377131394182,0.0752451419830322,0.6586853265762329,0.336486667394638,1.0,0.9967266256601128,0.8248612141400011,0.89518555667001,1.0
salad-s45,switched,45,4,eng-zho,0.0641925777331996,0.0320962888665998,0.0309265851974487,0.5213890075683594,0.5039145350456238,0.929718875502008,0.8518003810628672,0.1121310008219836,0.1384152457372116,71.0
salad-s45,switched,45,4,nld-zho,0.0566700100300902,0.0300902708124373,0.0281060934066772,0.5042725801467896,0.4947127997875213,0.9126506024096386,0.8369491003129872,0.1015182459797195,0.1293881644934804,88.0
salad-s45,switched,45,5,eng-nld,0.8039117352056169,0.6028084252758275,0.0849701166152954,0.6664349436759949,0.362243503332138,1.0,0.9980539006577968,0.8576264887637166,0.9237713139418254,1.0
salad-s45,switched,45,5,eng-zho,0.0586760280842527,0.0300902708124373,0.0298773050308227,0.5341095328330994,0.5333855152130127,0.92570281124498,0.8481760542672193,0.1062259450507962,0.1364092276830491,75.0
salad-s45,switched,45,5,nld-zho,0.0601805416248746,0.0315947843530591,0.0285546779632568,0.512492835521698,0.5147784948348999,0.9176706827309236,0.8413619372172743,0.1051388201251758,0.1283851554663992,83.0
salad-s45,switched,45,6,eng-nld,0.8114343029087261,0.6313941825476429,0.1037902235984802,0.6840687394142151,0.3831223845481872,1.0,0.9987794709429492,0.8677444886237105,0.9423269809428284,1.0
salad-s45,switched,45,6,eng-zho,0.0626880641925777,0.0275827482447342,0.0342540144920349,0.5410473942756653,0.5560425519943237,0.9327309236947792,0.857205149585302,0.1136502534473958,0.1474423269809428,68.0
salad-s45,switched,45,6,nld-zho,0.0551654964894684,0.0295887662988966,0.0328818559646606,0.52243971824646,0.5350180864334106,0.9236947791164658,0.8513623198914011,0.1038617048586655,0.1323971915747241,77.0
salad-s45,switched,45,7,eng-nld,0.8059177532597793,0.5837512537612839,0.1246932744979858,0.6830035448074341,0.4464946687221527,1.0,0.9985906514724896,0.8638377589334773,0.9343029087261784,1.0
salad-s45,switched,45,7,eng-zho,0.0591775325977933,0.0265797392176529,0.0365142822265625,0.5469260811805725,0.6111072301864624,0.927710843373494,0.8512661478411137,0.1084015231837559,0.137913741223671,73.0
salad-s45,switched,45,7,nld-zho,0.0521564694082246,0.0190571715145436,0.0347601771354675,0.5262160897254944,0.5868809819221497,0.9196787148594378,0.8452989490560032,0.0996164662476657,0.125877632898696,81.0
salad-s45,switched,45,8,eng-nld,0.8044132397191575,0.5812437311935807,0.1449410319328308,0.6936938762664795,0.4902031123638153,1.0,0.9984043495949696,0.8633543831949613,0.9343029087261784,1.0
salad-s45,switched,45,8,eng-zho,0.0511534603811434,0.0205616850551654,0.0370080471038818,0.5667159557342529,0.6751620173454285,0.9151606425702812,0.8352114576661712,0.0983053599777623,0.1253761283851554,85.5
salad-s45,switched,45,8,nld-zho,0.0481444332998997,0.018555667001003,0.0378108024597168,0.545621395111084,0.6389747262001038,0.911144578313253,0.8371011629265307,0.0930972997511318,0.1223671013039117,89.5
salad-s45,switched,45,9,eng-nld,0.7873620862587762,0.5456369107321966,0.1582027077674865,0.6901053786277771,0.5443432927131653,1.0,0.9983016318030395,0.8517182175862592,0.9297893681043128,1.0
salad-s45,switched,45,9,eng-zho,0.0426278836509528,0.0205616850551654,0.0369099974632263,0.5733727216720581,0.7716258764266968,0.8990963855421686,0.8162519687576786,0.0874669006208742,0.1088264794383149,101.5
salad-s45,switched,45,9,nld-zho,0.0376128385155466,0.0180541624874623,0.0373101532459259,0.5597520470619202,0.7355096340179443,0.9036144578313252,0.8253973768695645,0.0814235508928656,0.1063189568706118,97.0
salad-s45,switched,45,10,eng-nld,0.7231695085255767,0.4533600802407221,0.1663410663604736,0.6912000775337219,0.5953679084777832,1.0,0.9974839176163026,0.8079441460469418,0.905717151454363,1.0
salad-s45,switched,45,10,eng-zho,0.0361083249749247,0.0190571715145436,0.0370436161756515,0.5826148986816406,0.8808664679527283,0.8815261044176707,0.7985981035475905,0.0740180314827941,0.0902708124373119,119.0
salad-s45,switched,45,10,nld-zho,0.0351053159478435,0.0175526579739217,0.0381418764591217,0.5688034296035767,0.8424731492996216,0.8945783132530121,0.8153607408571095,0.0754074350089274,0.092778335005015,106.0
salad-s45,switched,45,11,eng-nld,0.660481444332999,0.3465396188565697,0.1611889898777008,0.674724280834198,0.6471913456916809,1.0,0.9959577527764014,0.7597760610953673,0.8771313941825476,1.0
salad-s45,switched,45,11,eng-zho,0.0285857572718154,0.0150451354062186,0.0324577242136001,0.5703870058059692,1.022436022758484,0.8418674698795181,0.7541107257515519,0.0596086858557666,0.0727181544633901,158.5
salad-s45,switched,45,11,nld-zho,0.0270812437311935,0.0135406218655967,0.0345059409737587,0.5577636957168579,0.9979557991027832,0.8554216867469879,0.7764926305019476,0.0581745409220239,0.0682046138415245,145.0
salad-s45,switched,45,12,eng-nld,0.6178535606820461,0.2938816449348044,0.1369635164737701,0.6663049459457397,0.6278398633003235,1.0,0.9930388555223904,0.714978623653633,0.827482447342026,1.0
salad-s45,switched,45,12,eng-zho,0.0245737211634904,0.0110330992978936,0.0247551798820495,0.5497137308120728,1.0908359289169312,0.7660642570281124,0.6962629857443816,0.0466872467341259,0.0521564694082246,234.0
salad-s45,switched,45,12,nld-zho,0.0215646940822467,0.010531594784353,0.0281938500702381,0.5373205542564392,1.0761163234710691,0.8062248995983936,0.7209087100659408,0.0455401249004534,0.0526579739217652,194.0
salad-s46,switched,46,0,eng-nld,0.3440320962888666,0.1850551654964894,0.0674808025360107,0.6415908932685852,0.5723223090171814,0.9949799196787148,0.927056269209234,0.4141099699032823,0.4794383149448345,6.0
salad-s46,switched,46,0,eng-zho,0.0275827482447342,0.018555667001003,0.0273583531379699,0.4907845854759216,0.9967291355133056,0.7494979919678715,0.6874665160139053,0.0487544692601044,0.055667001003009,250.5
salad-s46,switched,46,0,nld-zho,0.0310932798395185,0.0175526579739217,0.0256450474262237,0.4789729416370392,0.999577522277832,0.7274096385542168,0.6703277503192308,0.0514838627752475,0.059679037111334,272.5
salad-s46,switched,46,1,eng-nld,0.6293881644934805,0.3781344032096289,0.0819717049598693,0.6370320916175842,0.4143742024898529,1.0,0.9869664213524106,0.6989094416766689,0.7778335005015045,1.0
salad-s46,switched,46,1,eng-zho,0.0451354062186559,0.0230692076228686,0.0276319980621337,0.5356329679489136,0.5677682161331177,0.8614457831325302,0.778998642513887,0.0805324855979822,0.0962888665997993,139.0
salad-s46,switched,46,1,nld-zho,0.033099297893681,0.0235707121364092,0.0250015258789062,0.5304022431373596,0.5646995306015015,0.8463855421686747,0.761783341993853,0.0717611737989792,0.1003009027081243,154.0
salad-s46,switched,46,2,eng-nld,0.5957873620862588,0.3269809428284854,0.0472201108932495,0.7145301103591919,0.3308489322662353,1.0,0.9870283541387214,0.6741367617249074,0.765295887662989,1.0
salad-s46,switched,46,2,eng-zho,0.0446339017051153,0.0215646940822467,0.0221863389015197,0.613198459148407,0.4393198490142822,0.8970883534136547,0.826665740192465,0.0885426322031067,0.1168505516549649,103.5
salad-s46,switched,46,2,nld-zho,0.0421263791374122,0.0180541624874623,0.0199207663536071,0.6074990034103394,0.4363968074321747,0.8875502008032129,0.8082571006191265,0.082363368778276,0.1093279839518555,113.0
salad-s46,switched,46,3,eng-nld,0.6850551654964895,0.4719157472417252,0.0629499554634094,0.6754246950149536,0.3308980762958526,1.0,0.9930443942268572,0.7551728428227514,0.8375125376128385,1.0
salad-s46,switched,46,3,eng-zho,0.0616850551654964,0.0295887662988966,0.0281307697296142,0.5676816701889038,0.473465085029602,0.9166666666666666,0.8413065501726061,0.1104333848445124,0.1409227683049147,84.0
salad-s46,switched,46,3,nld-zho,0.0541624874623871,0.0310932798395185,0.0262832045555114,0.554494321346283,0.4672599136829376,0.9046184738955824,0.8238566099906144,0.1004470183418353,0.1313941825476429,96.0
salad-s46,switched,46,4,eng-nld,0.7577733199598797,0.5752256770310933,0.0816344618797302,0.6670555472373962,0.3453848361968994,1.0,0.9964114230240922,0.8208742405238584,0.9002006018054163,1.0
salad-s46,switched,46,4,eng-zho,0.059679037111334,0.0305917753259779,0.0317822098731994,0.5582886934280396,0.4926002919673919,0.9171686746987951,0.8350885991307254,0.1109466385587605,0.1464393179538616,83.5
salad-s46,switched,46,4,nld-zho,0.0546639919759277,0.029087261785356,0.0282251834869384,0.5343993902206421,0.4855252206325531,0.9006024096385542,0.8186341151969965,0.0978383538212504,0.1203610832497492,100.0
salad-s46,switched,46,5,eng-nld,0.8044132397191575,0.6198595787362087,0.0900967717170715,0.6704919338226318,0.3765522837638855,1.0,0.9976777722726412,0.8588175064978126,0.9267803410230692,1.0
salad-s46,switched,46,5,eng-zho,0.0546639919759277,0.0265797392176529,0.0294734239578247,0.5547088980674744,0.5256444215774536,0.9116465863453816,0.8278006710895739,0.1036351955294151,0.1364092276830491,89.0
salad-s46,switched,46,5,nld-zho,0.0551654964894684,0.029087261785356,0.0261576771736145,0.5315902233123779,0.5165016055107117,0.8885542168674698,0.8073190454898833,0.0953960541473205,0.1218655967903711,112.0
salad-s46,switched,46,6,eng-nld,0.8425275827482447,0.6539618856569709,0.107262909412384,0.6886468529701233,0.3843124210834503,1.0,0.9985015286824328,0.8878279239904854,0.9438314944834504,1.0
salad-s46,switched,46,6,eng-zho,0.0496489468405215,0.0235707121364092,0.0321574807167053,0.5709822177886963,0.5460855960845947,0.91214859437751,0.8336309128187778,0.1016325499865237,0.133901705115346,88.5
salad-s46,switched,46,6,nld-zho,0.0541624874623871,0.0310932798395185,0.0288348793983459,0.5540233254432678,0.5338066220283508,0.8960843373493976,0.81451734722239,0.0978484351428115,0.1248746238716148,104.5
salad-s46,switched,46,7,eng-nld,0.8410230692076228,0.6730190571715146,0.1278568506240844,0.699659526348114,0.4120921492576599,1.0,0.9985921620282536,0.8883890085488473,0.9493480441323972,1.0
salad-s46,switched,46,7,eng-zho,0.0591775325977933,0.025075225677031,0.0340250134468078,0.579310417175293,0.5999810695648193,0.9166666666666666,0.8341052273285721,0.1070883336808369,0.1369107321965897,84.0
salad-s46,switched,46,7,nld-zho,0.0501504513540621,0.0270812437311935,0.0297020673751831,0.5643799901008606,0.5763109922409058,0.8995983935742972,0.809679037111334,0.0942456480916432,0.1218655967903711,101.0
salad-s46,switched,46,8,eng-nld,0.8149448345035105,0.6278836509528586,0.1523743867874145,0.6920695900917053,0.4650960862636566,1.0,0.9982145230873344,0.8697260416449037,0.9383149448345036,1.0
salad-s46,switched,46,8,eng-zho,0.0491474423269809,0.0220661985957873,0.034586101770401,0.5727035999298096,0.6810685396194458,0.9031124497991968,0.8182751064438295,0.09358193436518,0.1238716148445336,97.5
salad-s46,switched,46,8,nld-zho,0.0446339017051153,0.0210631895687061,0.0322537720203399,0.5464443564414978,0.652977705001831,0.8790160642570282,0.7935689598917233,0.0849584117824246,0.1098294884653961,121.5
salad-s46,switched,46,9,eng-nld,0.7738214643931796,0.5436308926780341,0.1660468578338623,0.6903383135795593,0.5361493825912476,1.0,0.9975599489230744,0.841372032716192,0.9232698094282848,1.0
salad-s46,switched,46,9,eng-zho,0.0436308926780341,0.0160481444332999,0.0332881808280944,0.5805957317352295,0.7699740529060364,0.8845381526104418,0.8000336350416711,0.0843242319726525,0.107321965897693,116.0
salad-s46,switched,46,9,nld-zho,0.0381143430290872,0.0165496489468405,0.0302165150642395,0.5557361841201782,0.7479642629623413,0.8724899598393574,0.7849562744458274,0.0748917687369561,0.0942828485456369,128.0
salad-s46,switched,46,10,eng-nld,0.730692076228686,0.4739217652958877,0.1725786328315735,0.6883716583251953,0.5867545008659363,1.0,0.9966848336173176,0.8106478941213835,0.9087261785356068,1.0
salad-s46,switched,46,10,eng-zho,0.0351053159478435,0.0150451354062186,0.0343519002199173,0.5808768272399902,0.8888266682624817,0.8614457831325302,0.7745284044905801,0.0713473803989448,0.0862587763289869,139.0
salad-s46,switched,46,10,nld-zho,0.0300902708124373,0.0140421263791374,0.0281379967927932,0.5607319474220276,0.8769052624702454,0.8443775100401607,0.7560960995436107,0.0619281522566047,0.0772316950852557,156.0
salad-s46,switched,46,11,eng-nld,0.6384152457372116,0.3370110330992979,0.1585355103015899,0.6793144941329956,0.6338077783584595,1.0,0.9951269471063792,0.7429780696351486,0.8696088264794383,1.0
salad-s46,switched,46,11,eng-zho,0.0180541624874623,0.0125376128385155,0.0298798009753227,0.5717433094978333,1.0263680219650269,0.8192771084337349,0.736095837713945,0.0489001532642029,0.0606820461384152,181.0
salad-s46,switched,46,11,nld-zho,0.0140421263791374,0.0115346038114343,0.0270644724369049,0.5543751120567322,1.0140628814697266,0.8042168674698795,0.7194887876480849,0.0421721609376589,0.051654964894684,196.0
salad-s46,switched,46,12,eng-nld,0.5852557673019058,0.2913741223671013,0.137277215719223,0.6724556088447571,0.6184526681900024,1.0,0.9927191212190788,0.6926344434154127,0.8224674022066198,1.0
salad-s46,switched,46,12,eng-zho,0.0195586760280842,0.0120361083249749,0.0249095447361469,0.5511330366134644,1.0895814895629885,0.7720883534136547,0.6942695556549167,0.0430342214350538,0.0511534603811434,228.0
salad-s46,switched,46,12,nld-zho,0.0155466399197592,0.0070210631895687,0.0221293233335018,0.5329250693321228,1.0778627395629885,0.7459839357429718,0.6767184082367586,0.0371564923624376,0.0421263791374122,254.0
salad-s47,switched,47,0,eng-nld,0.339518555667001,0.1870611835506519,0.0658378601074218,0.6526376008987427,0.5647255182266235,0.993975903614458,0.9257138886539136,0.4080713330668981,0.4719157472417252,7.0
salad-s47,switched,47,0,eng-zho,0.0295887662988966,0.0195586760280842,0.0276801884174346,0.4924656450748443,0.981496810913086,0.7660642570281124,0.6975872396305383,0.0516616305318317,0.0636910732196589,234.0
salad-s47,switched,47,0,nld-zho,0.0270812437311935,0.0160481444332999,0.0256170034408569,0.4855990409851074,0.9800388216972352,0.7520080321285141,0.6972307484703105,0.0497569654820987,0.0626880641925777,248.0
salad-s47,switched,47,1,eng-nld,0.6063189568706118,0.3741223671013039,0.0799665451049804,0.6711694598197937,0.4166951477527618,1.0,0.9867418520622108,0.6817811748783463,0.7673019057171514,1.0
salad-s47,switched,47,1,eng-zho,0.0486459378134403,0.025075225677031,0.031220257282257,0.5620149374008179,0.5764423608779907,0.8704819277108433,0.7893167454169737,0.0821761213027601,0.0972918756268806,130.0
salad-s47,switched,47,1,nld-zho,0.0406218655967903,0.0235707121364092,0.0296289324760437,0.5547210574150085,0.5689229369163513,0.8554216867469879,0.7818052551227981,0.0744760063585232,0.0897693079237713,145.0
salad-s47,switched,47,2,eng-nld,0.5646940822467402,0.3244734202607823,0.0467313528060913,0.721622884273529,0.3198699653148651,1.0,0.9864039910897352,0.6521946194032114,0.7512537612838516,1.0
salad-s47,switched,47,2,eng-zho,0.0461384152457372,0.025075225677031,0.0231938958168029,0.6088380217552185,0.4600540101528168,0.8905622489959839,0.8193702593724951,0.0822729171127031,0.1013039117352056,110.0
salad-s47,switched,47,2,nld-zho,0.0416248746238716,0.0220661985957873,0.0228431820869445,0.6010807156562805,0.4478447735309601,0.8865461847389559,0.8194347097517451,0.0761223152060099,0.0917753259779338,114.0
salad-s47,switched,47,3,eng-nld,0.6955867602808425,0.4789368104312939,0.0678057074546814,0.6582980155944824,0.3341158926486969,1.0,0.9936184054170544,0.765907442361018,0.8465396188565697,1.0
salad-s47,switched,47,3,eng-zho,0.0566700100300902,0.0320962888665998,0.0290057659149169,0.5446567535400391,0.4982868731021881,0.914156626506024,0.8325342493343485,0.098558934128529,0.1203610832497492,86.5
salad-s47,switched,47,3,nld-zho,0.0456369107321965,0.0265797392176529,0.0274467468261718,0.5293627381324768,0.4854493141174316,0.8985943775100401,0.8308016418734113,0.0869198939006598,0.107321965897693,102.0
salad-s47,switched,47,4,eng-nld,0.7562688064192578,0.5667001003009027,0.0805248618125915,0.6645811796188354,0.3500254154205322,1.0,0.9963625817210668,0.8174884573569494,0.892678034102307,1.0
salad-s47,switched,47,4,eng-zho,0.0566700100300902,0.0300902708124373,0.0299471616744995,0.5471877455711365,0.5119115710258484,0.9156626506024096,0.8329818773589847,0.1041041404392776,0.1349047141424272,85.0
salad-s47,switched,47,4,nld-zho,0.047642928786359,0.0265797392176529,0.0294634103775024,0.5293891429901123,0.5016431212425232,0.8995983935742972,0.8235489601334123,0.0903207058641249,0.1123370110330993,101.0
salad-s47,switched,47,5,eng-nld,0.831494483450351,0.6509528585757272,0.0962192416191101,0.6717639565467834,0.3613294661045074,1.0,0.9980826012173066,0.8778136227540413,0.9383149448345036,1.0
salad-s47,switched,47,5,eng-zho,0.0616850551654964,0.0305917753259779,0.0300730466842651,0.5578179359436035,0.5208804607391357,0.9146586345381528,0.8287472860348113,0.1100793692133595,0.1444332998996991,86.0
salad-s47,switched,47,5,nld-zho,0.051654964894684,0.0240722166499498,0.0287269353866577,0.5382974743843079,0.5106491446495056,0.8940763052208835,0.8174654485544988,0.0935121907733692,0.1198595787362086,106.5
salad-s47,switched,47,6,eng-nld,0.8329989969909729,0.6293881644934805,0.1048121452331543,0.6772974133491516,0.3882532119750976,1.0,0.9983111986562097,0.8814222172749152,0.936308926780341,1.0
salad-s47,switched,47,6,eng-zho,0.0641925777331996,0.0295887662988966,0.0299468636512756,0.5687626004219055,0.5561940670013428,0.9131526104417672,0.8224402122028737,0.1100777852903375,0.133901705115346,87.5
salad-s47,switched,47,6,nld-zho,0.0451354062186559,0.0210631895687061,0.0279827117919921,0.549059271812439,0.5402830243110657,0.8830321285140562,0.8080139011411747,0.0889472784995379,0.1163490471414242,117.5
salad-s47,switched,47,7,eng-nld,0.8199598796389167,0.5917753259779338,0.11953866481781,0.6784887313842773,0.4314514994621277,1.0,0.9980528936206208,0.8738007638788058,0.9383149448345036,1.0
salad-s47,switched,47,7,eng-zho,0.0586760280842527,0.0275827482447342,0.0304476618766784,0.5671704411506653,0.6127424240112305,0.9026104417670684,0.808954977381945,0.1033830017317429,0.1364092276830491,98.0
salad-s47,switched,47,7,nld-zho,0.0376128385155466,0.0210631895687061,0.0278129577636718,0.5484923124313354,0.5879630446434021,0.8644578313253012,0.7898978058674014,0.077958373780208,0.1048144433299899,136.0
salad-s47,switched,47,8,eng-nld,0.8019057171514543,0.5792377131394183,0.1480190753936767,0.6845357418060303,0.486041784286499,1.0,0.9978575284085188,0.8597328375710459,0.9297893681043128,1.0
salad-s47,switched,47,8,eng-zho,0.0486459378134403,0.0215646940822467,0.0312837362289428,0.5716881155967712,0.6997595429420471,0.893574297188755,0.7951615891852264,0.087121276371346,0.1043129388164493,107.0
salad-s47,switched,47,8,nld-zho,0.0325977933801404,0.0200601805416248,0.0280855298042297,0.5472475290298462,0.674138605594635,0.8554216867469879,0.7703577600270691,0.0676514890186154,0.0817452357071213,145.0
salad-s47,switched,47,9,eng-nld,0.7527582748244734,0.4884653961885656,0.156389057636261,0.6862256526947021,0.5460048317909241,1.0,0.9972200738762472,0.829055157179121,0.925777331995988,1.0
salad-s47,switched,47,9,eng-zho,0.0396188565697091,0.0175526579739217,0.0307774245738983,0.5747377276420593,0.797616183757782,0.8689759036144578,0.7693461911839937,0.0734005582860343,0.0917753259779338,131.5
salad-s47,switched,47,9,nld-zho,0.0280842527582748,0.0175526579739217,0.0282764136791229,0.5596067309379578,0.7600030303001404,0.8418674698795181,0.7561167438057144,0.0591161398277991,0.0692076228686058,158.5
salad-s47,switched,47,10,eng-nld,0.7377131394182548,0.4353059177532598,0.1653479039669037,0.6820714473724365,0.5871184468269348,1.0,0.9964381095092506,0.8170266822675476,0.9172517552657974,1.0
salad-s47,switched,47,10,eng-zho,0.033099297893681,0.0135406218655967,0.0311980545520782,0.5740516185760498,0.9027994871139526,0.8448795180722892,0.7530533367169783,0.0641544474420296,0.0732196589769308,155.5
salad-s47,switched,47,10,nld-zho,0.0240722166499498,0.0175526579739217,0.0279829800128936,0.5595023036003113,0.8702180981636047,0.8242971887550201,0.7380550285394335,0.0505381251598085,0.0561685055165496,176.0
salad-s47,switched,47,11,eng-nld,0.6519558676028084,0.3279839518555667,0.1604005694389343,0.6691136360168457,0.6413090229034424,1.0,0.99461084055379,0.7530552142541156,0.8746238716148446,1.0
salad-s47,switched,47,11,eng-zho,0.0245737211634904,0.0120361083249749,0.0277339145541191,0.5580368638038635,1.035126805305481,0.8052208835341366,0.7232143216798991,0.0503835599745696,0.0581745235707121,195.0
salad-s47,switched,47,11,nld-zho,0.0190571715145436,0.0110330992978936,0.0257937386631965,0.5415599346160889,1.0142288208007812,0.7886546184738956,0.7102945382331733,0.0421820716474834,0.0461384152457372,211.5
salad-s47,switched,47,12,eng-nld,0.5827482447342026,0.2652958876629889,0.135783851146698,0.6609020233154297,0.6243690252304077,1.0,0.9921199340994872,0.6910833689856848,0.8224674022066198,1.0
salad-s47,switched,47,12,eng-zho,0.0180541624874623,0.0110330992978936,0.0225903950631618,0.5452166795730591,1.0909074544906616,0.7530120481927711,0.6831297104163898,0.040187479302095,0.0456369107321965,247.0
salad-s47,switched,47,12,nld-zho,0.0135406218655967,0.006519558676028,0.0220427997410297,0.5231505632400513,1.080581784248352,0.7259036144578312,0.6685488191482077,0.0339347144131755,0.0396188565697091,274.0
salad-s48,switched,48,0,eng-nld,0.3294884653961886,0.175025075225677,0.0685382485389709,0.6269569993019104,0.5829195380210876,0.9929718875502008,0.9192985583255792,0.3961463191420845,0.462888665997994,8.0
salad-s48,switched,48,0,eng-zho,0.0275827482447342,0.0190571715145436,0.0262703597545623,0.4730491638183594,1.007660150527954,0.7429718875502008,0.6788472848263666,0.0483284033560229,0.0571715145436308,257.0
salad-s48,switched,48,0,nld-zho,0.0295887662988966,0.0175526579739217,0.0255781412124633,0.4628207385540008,1.0103429555892944,0.7294176706827309,0.6755880090069405,0.0513147678592466,0.0576730190571715,270.5
salad-s48,switched,48,1,eng-nld,0.6078234704112337,0.3796389167502507,0.0841271877288818,0.6068762540817261,0.4207150340080261,1.0,0.9862287666211486,0.6843720139436908,0.7753259779338014,1.0
salad-s48,switched,48,1,eng-zho,0.047642928786359,0.025075225677031,0.0258494019508361,0.5022867918014526,0.568352460861206,0.8363453815261044,0.7561283247332359,0.079423698059377,0.09679037111334,164.0
salad-s48,switched,48,1,nld-zho,0.0471414242728184,0.0285857572718154,0.023686408996582,0.4997775852680206,0.5643355250358582,0.8418674698795181,0.7513499333341389,0.0814542215668774,0.1013039117352056,158.5
salad-s48,switched,48,2,eng-nld,0.5446339017051154,0.2793380140421264,0.0460799932479858,0.687394380569458,0.3461797535419464,1.0,0.985483559111068,0.6310637612259483,0.7276830491474423,1.0
salad-s48,switched,48,2,eng-zho,0.0401203610832497,0.0225677031093279,0.0194606781005859,0.5820494294166565,0.4599659144878387,0.8860441767068273,0.801440465976242,0.0796325308157311,0.1023069207622868,114.5
salad-s48,switched,48,2,nld-zho,0.0456369107321965,0.0235707121364092,0.0189418196678161,0.5874590277671814,0.4609096348285675,0.8815261044176707,0.7987214656016242,0.0821650022131762,0.1028084252758274,119.0
salad-s48,switched,48,3,eng-nld,0.6670010030090271,0.4212637913741224,0.0628673434257507,0.6516074538230896,0.3497537076473236,1.0,0.9928585958679252,0.7421692066787691,0.8335005015045135,1.0
salad-s48,switched,48,3,eng-zho,0.0471414242728184,0.025075225677031,0.0248445868492126,0.5394279360771179,0.4872052073478699,0.892570281124498,0.8055824098802431,0.0915127328310646,0.1253761283851554,108.0
salad-s48,switched,48,3,nld-zho,0.0496489468405215,0.0320962888665998,0.0236656665802001,0.5339301824569702,0.4768642485141754,0.8905622489959839,0.806339701836433,0.0909735788586499,0.1198595787362086,110.0
salad-s48,switched,48,4,eng-nld,0.7567703109327983,0.5541624874623872,0.0807957649230957,0.6520190238952637,0.3559559285640716,1.0,0.9962885644886466,0.8210253517937341,0.899197592778335,1.0
salad-s48,switched,48,4,eng-zho,0.0546639919759277,0.0270812437311935,0.0260462760925292,0.5365407466888428,0.5101163983345032,0.8835341365461847,0.797970215868489,0.0976086866269293,0.125877632898696,117.0
salad-s48,switched,48,4,nld-zho,0.051654964894684,0.029087261785356,0.0262979269027709,0.5238189697265625,0.5037404298782349,0.8895582329317269,0.7980225818016298,0.0914045104837403,0.1138415245737211,111.0
salad-s48,switched,48,5,eng-nld,0.8069207622868606,0.6133400200601805,0.0938109755516052,0.6620497107505798,0.3578357398509979,1.0,0.9978907606353196,0.8635431626681273,0.9343029087261784,1.0
salad-s48,switched,48,5,eng-zho,0.0606820461384152,0.0300902708124373,0.0287809371948242,0.5439649820327759,0.5198447108268738,0.8815261044176707,0.7949626993430089,0.0996660357785018,0.1263791374122367,119.0
salad-s48,switched,48,5,nld-zho,0.0471414242728184,0.0245737211634904,0.0269550681114196,0.5275654792785645,0.5186603665351868,0.8835341365461847,0.7957834346412732,0.0881794775320706,0.1108324974924774,117.0
salad-s48,switched,48,6,eng-nld,0.8179538615847542,0.6043129388164493,0.1065161228179931,0.6725517511367798,0.3878950178623199,1.0,0.99846879997422,0.8748845159483633,0.9463390170511534,1.0
salad-s48,switched,48,6,eng-zho,0.0566700100300902,0.0280842527582748,0.0277338027954101,0.5612010359764099,0.5431934595108032,0.8724899598393574,0.7860640153391902,0.0962904578824643,0.1198595787362086,128.0
salad-s48,switched,48,6,nld-zho,0.0466399197592778,0.0220661985957873,0.026370882987976,0.5396035313606262,0.5423396229743958,0.8815261044176707,0.7908106850672499,0.087360711144715,0.1108324974924774,119.0
salad-s48,switched,48,7,eng-nld,0.8204613841524573,0.6033099297893681,0.1313120126724243,0.6874516010284424,0.4475201666355133,1.0,0.9983031423588034,0.8755200746955374,0.944332998996991,1.0
salad-s48,switched,48,7,eng-zho,0.0521564694082246,0.025075225677031,0.0283528566360473,0.57670658826828,0.6096999049186707,0.8524096385542168,0.7729780707584601,0.0876296151980225,0.107321965897693,148.0
salad-s48,switched,48,7,nld-zho,0.0366098294884654,0.0225677031093279,0.0256059765815734,0.5543491840362549,0.6049704551696777,0.8554216867469879,0.7678013961563405,0.0741382564399148,0.0977933801404212,145.0
salad-s48,switched,48,8,eng-nld,0.8079237713139418,0.5651955867602808,0.1479873657226562,0.689494788646698,0.4980084300041199,1.0,0.9981233862229258,0.8640133641063638,0.9307923771313942,1.0
salad-s48,switched,48,8,eng-zho,0.0461384152457372,0.0190571715145436,0.0279821455478668,0.5778414011001587,0.6812626719474792,0.8333333333333334,0.7559445404486553,0.0795783022138004,0.0997993981945837,167.0
salad-s48,switched,48,8,nld-zho,0.0346038114343029,0.0190571715145436,0.0263369083404541,0.5595347881317139,0.6665587425231934,0.8458835341365462,0.7562441340084511,0.0704492526117365,0.0897693079237713,154.5
salad-s48,switched,48,9,eng-nld,0.7703109327983952,0.5170511534603812,0.1646592319011688,0.6864150762557983,0.554024338722229,1.0,0.9974652874285508,0.8380625516379482,0.9212637913741224,1.0
salad-s48,switched,48,9,eng-zho,0.0366098294884654,0.0120361083249749,0.028760552406311,0.5857557058334351,0.782563328742981,0.8192771084337349,0.7372806169512554,0.0678423642793466,0.0852557673019057,181.0
salad-s48,switched,48,9,nld-zho,0.025075225677031,0.0135406218655967,0.0266725420951843,0.5685301423072815,0.7729082107543945,0.821285140562249,0.7379598635263219,0.0550899053503018,0.0692076228686058,179.0
salad-s48,switched,48,10,eng-nld,0.7276830491474424,0.4473420260782347,0.1707524359226226,0.6850752234458923,0.5949427485466003,1.0,0.9964909789609794,0.8058996876918254,0.8941825476429288,1.0
salad-s48,switched,48,10,eng-zho,0.0280842527582748,0.014543630892678,0.025099754333496,0.5827130675315857,0.9050378203392028,0.7931726907630522,0.717391129210926,0.0556766853646724,0.0672016048144433,207.0
salad-s48,switched,48,10,nld-zho,0.0200601805416248,0.0115346038114343,0.0237652361392974,0.5642876625061035,0.8959069848060608,0.7821285140562249,0.709166656596295,0.0460329707033927,0.059679037111334,218.0
salad-s48,switched,48,11,eng-nld,0.6349047141424273,0.3104312938816449,0.1620517671108245,0.6702863574028015,0.6485832929611206,1.0,0.9948797194797244,0.7390321865234977,0.8696088264794383,1.0
salad-s48,switched,48,11,eng-zho,0.0230692076228686,0.0130391173520561,0.0256382822990417,0.5700035095214844,1.03007173538208,0.7715863453815262,0.6980806878466724,0.047311803908861,0.0571715145436308,228.5
salad-s48,switched,48,11,nld-zho,0.0150451354062186,0.0085255767301905,0.0223077908158302,0.5545566082000732,1.032502293586731,0.7459839357429718,0.6794263312024427,0.0370110613570051,0.0441323971915747,254.0
salad-s48,switched,48,12,eng-nld,0.5777331995987964,0.2577733199598796,0.1411320269107818,0.6683003902435303,0.6290315985679626,1.0,0.9921098637277294,0.6910670359043031,0.8304914744232698,1.0
salad-s48,switched,48,12,eng-zho,0.0225677031093279,0.0100300902708124,0.0218813978135585,0.5555886626243591,1.0834674835205078,0.7223895582329317,0.6662709010565834,0.0442880848196154,0.0531594784353059,277.5
salad-s48,switched,48,12,nld-zho,0.0135406218655967,0.0090270812437311,0.0201712772250175,0.5395938754081726,1.0819591283798218,0.7088353413654618,0.6466689224299403,0.0326507674699175,0.0386158475426278,291.0
salad-s49,switched,49,0,eng-nld,0.3450351053159478,0.1885656970912738,0.0676011443138122,0.6361760497093201,0.5719731450080872,0.993975903614458,0.9218085984862218,0.4120572211506063,0.4784353059177532,7.0
salad-s49,switched,49,0,eng-zho,0.0265797392176529,0.0200601805416248,0.0269572436809539,0.4888689815998077,0.9958968758583068,0.7505020080321285,0.6883663037304685,0.0471506965614097,0.0506519558676028,249.5
salad-s49,switched,49,0,nld-zho,0.0255767301905717,0.0165496489468405,0.0255815386772155,0.4700575768947601,1.004372239112854,0.7359437751004017,0.6829726126169673,0.0478475814926299,0.0566700100300902,264.0
salad-s49,switched,49,1,eng-nld,0.6123370110330993,0.3771313941825476,0.0759788751602172,0.6173372268676758,0.4137870073318481,1.0,0.9853863800236048,0.6829162963730597,0.7627883650952858,1.0
salad-s49,switched,49,1,eng-zho,0.037111334002006,0.0220661985957873,0.0259031057357788,0.5227859616279602,0.5679190754890442,0.8594377510040161,0.7769800364950272,0.0718445394220643,0.0917753259779338,141.0
salad-s49,switched,49,1,nld-zho,0.0401203610832497,0.0200601805416248,0.0237786769866943,0.5120019316673279,0.5617426037788391,0.8363453815261044,0.761699757908263,0.0715023019122907,0.0827482447342026,164.0
salad-s49,switched,49,2,eng-nld,0.5777331995987964,0.3345035105315947,0.0485798120498657,0.6932228207588196,0.3332400321960449,1.0,0.9872720571352612,0.6589963238775579,0.7492477432296891,1.0
salad-s49,switched,49,2,eng-zho,0.0396188565697091,0.018555667001003,0.0226861834526062,0.5940552949905396,0.4698050618171692,0.9026104417670684,0.8249905338505475,0.0782867687992573,0.0972918756268806,98.0
salad-s49,switched,49,2,nld-zho,0.0436308926780341,0.0195586760280842,0.0206844806671142,0.5803391337394714,0.4692535996437073,0.8835341365461847,0.8057118141573314,0.0764805396032279,0.0867602808425275,117.0
salad-s49,switched,49,3,eng-nld,0.6880641925777332,0.4744232698094283,0.0686466693878173,0.6427158713340759,0.34297776222229,1.0,0.9937145774673418,0.7607558325767924,0.8420260782347041,1.0
salad-s49,switched,49,3,eng-zho,0.0531594784353059,0.0300902708124373,0.028934359550476,0.5282766222953796,0.5023465752601624,0.9181726907630522,0.8374198901926663,0.0988121528664888,0.1263791374122367,82.5
salad-s49,switched,49,3,nld-zho,0.047642928786359,0.0270812437311935,0.0272114872932434,0.5148717164993286,0.4953309595584869,0.8995983935742972,0.8222015443922129,0.0871465341648676,0.1083249749247743,101.0
salad-s49,switched,49,4,eng-nld,0.7748244734202607,0.5872617853560682,0.0876409411430358,0.6524162888526917,0.3512049913406372,1.0,0.9966032636060792,0.8332978802473578,0.9037111334002006,1.0
salad-s49,switched,49,4,eng-zho,0.0581745235707121,0.0295887662988966,0.0310157537460327,0.5327638387680054,0.5188837647438049,0.9116465863453816,0.8300725469581436,0.1020357204145747,0.1268806419257773,89.0
salad-s49,switched,49,4,nld-zho,0.0461384152457372,0.0265797392176529,0.0274911522865295,0.5086888670921326,0.5068576335906982,0.8965863453815262,0.8128295529157754,0.0872530067889282,0.1093279839518555,104.0
salad-s49,switched,49,5,eng-nld,0.818455366098295,0.6218655967903711,0.0948438048362732,0.6626813411712646,0.3739175200462341,1.0,0.9978358771092392,0.8702286790498003,0.933801404212638,1.0
salad-s49,switched,49,5,eng-zho,0.0591775325977933,0.0305917753259779,0.0295143127441406,0.5407545566558838,0.5435383915901184,0.9106425702811244,0.8260308032531328,0.1004141633703722,0.1233701103309929,90.0
salad-s49,switched,49,5,nld-zho,0.0431293881644934,0.0225677031093279,0.0260696411132812,0.5134780406951904,0.5277013182640076,0.8905622489959839,0.8098572826914479,0.0811393494760769,0.0977933801404212,110.0
salad-s49,switched,49,6,eng-nld,0.8194583751253761,0.6083249749247743,0.0963338613510131,0.6727709770202637,0.3749450147151947,1.0,0.9979521899030424,0.8693845291980138,0.9348044132397192,1.0
salad-s49,switched,49,6,eng-zho,0.0541624874623871,0.0310932798395185,0.0285814404487609,0.5518465638160706,0.5536726713180542,0.9051204819277108,0.8195268536533294,0.0972618547135929,0.1243731193580742,95.5
salad-s49,switched,49,6,nld-zho,0.0406218655967903,0.0225677031093279,0.0270791053771972,0.5269781947135925,0.5296339988708496,0.8885542168674698,0.8056649869286575,0.0800135767994111,0.0987963891675025,112.0
salad-s49,switched,49,7,eng-nld,0.8189568706118355,0.6208625877632898,0.1152771115303039,0.6878093481063843,0.4148038029670715,1.0,0.9981334565946836,0.8708564050778506,0.9348044132397192,1.0
salad-s49,switched,49,7,eng-zho,0.047642928786359,0.0260782347041123,0.0339946150779724,0.5633580088615417,0.5968194007873535,0.9046184738955824,0.8193204110322937,0.0921727686161751,0.1188565697091273,96.0
salad-s49,switched,49,7,nld-zho,0.0351053159478435,0.0180541624874623,0.0295456647872924,0.5438777804374695,0.569407045841217,0.8870481927710844,0.805872940105457,0.0739324549873143,0.0937813440320962,113.5
salad-s49,switched,49,8,eng-nld,0.8039117352056169,0.5852557673019058,0.1483877301216125,0.6884868144989014,0.4783235192298889,1.0,0.9981999210482856,0.8614766683131169,0.9332998996990972,1.0
salad-s49,switched,49,8,eng-zho,0.0541624874623871,0.025075225677031,0.0341107845306396,0.5713400840759277,0.672037661075592,0.8945783132530121,0.8105345151921628,0.0934889846558048,0.1178535606820461,106.0
salad-s49,switched,49,8,nld-zho,0.0300902708124373,0.0160481444332999,0.0321676433086395,0.5494840145111084,0.6452159881591797,0.8795180722891567,0.7951107338078492,0.068789822705715,0.0877632898696088,121.0
salad-s49,switched,49,9,eng-nld,0.7823470411233702,0.5466399197592778,0.1653067171573639,0.6933420300483704,0.5384351015090942,1.0,0.9981339601132716,0.848113025410208,0.9227683049147444,1.0
salad-s49,switched,49,9,eng-zho,0.0421263791374122,0.0205616850551654,0.0357550680637359,0.5822803974151611,0.77121901512146,0.8845381526104418,0.7971998324290139,0.0793259184504329,0.1043129388164493,116.0
salad-s49,switched,49,9,nld-zho,0.0230692076228686,0.0120361083249749,0.0324879586696624,0.5599305033683777,0.7543637156486511,0.8644578313253012,0.7809507840791452,0.0604761261009296,0.0802407221664995,136.0
salad-s49,switched,49,10,eng-nld,0.7331995987963892,0.4603811434302909,0.1710013747215271,0.6896631121635437,0.6012906432151794,1.0,0.9972039612814346,0.8138644372621119,0.91123370110331,1.0
salad-s49,switched,49,10,eng-zho,0.0305917753259779,0.0170511534603811,0.0330279022455215,0.5797399282455444,0.8964688181877136,0.858433734939759,0.7669887171554824,0.0619095919744556,0.0747241725175526,142.0
salad-s49,switched,49,10,nld-zho,0.0190571715145436,0.0115346038114343,0.0292132347822189,0.5642420649528503,0.8823451995849609,0.8253012048192772,0.7482240899405043,0.0492295200465871,0.0646940822467402,175.0
salad-s49,switched,49,11,eng-nld,0.6675025075225677,0.3691073219658977,0.1597350537776947,0.679606556892395,0.626786470413208,1.0,0.9957704438617055,0.7627149773691135,0.8811434302908726,1.0
salad-s49,switched,49,11,eng-zho,0.0220661985957873,0.0120361083249749,0.0295350179076194,0.570561408996582,1.034557223320007,0.8283132530120482,0.7359598876952141,0.0501634520965179,0.0621865596790371,172.0
salad-s49,switched,49,11,nld-zho,0.0190571715145436,0.0090270812437311,0.0265972986817359,0.5575776100158691,1.024633765220642,0.8112449799196787,0.7227017397574249,0.0425150343596361,0.0471414242728184,189.0
salad-s49,switched,49,12,eng-nld,0.5937813440320963,0.2978936810431294,0.1401583552360534,0.6735029816627502,0.6176363825798035,1.0,0.9928888069831986,0.7015110195342719,0.831494483450351,1.0
salad-s49,switched,49,12,eng-zho,0.0175526579739217,0.0080240722166499,0.0244246125221252,0.557876467704773,1.0987083911895752,0.7811244979919678,0.6971647875352965,0.0403995363950893,0.0461384152457372,219.0
salad-s49,switched,49,12,nld-zho,0.0130391173520561,0.0070210631895687,0.0223793368786573,0.5393967628479004,1.08970308303833,0.7550200803212852,0.6756781388341733,0.034003068051101,0.0421263791374122,245.0
