model,group,seed,layer,pair,retrieval_p1,retrieval_p1_nn,cos_gap,cka,centroid_dist,median_pct_rank,mean_pct_rank,mrr,retrieval_p5,median_rank
curriculum,switched,42,0,eng-nld,0.4669007021063189,0.2472417251755266,0.0809816122055053,0.6422860026359558,0.5562747120857239,0.998995983935743,0.964611706605761,0.5464371195333675,0.6318956870611836,2.0
curriculum,switched,42,0,eng-zho,0.0501504513540621,0.0270812437311935,0.0438944399356842,0.5101057291030884,0.9477581977844238,0.9176706827309236,0.8456191868779028,0.0968125220491116,0.1233701103309929,83.0
curriculum,switched,42,0,nld-zho,0.059679037111334,0.0265797392176529,0.04258394241333,0.494284838438034,0.957857608795166,0.9051204819277108,0.82920145980109,0.1003559299627151,0.125877632898696,95.5
curriculum,switched,42,1,eng-nld,0.7928786359077231,0.6088264794383149,0.0956146121025085,0.6494727730751038,0.363373190164566,1.0,0.9964728522918151,0.8450021087460838,0.9082246740220662,1.0
curriculum,switched,42,1,eng-zho,0.3676028084252758,0.2056168505516549,0.0643225312232971,0.5550179481506348,0.4631123840808868,0.997991967871486,0.9763789360048016,0.4802669919675674,0.60481444332999,3.0
curriculum,switched,42,1,nld-zho,0.29839518555667,0.1700100300902708,0.059425413608551,0.5469115972518921,0.4744179844856262,0.9959839357429718,0.9689263573854092,0.4061430294161339,0.5135406218655968,5.0
curriculum,switched,42,2,eng-nld,0.7828485456369108,0.5747241725175527,0.0587510466575622,0.7026404738426208,0.2849299311637878,1.0,0.9957880670122818,0.8332115151583083,0.8916750250752257,1.0
curriculum,switched,42,2,eng-zho,0.3671013039117352,0.1805416248746238,0.0438434481620788,0.6144070625305176,0.3667808473110199,0.997991967871486,0.9815948850567768,0.4816166754528753,0.6138415245737212,3.0
curriculum,switched,42,2,nld-zho,0.2903711133400201,0.1594784353059177,0.0400020480155944,0.6066708564758301,0.3693692088127136,0.9959839357429718,0.9686635206825296,0.4011888461414161,0.5215646940822467,5.0
curriculum,switched,42,3,eng-nld,0.8149448345035105,0.6619859578736209,0.0832583308219909,0.6603643894195557,0.3057177066802978,1.0,0.9974698190958418,0.8648229324676283,0.925777331995988,1.0
curriculum,switched,42,3,eng-zho,0.4272818455366098,0.279839518555667,0.0603691935539245,0.5742669701576233,0.3877011835575104,0.998995983935743,0.985675903211643,0.5367687854361494,0.6619859578736209,2.0
curriculum,switched,42,3,nld-zho,0.3304914744232698,0.2116349047141424,0.0556606650352478,0.5561925172805786,0.387098103761673,0.9969879518072288,0.9757782383294462,0.446647655498783,0.5737211634904714,4.0
curriculum,switched,42,4,eng-nld,0.8946840521564694,0.7743229689067201,0.1048133373260498,0.6702229380607605,0.3427729606628418,1.0,0.9989043435527466,0.9247801147360268,0.9593781344032096,1.0
curriculum,switched,42,4,eng-zho,0.5581745235707121,0.4052156469408224,0.0763273239135742,0.588849663734436,0.402818888425827,1.0,0.9933157907457312,0.6617365935793974,0.7868605817452357,1.0
curriculum,switched,42,4,nld-zho,0.4428284854563691,0.3084252758274824,0.0708138942718505,0.5679100155830383,0.4080292880535126,0.998995983935743,0.987436707713502,0.563163147141492,0.7066198595787362,2.0
curriculum,switched,42,5,eng-nld,0.9107321965897692,0.8024072216649949,0.105395495891571,0.6822256445884705,0.3589144647121429,1.0,0.9992422045252222,0.9382849744941424,0.9739217652958876,1.0
curriculum,switched,42,5,eng-zho,0.6308926780341023,0.446840521564694,0.075910210609436,0.6050443053245544,0.4209389388561249,1.0,0.9955151599376442,0.725540290117762,0.8410230692076228,1.0
curriculum,switched,42,5,nld-zho,0.5130391173520562,0.3505516549648947,0.0692980289459228,0.5803970098495483,0.4224180281162262,1.0,0.9913163184332112,0.6280108379126979,0.7678034102306921,1.0
curriculum,switched,42,6,eng-nld,0.9077231695085256,0.7948846539618857,0.1174177527427673,0.6899700164794922,0.3892435431480407,1.0,0.9994687878897738,0.9381696566350805,0.97592778335005,1.0
curriculum,switched,42,6,eng-zho,0.6519558676028084,0.4729187562688064,0.0860031247138977,0.6228916049003601,0.4422586262226105,1.0,0.9966390134258196,0.7487792551386733,0.8671013039117352,1.0
curriculum,switched,42,6,nld-zho,0.549147442326981,0.3896690070210632,0.080112874507904,0.5921054482460022,0.439483642578125,1.0,0.992947215139394,0.6619254005224731,0.8009027081243731,1.0
curriculum,switched,42,7,eng-nld,0.9122367101303912,0.8119358074222668,0.1436478495597839,0.6959835886955261,0.4215441346168518,1.0,0.9995211538229144,0.9405910621598154,0.9779338014042126,1.0
curriculum,switched,42,7,eng-zho,0.6705115346038115,0.4944834503510532,0.1024141907691955,0.6273727416992188,0.4871873259544372,1.0,0.997020680515442,0.7633532697843062,0.8751253761283851,1.0
curriculum,switched,42,7,nld-zho,0.5722166499498496,0.4052156469408224,0.0921456217765808,0.594265341758728,0.4910309314727783,1.0,0.993582152078726,0.6779578607284111,0.8044132397191575,1.0
curriculum,switched,42,8,eng-nld,0.9062186559679036,0.8109327983951855,0.1745405197143554,0.7008296847343445,0.4571576714515686,1.0,0.9993791615811288,0.9367151467005904,0.9749247743229688,1.0
curriculum,switched,42,8,eng-zho,0.6725175526579739,0.5030090270812437,0.1234114170074462,0.6336902379989624,0.5431573390960693,1.0,0.9968625756788436,0.7632015432058151,0.8731193580742227,1.0
curriculum,switched,42,8,nld-zho,0.5641925777331995,0.4112337011033099,0.1141023635864257,0.604727029800415,0.5464057922363281,1.0,0.9940640193673388,0.6762763484472145,0.8139418254764292,1.0
curriculum,switched,42,9,eng-nld,0.8926780341023068,0.7572718154463389,0.2161144912242889,0.6980190277099609,0.557823657989502,1.0,0.999047342831708,0.9258951518470144,0.966900702106319,1.0
curriculum,switched,42,9,eng-zho,0.6369107321965898,0.4593781344032096,0.1577642858028412,0.636606752872467,0.6571438312530518,1.0,0.9963797013530552,0.7363219789733203,0.8605817452357071,1.0
curriculum,switched,42,9,nld-zho,0.5411233701103311,0.3911735205616851,0.1443623602390289,0.6046186685562134,0.6623077392578125,1.0,0.9935061207719544,0.6529165926064321,0.7938816449348044,1.0
curriculum,switched,42,10,eng-nld,0.8244734202607824,0.5877632898696088,0.2170716226100921,0.6950979828834534,0.667728841304779,1.0,0.9986848094484256,0.883669435281696,0.9538615847542627,1.0
curriculum,switched,42,10,eng-zho,0.5797392176529589,0.347542627883651,0.1610687375068664,0.6321918368339539,0.8177236914634705,1.0,0.9946783120445674,0.6836325882757938,0.8119358074222668,1.0
curriculum,switched,42,10,nld-zho,0.4934804413239719,0.3119358074222668,0.1519545614719391,0.6044065952301025,0.8093632459640503,0.998995983935743,0.992013691677442,0.61119361116284,0.7557673019057172,2.0
curriculum,switched,42,11,eng-nld,0.7482447342026077,0.4724172517552658,0.2095637917518615,0.6822677850723267,0.7426387071609497,1.0,0.9980554112135602,0.8333582956593392,0.9378134403209628,1.0
curriculum,switched,42,11,eng-zho,0.4714142427281845,0.2301905717151454,0.1534806489944458,0.6179913282394409,0.9853205680847168,0.998995983935743,0.9901058597479184,0.5836544497647126,0.708124373119358,2.0
curriculum,switched,42,11,nld-zho,0.4132397191574724,0.1960882647943831,0.1482487916946411,0.5920982360839844,0.9883664846420288,0.998995983935743,0.9876733614498112,0.5362028386019885,0.6815446339017052,2.0
curriculum,switched,42,12,eng-nld,0.6594784353059178,0.3676028084252758,0.1702944934368133,0.67061847448349,0.7637736797332764,1.0,0.9966722456526204,0.7678514551136635,0.90320962888666,1.0
curriculum,switched,42,12,eng-zho,0.3049147442326981,0.129889669007021,0.125101551413536,0.5943483114242554,1.1165213584899902,0.9969879518072288,0.9740672821677884,0.418148217180787,0.5426278836509528,4.0
curriculum,switched,42,12,nld-zho,0.2597793380140421,0.0942828485456369,0.1194038018584251,0.5691601634025574,1.1192799806594849,0.9959839357429718,0.9718497863067111,0.3863721011944402,0.522567703109328,5.0
curriculum-s43,switched,43,0,eng-nld,0.4643931795386158,0.2497492477432297,0.0831219553947448,0.6521190404891968,0.5586137175559998,0.998995983935743,0.9657763450995556,0.5455706046391502,0.6379137412236711,2.0
curriculum-s43,switched,43,0,eng-zho,0.0546639919759277,0.0245737211634904,0.0463718473911285,0.5187793970108032,0.9450286626815796,0.9186746987951808,0.8493291118334925,0.103979870512676,0.1369107321965897,82.0
curriculum-s43,switched,43,0,nld-zho,0.0616850551654964,0.0265797392176529,0.0422129034996032,0.5054246187210083,0.959715723991394,0.9106425702811244,0.8365563558144312,0.1042146455891467,0.1253761283851554,90.0
curriculum-s43,switched,43,1,eng-nld,0.7943831494483451,0.6028084252758275,0.1022328734397888,0.6254124641418457,0.3833646178245544,1.0,0.996216561330578,0.8493090760242271,0.9187562688064193,1.0
curriculum-s43,switched,43,1,eng-zho,0.362086258776329,0.1905717151454363,0.0709412693977356,0.5368971228599548,0.4767502546310425,0.997991967871486,0.9778235308334642,0.4744473855011563,0.600802407221665,3.0
curriculum-s43,switched,43,1,nld-zho,0.2953861584754262,0.1589769307923771,0.0645278096199035,0.5328572392463684,0.4874664843082428,0.9959839357429718,0.9694424639379988,0.4056991376640197,0.5280842527582749,5.0
curriculum-s43,switched,43,2,eng-nld,0.7748244734202607,0.567703109327984,0.0651829242706298,0.6710478663444519,0.3061296939849853,1.0,0.9954950191941284,0.8275901926289989,0.8946840521564694,1.0
curriculum-s43,switched,43,2,eng-zho,0.3741223671013039,0.1890672016048144,0.0496184229850769,0.5862458348274231,0.3803105652332306,0.997991967871486,0.9798859429694706,0.4858069321499026,0.607321965897693,3.0
curriculum-s43,switched,43,2,nld-zho,0.2973921765295887,0.1424272818455366,0.0448530316352844,0.5804517269134521,0.3933621346950531,0.9959839357429718,0.968725956987428,0.4047237661878566,0.5255767301905717,5.0
curriculum-s43,switched,43,3,eng-nld,0.8144433299899698,0.6614844533600803,0.0929788947105407,0.6425067186355591,0.3290676176548004,1.0,0.9976541068990102,0.8650454147433563,0.92728184553661,1.0
curriculum-s43,switched,43,3,eng-zho,0.4573721163490472,0.2903711133400201,0.0678026676177978,0.5597003698348999,0.4101235568523407,0.998995983935743,0.9862292701397364,0.5669800719797805,0.6930792377131394,2.0
curriculum-s43,switched,43,3,nld-zho,0.3435305917753259,0.2101303911735205,0.0627845525741577,0.5443211793899536,0.4186818599700928,0.997991967871486,0.977539546349893,0.462705233460684,0.5862587763289869,3.0
curriculum-s43,switched,43,4,eng-nld,0.8746238716148446,0.7582748244734203,0.1148431301116943,0.660526692867279,0.3359975218772888,1.0,0.9988534881753696,0.9130710708451736,0.9608826479438316,1.0
curriculum-s43,switched,43,4,eng-zho,0.5661985957873621,0.4072216649949849,0.0831812024116516,0.5848179459571838,0.4146499335765838,1.0,0.992900891429308,0.6657719081281802,0.7913741223671013,1.0
curriculum-s43,switched,43,4,nld-zho,0.4518555667001003,0.3199598796389167,0.076753556728363,0.5665982365608215,0.4144655168056488,0.998995983935743,0.986792203921,0.5672641061516632,0.7026078234704113,2.0
curriculum-s43,switched,43,5,eng-nld,0.8931795386158475,0.7693079237713139,0.1066972017288208,0.6816736459732056,0.3349754214286804,1.0,0.9989290159635532,0.9259599864614652,0.9674022066198597,1.0
curriculum-s43,switched,43,5,eng-zho,0.6018054162487463,0.4312938816449347,0.0775202512741088,0.605689525604248,0.4017449021339416,1.0,0.9943218208843396,0.6940607630110304,0.808926780341023,1.0
curriculum-s43,switched,43,5,nld-zho,0.4809428284854563,0.3335005015045135,0.0703047513961792,0.5893653035163879,0.4059802889823913,0.998995983935743,0.9889628725534032,0.5972690082060558,0.7387161484453361,2.0
curriculum-s43,switched,43,6,eng-nld,0.9072216649949848,0.7647943831494484,0.1096595525741577,0.6907529234886169,0.3524833023548126,1.0,0.9992240778560582,0.9361259159477174,0.9729187562688064,1.0
curriculum-s43,switched,43,6,eng-zho,0.6369107321965898,0.4638916750250752,0.0797767639160156,0.6183083057403564,0.4202865064144134,1.0,0.996021196118476,0.7280431712873987,0.8425275827482447,1.0
curriculum-s43,switched,43,6,nld-zho,0.5325977933801405,0.3595787362086259,0.072619080543518,0.596146285533905,0.4238236844539642,1.0,0.9915257821657744,0.6432663826281283,0.7803410230692076,1.0
curriculum-s43,switched,43,7,eng-nld,0.9087261785356068,0.7858575727181545,0.1360443830490112,0.6968191862106323,0.3918294012546539,1.0,0.9992588206386226,0.938949184592378,0.9724172517552658,1.0
curriculum-s43,switched,43,7,eng-zho,0.6639919759277834,0.4984954864593781,0.1015064716339111,0.6277357935905457,0.4705177545547485,1.0,0.9970337719987272,0.7558462454236206,0.8681043129388164,1.0
curriculum-s43,switched,43,7,nld-zho,0.5692076228686058,0.4152457372116349,0.0922658443450927,0.6069406867027283,0.4741348922252655,1.0,0.9929260673587028,0.6783136198573853,0.8114343029087262,1.0
curriculum-s43,switched,43,8,eng-nld,0.9057171514543632,0.779839518555667,0.1711075901985168,0.7053016424179077,0.4884889125823974,1.0,0.9993494539844432,0.9380611459220328,0.9784353059177532,1.0
curriculum-s43,switched,43,8,eng-zho,0.675025075225677,0.5075225677031093,0.1261017322540283,0.6323753595352173,0.5467163324356079,1.0,0.9971077892311472,0.762624197721908,0.8736208625877633,1.0
curriculum-s43,switched,43,8,nld-zho,0.5752256770310933,0.4127382146439318,0.115450918674469,0.6125758290290833,0.5510456562042236,1.0,0.993447209097171,0.6806902667404942,0.802407221664995,1.0
curriculum-s43,switched,43,9,eng-nld,0.8891675025075225,0.7211634904714141,0.2024226784706115,0.7010815143585205,0.565079927444458,1.0,0.999112800248134,0.9275731392879978,0.9719157472417252,1.0
curriculum-s43,switched,43,9,eng-zho,0.645937813440321,0.4709127382146439,0.1502736210823059,0.6322871446609497,0.6567476987838745,1.0,0.9965065880372038,0.7414638955214787,0.8696088264794383,1.0
curriculum-s43,switched,43,9,nld-zho,0.5476429287863591,0.38716148445336,0.1395162642002105,0.6132789850234985,0.657494843006134,1.0,0.992685888992278,0.6584347616619034,0.7928786359077231,1.0
curriculum-s43,switched,43,10,eng-nld,0.8645937813440321,0.6544633901705115,0.2148284614086151,0.7028439044952393,0.641776442527771,1.0,0.9988675866958304,0.911269686117336,0.9689067201604814,1.0
curriculum-s43,switched,43,10,eng-zho,0.574222668004012,0.3746238716148445,0.1565270721912384,0.6312416195869446,0.7954748868942261,1.0,0.9952276508239578,0.685576046232265,0.8244734202607823,1.0
curriculum-s43,switched,43,10,nld-zho,0.5115346038114343,0.3329989969909729,0.14990895986557,0.6153832077980042,0.7948889136314392,1.0,0.9916738166306148,0.6272182469998763,0.7657973921765295,1.0
curriculum-s43,switched,43,11,eng-nld,0.7818455366098295,0.5,0.209310382604599,0.6915708780288696,0.7397044897079468,1.0,0.998262357353184,0.8584523123821258,0.9528585757271816,1.0
curriculum-s43,switched,43,11,eng-zho,0.458876629889669,0.2377131394182547,0.1492041945457458,0.6174225211143494,0.9943548440933228,0.998995983935743,0.9911642558196678,0.5830234976940627,0.7342026078234705,2.0
curriculum-s43,switched,43,11,nld-zho,0.4142427281845536,0.212136409227683,0.13923080265522,0.6029142141342163,0.9964196681976318,0.998995983935743,0.9867690420659568,0.5385036292474419,0.6835506519558676,2.0
curriculum-s43,switched,43,12,eng-nld,0.6629889669007021,0.3555667001003009,0.1718252301216125,0.6789299845695496,0.77592933177948,1.0,0.9972054718371984,0.7740221730647054,0.9142427281845537,1.0
curriculum-s43,switched,43,12,eng-zho,0.3084252758274824,0.1213640922768305,0.1216519102454185,0.5930429697036743,1.1131582260131836,0.9969879518072288,0.9770194116486004,0.425263633316174,0.5456369107321966,4.0
curriculum-s43,switched,43,12,nld-zho,0.2753259779338014,0.111334002006018,0.1197909712791442,0.5796225070953369,1.1233298778533936,0.9959839357429718,0.9728704184843688,0.3970083189983959,0.529087261785356,5.0
curriculum-s44,switched,44,0,eng-nld,0.4513540621865596,0.2472417251755266,0.0807003378868103,0.6393491625785828,0.55701744556427,0.998995983935743,0.9637597531550474,0.5322368578097189,0.6183550651955868,2.0
curriculum-s44,switched,44,0,eng-zho,0.0526579739217652,0.0255767301905717,0.043949007987976,0.5111773610115051,0.944663107395172,0.911144578313253,0.8421262784336948,0.0966366371350865,0.1198595787362086,89.5
curriculum-s44,switched,44,0,nld-zho,0.0561685055165496,0.0275827482447342,0.0430730283260345,0.4955207407474518,0.9607953429222108,0.8990963855421686,0.8230288254321196,0.0972569571894535,0.1213640922768305,101.5
curriculum-s44,switched,44,1,eng-nld,0.804914744232698,0.6198595787362087,0.1200969815254211,0.6040131449699402,0.4097080528736114,1.0,0.9968494841955584,0.8545504716744219,0.9122367101303912,1.0
curriculum-s44,switched,44,1,eng-zho,0.3304914744232698,0.189568706118355,0.0788292288780212,0.5167275071144104,0.522132396697998,0.9969879518072288,0.974232939783205,0.4445013642474323,0.578234704112337,4.0
curriculum-s44,switched,44,1,nld-zho,0.2878635907723169,0.1700100300902708,0.0751462578773498,0.5051403641700745,0.5321812033653259,0.9959839357429718,0.9676479236907508,0.3950172232587925,0.5015045135406219,5.0
curriculum-s44,switched,44,2,eng-nld,0.7803410230692076,0.5621865596790372,0.0653356909751892,0.6901443004608154,0.3017428517341614,1.0,0.99584345405695,0.8368156342325758,0.909729187562688,1.0
curriculum-s44,switched,44,2,eng-zho,0.3630892678034102,0.1795386158475426,0.0466862916946411,0.6017671227455139,0.3932282030582428,0.997991967871486,0.9789227119108328,0.4763939288981283,0.6038114343029087,3.0
curriculum-s44,switched,44,2,nld-zho,0.3069207622868606,0.1534603811434303,0.0441083908081054,0.5967019200325012,0.3980453014373779,0.9959839357429718,0.9696760965627808,0.4084058512779526,0.5140421263791374,5.0
curriculum-s44,switched,44,3,eng-nld,0.8034102306920763,0.6058174523570712,0.0794482231140136,0.6678735613822937,0.3235358893871307,1.0,0.9964381095092506,0.8567636424289411,0.9192577733199598,1.0
curriculum-s44,switched,44,3,eng-zho,0.4373119358074222,0.2632898696088265,0.0595541596412658,0.5853984355926514,0.3957524299621582,0.998995983935743,0.985340056313519,0.5422158342606798,0.6619859578736209,2.0
curriculum-s44,switched,44,3,nld-zho,0.3319959879638917,0.1945837512537612,0.0543885827064514,0.5718638300895691,0.4016577303409576,0.9969879518072288,0.9773794274389432,0.4451499182480333,0.5712136409227683,4.0
curriculum-s44,switched,44,4,eng-nld,0.8590772316950852,0.7337011033099298,0.0974845886230468,0.6616323590278625,0.3270148932933807,1.0,0.9980599428808512,0.9010047295635456,0.9523570712136408,1.0
curriculum-s44,switched,44,4,eng-zho,0.5120361083249749,0.350050150451354,0.0734637379646301,0.5830010175704956,0.404809832572937,1.0,0.9912674771301856,0.6183981570959726,0.7397191574724172,1.0
curriculum-s44,switched,44,4,nld-zho,0.4092276830491475,0.2698094282848545,0.0682711601257324,0.5641748309135437,0.405741423368454,0.998995983935743,0.98560490709075,0.5253497076559299,0.6579739217652959,2.0
curriculum-s44,switched,44,5,eng-nld,0.899197592778335,0.7863590772316951,0.1006461381912231,0.6722322702407837,0.3275909125804901,1.0,0.9989239807776744,0.9301805078208122,0.9679037111334002,1.0
curriculum-s44,switched,44,5,eng-zho,0.570210631895687,0.4012036108324975,0.0735903978347778,0.5942491888999939,0.4014895558357239,1.0,0.9939401537947176,0.6749121202470416,0.8039117352056169,1.0
curriculum-s44,switched,44,5,nld-zho,0.4623871614844533,0.312938816449348,0.0683144330978393,0.5776447057723999,0.4043411016464233,0.998995983935743,0.9894799861431685,0.5823142110208974,0.7226680040120361,2.0
curriculum-s44,switched,44,6,eng-nld,0.9157472417251756,0.7883650952858576,0.1086258888244628,0.6864264607429504,0.3618458211421966,1.0,0.9992029300753666,0.9419792870505338,0.9724172517552658,1.0
curriculum-s44,switched,44,6,eng-zho,0.629889669007021,0.4699097291875627,0.0791648626327514,0.6138650178909302,0.4182296395301819,1.0,0.9964753698847548,0.7306994009800901,0.8515546639919759,1.0
curriculum-s44,switched,44,6,nld-zho,0.5466399197592778,0.3811434302908726,0.0750100016593933,0.5936440825462341,0.4184949398040771,1.0,0.992825867159712,0.6562772216984741,0.7898696088264794,1.0
curriculum-s44,switched,44,7,eng-nld,0.9082246740220662,0.7978936810431294,0.1357684731483459,0.6850950717926025,0.4122563898563385,1.0,0.999402323436172,0.9385274536165268,0.9744232698094284,1.0
curriculum-s44,switched,44,7,eng-zho,0.6664994984954864,0.5050150451354062,0.1034169197082519,0.625328540802002,0.4789378941059112,1.0,0.9972749574023274,0.7556752029600193,0.8681043129388164,1.0
curriculum-s44,switched,44,7,nld-zho,0.567703109327984,0.4212637913741223,0.0937863588333129,0.6005602478981018,0.4749069213867187,1.0,0.993442173911292,0.6763052206571236,0.8079237713139418,1.0
curriculum-s44,switched,44,8,eng-nld,0.9007021063189569,0.7753259779338013,0.1736307740211486,0.6941925287246704,0.4691324830055237,1.0,0.9994541858507248,0.9332880936520048,0.9749247743229688,1.0
curriculum-s44,switched,44,8,eng-zho,0.6509528585757272,0.4864593781344032,0.1271080374717712,0.630915105342865,0.5611473917961121,1.0,0.997314735370771,0.7478760924842097,0.8671013039117352,1.0
curriculum-s44,switched,44,8,nld-zho,0.5672016048144433,0.4162487462387161,0.1206865310668945,0.6020771861076355,0.548805832862854,1.0,0.9937372358037968,0.6747956347304948,0.8109327983951855,1.0
curriculum-s44,switched,44,9,eng-nld,0.8916750250752257,0.7597793380140421,0.2092364132404327,0.691531240940094,0.5413241982460022,1.0,0.999383189729832,0.9274007892740668,0.970912738214644,1.0
curriculum-s44,switched,44,9,eng-zho,0.6399197592778335,0.4558676028084253,0.1527660489082336,0.6344422101974487,0.6607927083969116,1.0,0.996871135494838,0.7380199083146868,0.8615847542627884,1.0
curriculum-s44,switched,44,9,nld-zho,0.5576730190571715,0.3866599799398195,0.1428508162498474,0.6007904410362244,0.6552518606185913,1.0,0.9935690605954408,0.6652417191007657,0.79839518555667,1.0
curriculum-s44,switched,44,10,eng-nld,0.8445336008024071,0.6349047141424273,0.216208279132843,0.6904840469360352,0.6601255536079407,1.0,0.9991762435902084,0.8980362273979626,0.9623871614844534,1.0
curriculum-s44,switched,44,10,eng-zho,0.5672016048144434,0.3470411233701103,0.1590667366981506,0.6300114393234253,0.8138530850410461,1.0,0.9952185874893756,0.6775520494457031,0.8144433299899699,1.0
curriculum-s44,switched,44,10,nld-zho,0.4779338014042126,0.2888665997993982,0.149912416934967,0.6050297021865845,0.8126482963562012,0.998995983935743,0.9916929503369546,0.6007317841932726,0.7437311935807422,2.0
curriculum-s44,switched,44,11,eng-nld,0.7908726178535608,0.5240722166499499,0.2133358120918274,0.6820406317710876,0.7402772307395935,1.0,0.998669200372201,0.8609584163559069,0.946840521564694,1.0
curriculum-s44,switched,44,11,eng-zho,0.4714142427281845,0.220160481444333,0.155382752418518,0.6205453872680664,0.9885926246643066,0.998995983935743,0.992027286679315,0.593769791194842,0.7437311935807422,2.0
curriculum-s44,switched,44,11,nld-zho,0.39518555667001,0.1960882647943831,0.1474387347698211,0.592731773853302,0.9953999519348145,0.998995983935743,0.9886537121404374,0.5277564935549459,0.6855566700100301,2.0
curriculum-s44,switched,44,12,eng-nld,0.691073219658977,0.3746238716148445,0.171592891216278,0.6725167036056519,0.7693479061126709,1.0,0.9976299380067916,0.7926505677118126,0.9192577733199598,1.0
curriculum-s44,switched,44,12,eng-zho,0.3014042126379137,0.1183550651955867,0.126491904258728,0.594883918762207,1.109526753425598,0.9969879518072288,0.9777525347125716,0.4326955450512316,0.574222668004012,4.0
curriculum-s44,switched,44,12,nld-zho,0.2688064192577733,0.1033099297893681,0.1223092228174209,0.572908341884613,1.1263294219970703,0.9959839357429718,0.9756956612810318,0.3950206298391499,0.5310932798395186,5.0
curriculum-s45,switched,45,0,eng-nld,0.4618856569709128,0.2487462387161484,0.0844766497611999,0.6323655247688293,0.568598210811615,0.998995983935743,0.9639198720659972,0.5406171875633959,0.6263791374122367,2.0
curriculum-s45,switched,45,0,eng-zho,0.0566700100300902,0.0270812437311935,0.0452877879142761,0.4973422586917877,0.9632513523101808,0.9196787148594378,0.8444419604194109,0.1030755421911328,0.1334002006018054,81.0
curriculum-s45,switched,45,0,nld-zho,0.0601805416248746,0.0280842527582748,0.0414203107357025,0.4832137823104858,0.970544159412384,0.9011044176706828,0.8257070408011182,0.0997248347716972,0.1198595787362086,99.5
curriculum-s45,switched,45,1,eng-nld,0.8134403209628887,0.6238716148445336,0.1102030873298645,0.6217867136001587,0.3934859931468963,1.0,0.9971531059040576,0.8629860638696929,0.9232698094282848,1.0
curriculum-s45,switched,45,1,eng-zho,0.3665997993981945,0.2111334002006017,0.0741791725158691,0.5357221364974976,0.4988230466842651,0.997991967871486,0.9796054831160148,0.4773035872277139,0.6028084252758275,3.0
curriculum-s45,switched,45,1,nld-zho,0.2893681043129388,0.1629889669007021,0.0702478885650634,0.5218754410743713,0.5002237558364868,0.9959839357429718,0.9710738641627696,0.4053377462020158,0.5351053159478435,5.0
curriculum-s45,switched,45,2,eng-nld,0.7828485456369108,0.5606820461384152,0.0649396777153015,0.6902082562446594,0.3056970238685608,1.0,0.9965191760019012,0.8395001926730032,0.9107321965897692,1.0
curriculum-s45,switched,45,2,eng-zho,0.3921765295887662,0.1875626880641925,0.0476888418197631,0.5992690920829773,0.3839325904846191,0.998995983935743,0.9836567936741952,0.5062377656153956,0.6354062186559679,2.0
curriculum-s45,switched,45,2,nld-zho,0.2823470411233701,0.1514543630892678,0.0440123081207275,0.586020290851593,0.387615293264389,0.9969879518072288,0.9731443325961824,0.405378123474191,0.541123370110331,4.0
curriculum-s45,switched,45,3,eng-nld,0.7943831494483451,0.6384152457372116,0.0814233422279357,0.6604518890380859,0.3232910633087158,1.0,0.9973902631589548,0.8527878661517577,0.92728184553661,1.0
curriculum-s45,switched,45,3,eng-zho,0.4317953861584754,0.2693079237713139,0.0614953637123107,0.5756879448890686,0.3972857296466827,0.998995983935743,0.9862554531063068,0.546036541111122,0.675025075225677,2.0
curriculum-s45,switched,45,3,nld-zho,0.3149448345035105,0.1890672016048144,0.0552005767822265,0.5580986738204956,0.3986897468566894,0.9969879518072288,0.9775999685804402,0.4367467381480946,0.5752256770310933,4.0
curriculum-s45,switched,45,4,eng-nld,0.8665997993981946,0.7452357071213641,0.1010870337486267,0.6652123332023621,0.3305616676807403,1.0,0.9988640620657152,0.909986444747606,0.9679037111334002,1.0
curriculum-s45,switched,45,4,eng-zho,0.5466399197592778,0.3851554663991976,0.0751417875289917,0.585734486579895,0.3983600735664367,1.0,0.9936063209709448,0.6571604666716918,0.7883650952858575,1.0
curriculum-s45,switched,45,4,nld-zho,0.4413239719157472,0.2973921765295887,0.069259762763977,0.5665555000305176,0.3928972780704498,0.998995983935743,0.986712647984113,0.5614853741724932,0.7036108324974925,2.0
curriculum-s45,switched,45,5,eng-nld,0.905717151454363,0.7933801404212637,0.1031098961830139,0.6854159832000732,0.3356728851795196,1.0,0.9992975915698904,0.936435586593766,0.9749247743229688,1.0
curriculum-s45,switched,45,5,eng-zho,0.5957873620862588,0.428284854563691,0.0758100748062133,0.6064323782920837,0.4079489707946777,1.0,0.9957598699713598,0.7014189905064842,0.8284854563691073,1.0
curriculum-s45,switched,45,5,nld-zho,0.5,0.3410230692076229,0.0720388293266296,0.5896750688552856,0.3983471393585205,0.9994979919678716,0.9905066605438806,0.6140835669127955,0.7452357071213641,1.5
curriculum-s45,switched,45,6,eng-nld,0.924272818455366,0.816950852557673,0.1176852583885192,0.693942129611969,0.3628788590431213,1.0,0.999635452542366,0.9484232461268304,0.9804413239719156,1.0
curriculum-s45,switched,45,6,eng-zho,0.6775325977933802,0.4899699097291875,0.0870051980018615,0.6167171001434326,0.435172289609909,1.0,0.9972402146197628,0.7652003635406852,0.8741223671013039,1.0
curriculum-s45,switched,45,6,nld-zho,0.5561685055165497,0.3931795386158475,0.0815452933311462,0.5929691195487976,0.4201914072036743,1.0,0.9929054230965992,0.665106007041514,0.7978936810431294,1.0
curriculum-s45,switched,45,7,eng-nld,0.9312938816449348,0.8425275827482448,0.1518267393112182,0.6949243545532227,0.4094481468200683,1.0,0.9995961780925104,0.953784378485924,0.9849548645937812,1.0
curriculum-s45,switched,45,7,eng-zho,0.7031093279839519,0.5396188565697091,0.1111629605293273,0.6257166266441345,0.4829307794570923,1.0,0.9976717300495864,0.7875653830325754,0.8936810431293881,1.0
curriculum-s45,switched,45,7,nld-zho,0.6058174523570712,0.4478435305917753,0.1046303510665893,0.5961595177650452,0.4638248383998871,1.0,0.9941788216053784,0.705740817845164,0.8204613841524574,1.0
curriculum-s45,switched,45,8,eng-nld,0.9172517552657974,0.820962888665998,0.1860153079032898,0.6964837908744812,0.471594750881195,1.0,0.9995120904883324,0.9452323766356177,0.9804413239719156,1.0
curriculum-s45,switched,45,8,eng-zho,0.6845536609829489,0.5310932798395185,0.1385862231254577,0.6337740421295166,0.5621060729026794,1.0,0.9976571280105376,0.7741853459744585,0.8886659979939819,1.0
curriculum-s45,switched,45,8,nld-zho,0.5957873620862588,0.4558676028084252,0.1281042695045471,0.5988130569458008,0.5427043437957764,1.0,0.993928069348608,0.6966725462564279,0.8179538615847542,1.0
curriculum-s45,switched,45,9,eng-nld,0.9012036108324974,0.7657973921765295,0.2122499346733093,0.6969987750053406,0.5560330152511597,1.0,0.9992890317538962,0.9340683776162012,0.9744232698094284,1.0
curriculum-s45,switched,45,9,eng-zho,0.6444332998996991,0.4568706118355065,0.1594818532466888,0.6359673142433167,0.6647931933403015,1.0,0.9966641893552142,0.7405685123003174,0.8595787362086259,1.0
curriculum-s45,switched,45,9,nld-zho,0.5682046138415245,0.39518555667001,0.1509642004966735,0.6052285432815552,0.6459991335868835,1.0,0.9923188239417048,0.6688352564412091,0.8014042126379137,1.0
curriculum-s45,switched,45,10,eng-nld,0.8640922768304915,0.6614844533600802,0.2194283902645111,0.6913295984268188,0.6539953947067261,1.0,0.9988096820582228,0.9093790926717104,0.9653961885656972,1.0
curriculum-s45,switched,45,10,eng-zho,0.5832497492477433,0.3585757271815446,0.1642400920391082,0.6283860206604004,0.803810179233551,1.0,0.9953560480638702,0.6880231766603169,0.8189568706118355,1.0
curriculum-s45,switched,45,10,nld-zho,0.495987963891675,0.3109327983951855,0.1583457291126251,0.5997547507286072,0.8026613593101501,0.998995983935743,0.9908822854104482,0.6154556352726389,0.7547642928786359,2.0
curriculum-s45,switched,45,11,eng-nld,0.7878635907723169,0.5020060180541626,0.2088223099708557,0.6838522553443909,0.7438574433326721,1.0,0.99830868106327,0.861478604495876,0.9518555667001004,1.0
curriculum-s45,switched,45,11,eng-zho,0.4503510531594784,0.2201604814443329,0.1519898176193237,0.6120327115058899,0.9864779710769652,0.998995983935743,0.9907584198378268,0.572687369904239,0.7111334002006018,2.0
curriculum-s45,switched,45,11,nld-zho,0.3801404212637913,0.1925777331995988,0.1491530835628509,0.5860832333564758,0.991525411605835,0.998995983935743,0.9846280810302394,0.5075415794038585,0.6549648946840522,2.0
curriculum-s45,switched,45,12,eng-nld,0.691073219658977,0.3550651955867602,0.1718838214874267,0.6760061383247375,0.7613925933837891,1.0,0.9969527055060764,0.7928366496237677,0.9197592778335004,1.0
curriculum-s45,switched,45,12,eng-zho,0.3049147442326981,0.1263791374122367,0.1271601915359497,0.5907869935035706,1.106948733329773,0.9969879518072288,0.9780843534619924,0.4286639563234037,0.5656970912738215,4.0
curriculum-s45,switched,45,12,nld-zho,0.2542627883650953,0.1013039117352056,0.1219104304909706,0.5674082040786743,1.1253905296325684,0.9959839357429718,0.971505379592593,0.3780591674221465,0.5130391173520562,5.0
curriculum-s46,switched,46,0,eng-nld,0.4633901705115346,0.2527582748244734,0.0849888920783996,0.6404173374176025,0.5655375719070435,0.998995983935743,0.9658508658505638,0.5457089906602665,0.6379137412236711,2.0
curriculum-s46,switched,46,0,eng-zho,0.0616850551654964,0.0280842527582748,0.0459402799606323,0.509508490562439,0.9591163992881776,0.9126506024096386,0.8368720619690397,0.1077678523663263,0.1359077231695085,88.0
curriculum-s46,switched,46,0,nld-zho,0.0621865596790371,0.0295887662988966,0.0437685251235961,0.4946531653404236,0.968224287033081,0.8965863453815262,0.8172011012958555,0.1036918071009103,0.1303911735205616,104.0
curriculum-s46,switched,46,1,eng-nld,0.8224674022066198,0.6399197592778335,0.117185890674591,0.6195043921470642,0.3943855166435241,1.0,0.9968645897531954,0.8672827258597408,0.9222668004012036,1.0
curriculum-s46,switched,46,1,eng-zho,0.3896690070210632,0.2116349047141424,0.0766031146049499,0.5424041152000427,0.4958547949790954,0.997991967871486,0.9802912754327238,0.5000261316065254,0.623370110330993,3.0
curriculum-s46,switched,46,1,nld-zho,0.2988966900702106,0.1760280842527583,0.0700728297233581,0.5333512425422668,0.500328004360199,0.9959839357429718,0.9687576786584652,0.4099872276007223,0.5295887662988967,5.0
curriculum-s46,switched,46,2,eng-nld,0.791875626880642,0.5842527582748245,0.0687286257743835,0.6818936467170715,0.3090485334396362,1.0,0.9959658090738076,0.8428808429117604,0.9082246740220662,1.0
curriculum-s46,switched,46,2,eng-zho,0.3966900702106319,0.1760280842527583,0.0504680275917053,0.605360209941864,0.3981827795505523,0.998995983935743,0.981963460663114,0.5111307430091103,0.6449348044132397,2.0
curriculum-s46,switched,46,2,nld-zho,0.2928786359077232,0.1434302908726178,0.0471468567848205,0.5959414839744568,0.4020419716835022,0.9964859437751004,0.9716297486838024,0.4088279233590028,0.5356068204613842,4.5
curriculum-s46,switched,46,3,eng-nld,0.831494483450351,0.6785356068204613,0.089495301246643,0.648510754108429,0.3277188539505005,1.0,0.997309700184892,0.8789815367457421,0.9383149448345036,1.0
curriculum-s46,switched,46,3,eng-zho,0.4789368104312939,0.2918756268806419,0.0651248693466186,0.575919508934021,0.4122010171413421,0.998995983935743,0.9872881697300738,0.5861324781370549,0.7091273821464393,2.0
curriculum-s46,switched,46,3,nld-zho,0.3550651955867603,0.2156469408224674,0.0603757500648498,0.5580140352249146,0.4181184768676758,0.997991967871486,0.9796155534877726,0.4739151852606411,0.607321965897693,3.0
curriculum-s46,switched,46,4,eng-nld,0.8841524573721163,0.7602808425275828,0.1119986772537231,0.652529776096344,0.3558013141155243,1.0,0.9986480525915096,0.9177856760989408,0.9583751253761283,1.0
curriculum-s46,switched,46,4,eng-zho,0.5827482447342026,0.3986960882647944,0.0827519297599792,0.580579936504364,0.4294885396957397,1.0,0.9929436905092788,0.6750379707468466,0.7793380140421263,1.0
curriculum-s46,switched,46,4,nld-zho,0.4443329989969909,0.2978936810431294,0.0760020017623901,0.5574241876602173,0.4342341721057892,0.998995983935743,0.9872186841649444,0.5636675114266549,0.7071213640922769,2.0
curriculum-s46,switched,46,5,eng-nld,0.9062186559679036,0.8134403209628887,0.1148189306259155,0.6688084602355957,0.3541700541973114,1.0,0.9991983984080756,0.9366859001275194,0.977432296890672,1.0
curriculum-s46,switched,46,5,eng-zho,0.6334002006018054,0.4503510531594784,0.0840383768081665,0.6017162203788757,0.4296689927577972,1.0,0.9956964266292856,0.7237739875539722,0.8294884653961886,1.0
curriculum-s46,switched,46,5,nld-zho,0.5075225677031093,0.3425275827482447,0.0763189196586608,0.5750351548194885,0.4355724155902862,1.0,0.990542410363621,0.6193079067833285,0.7602808425275828,1.0
curriculum-s46,switched,46,6,eng-nld,0.9102306920762286,0.808926780341023,0.1085606813430786,0.6871306300163269,0.3541527092456817,1.0,0.9991908456292572,0.9386273991330728,0.97592778335005,1.0
curriculum-s46,switched,46,6,eng-zho,0.6494483450351053,0.458876629889669,0.0793856382369995,0.6221895813941956,0.422063261270523,1.0,0.9962044768844688,0.7368533649872661,0.8415245737211635,1.0
curriculum-s46,switched,46,6,nld-zho,0.522567703109328,0.3450351053159478,0.07029789686203,0.5970163345336914,0.4262214303016662,1.0,0.9913686843663522,0.6352237814849061,0.7733199598796389,1.0
curriculum-s46,switched,46,7,eng-nld,0.9142427281845537,0.8319959879638916,0.138454258441925,0.700610876083374,0.3826988339424133,1.0,0.999494970856344,0.942088838100413,0.9739217652958876,1.0
curriculum-s46,switched,46,7,eng-zho,0.6890672016048145,0.526579739217653,0.1018642783164978,0.6377151608467102,0.45164954662323,1.0,0.9979189576762416,0.7805786070228045,0.9002006018054163,1.0
curriculum-s46,switched,46,7,nld-zho,0.5852557673019058,0.4317953861584754,0.0952759385108947,0.612307608127594,0.4462510645389557,1.0,0.99415213512022,0.6916476854473944,0.816950852557673,1.0
curriculum-s46,switched,46,8,eng-nld,0.904714142427282,0.7933801404212638,0.1669835448265075,0.7039196491241455,0.4454019069671631,1.0,0.9994884251147016,0.9363889914743314,0.9739217652958876,1.0
curriculum-s46,switched,46,8,eng-zho,0.69358074222668,0.5170511534603811,0.1224767565727233,0.6382007598876953,0.5292092561721802,1.0,0.9976666948637076,0.7839718152575957,0.8986960882647944,1.0
curriculum-s46,switched,46,8,nld-zho,0.6003009027081243,0.4613841524573721,0.1151025891304016,0.6139904260635376,0.5066012144088745,1.0,0.9947472940911086,0.7042392145734845,0.8239719157472417,1.0
curriculum-s46,switched,46,9,eng-nld,0.8796389167502507,0.7221664994984955,0.1934580206871032,0.6971843838691711,0.5492655634880066,1.0,0.9992769473077868,0.9187974048747009,0.9633901705115346,1.0
curriculum-s46,switched,46,9,eng-zho,0.6384152457372116,0.4353059177532598,0.1445882022380828,0.635979413986206,0.6405937075614929,1.0,0.99654334489412,0.7371277938865449,0.8665997993981945,1.0
curriculum-s46,switched,46,9,nld-zho,0.551654964894684,0.3801404212637914,0.1343605816364288,0.6072176694869995,0.6419703364372253,1.0,0.9935091418834816,0.6603484676124168,0.7893681043129388,1.0
curriculum-s46,switched,46,10,eng-nld,0.8615847542627884,0.6675025075225678,0.2128874957561493,0.6958138346672058,0.6352441310882568,1.0,0.999028209125368,0.9075414446925436,0.961384152457372,1.0
curriculum-s46,switched,46,10,eng-zho,0.5682046138415247,0.3460381143430291,0.1559776663780212,0.6377448439598083,0.7966024875640869,1.0,0.9951269471063792,0.6822774413108655,0.8229689067201604,1.0
curriculum-s46,switched,46,10,nld-zho,0.5060180541624875,0.302407221664995,0.1500664949417114,0.6107797026634216,0.7857885360717773,1.0,0.9921919372575556,0.6242848342320161,0.7607823470411234,1.0
curriculum-s46,switched,46,11,eng-nld,0.7968906720160482,0.5180541624874624,0.2139299511909485,0.6868339776992798,0.7402134537696838,1.0,0.998584609249435,0.8669981593374567,0.9513540621865596,1.0
curriculum-s46,switched,46,11,eng-zho,0.4824473420260782,0.2477432296890672,0.1560173034667968,0.622683048248291,0.9900661706924438,0.998995983935743,0.9913853004797524,0.6002583211028861,0.7432296890672017,2.0
curriculum-s46,switched,46,11,nld-zho,0.4012036108324974,0.1980942828485456,0.1538395434617996,0.5983850359916687,0.9826312065124512,0.998995983935743,0.9875107249459222,0.5315774328754924,0.6870611835506519,2.0
curriculum-s46,switched,46,12,eng-nld,0.695085255767302,0.38716148445336,0.1751315295696258,0.6772775053977966,0.7678902745246887,1.0,0.997618860597858,0.7939538807731692,0.9262788365095286,1.0
curriculum-s46,switched,46,12,eng-zho,0.3234704112337011,0.137913741223671,0.1249113827943801,0.6067793369293213,1.1377179622650146,0.997991967871486,0.9783693449827392,0.4481585172474875,0.5927783350050151,3.0
curriculum-s46,switched,46,12,nld-zho,0.2688064192577733,0.1123370110330992,0.1223453432321548,0.5823864936828613,1.119012713432312,0.9959839357429718,0.973956508078452,0.3952429204016323,0.5320962888665998,5.0
curriculum-s47,switched,47,0,eng-nld,0.4623871614844533,0.2522567703109328,0.083004891872406,0.6488001346588135,0.5589903593063354,0.998995983935743,0.965905749376644,0.5417164966743211,0.6308926780341023,2.0
curriculum-s47,switched,47,0,eng-zho,0.0561685055165496,0.0230692076228686,0.0464031100273132,0.5164318084716797,0.9496309161186218,0.9206827309236948,0.8524287722605567,0.102317607336611,0.1283851554663992,80.0
curriculum-s47,switched,47,0,nld-zho,0.0581745235707121,0.0285857572718154,0.0440554022789001,0.5023848414421082,0.9526458382606506,0.9186746987951808,0.8400215707363053,0.1042030522785769,0.1293881644934804,82.0
curriculum-s47,switched,47,1,eng-nld,0.8044132397191575,0.6168505516549649,0.1135328412055969,0.63775634765625,0.392472505569458,1.0,0.9969532090246644,0.8547365623138308,0.9182547642928788,1.0
curriculum-s47,switched,47,1,eng-zho,0.3650952858575727,0.1925777331995988,0.0777930617332458,0.5500579476356506,0.5074157118797302,0.997991967871486,0.9798647951887792,0.4780208480936569,0.600802407221665,3.0
curriculum-s47,switched,47,1,nld-zho,0.2953861584754262,0.1614844533600802,0.0714746713638305,0.538530170917511,0.499054491519928,0.9969879518072288,0.9701881749666672,0.416131607500102,0.551654964894684,4.0
curriculum-s47,switched,47,2,eng-nld,0.7778335005015045,0.5661985957873621,0.0675362944602966,0.6846908926963806,0.3052361905574798,1.0,0.9959350944399464,0.8327722287300492,0.9007021063189569,1.0
curriculum-s47,switched,47,2,eng-zho,0.3736208625877633,0.1795386158475426,0.05039644241333,0.595639169216156,0.4011341631412506,0.997991967871486,0.9805405171337304,0.4877985643843079,0.6183550651955868,3.0
curriculum-s47,switched,47,2,nld-zho,0.2868605817452357,0.1369107321965897,0.0468847155570983,0.5857213139533997,0.4007804691791534,0.9969879518072288,0.9725496771438814,0.4052211713898133,0.5341023069207623,4.0
curriculum-s47,switched,47,3,eng-nld,0.8134403209628887,0.6594784353059178,0.0897992849349975,0.6413574814796448,0.320401519536972,1.0,0.996968818100889,0.8625905910814397,0.9197592778335004,1.0
curriculum-s47,switched,47,3,eng-zho,0.4378134403209629,0.2843530591775326,0.0677308440208435,0.5628824234008789,0.4108023941516876,0.998995983935743,0.9863319879316664,0.5526125267150945,0.6915747241725175,2.0
curriculum-s47,switched,47,3,nld-zho,0.320962888665998,0.20160481444333,0.0591861009597778,0.5374654531478882,0.4035888910293579,0.9969879518072288,0.978365820352624,0.4408297290988565,0.5797392176529589,4.0
curriculum-s47,switched,47,4,eng-nld,0.8746238716148445,0.761283851554664,0.1107063293457031,0.653533935546875,0.3319213092327118,1.0,0.9986435209242184,0.9127713840861692,0.9608826479438316,1.0
curriculum-s47,switched,47,4,eng-zho,0.5421263791374122,0.380641925777332,0.080006718635559,0.5805351734161377,0.4240643382072449,1.0,0.9930670525633124,0.6535347529293759,0.7948846539618857,1.0
curriculum-s47,switched,47,4,nld-zho,0.4338014042126379,0.2878635907723169,0.0738593339920044,0.5522971749305725,0.4149929285049438,0.998995983935743,0.9874009578937616,0.5509890081683433,0.6990972918756269,2.0
curriculum-s47,switched,47,5,eng-nld,0.9002006018054163,0.7763289869608827,0.1042518019676208,0.6824526786804199,0.3365049362182617,1.0,0.9990644624636964,0.931293139589852,0.9729187562688064,1.0
curriculum-s47,switched,47,5,eng-zho,0.5912738214643931,0.4212637913741223,0.0754000544548034,0.6041240096092224,0.416721761226654,1.0,0.9953399354690576,0.6974198492961153,0.8229689067201604,1.0
curriculum-s47,switched,47,5,nld-zho,0.4779338014042126,0.320962888665998,0.0706637501716613,0.5807266235351562,0.4052438139915466,0.998995983935743,0.9898314421175172,0.5989891134120532,0.7447342026078235,2.0
curriculum-s47,switched,47,6,eng-nld,0.9152457372116348,0.8309929789368105,0.1217065453529357,0.6921001672744751,0.3497586548328399,1.0,0.9993071584230604,0.9426148090197768,0.977432296890672,1.0
curriculum-s47,switched,47,6,eng-zho,0.6649949849548646,0.4939819458375125,0.0888713002204895,0.6177644729614258,0.4223400950431824,1.0,0.9970040644020414,0.7574555560741386,0.8756268806419257,1.0
curriculum-s47,switched,47,6,nld-zho,0.5506519558676028,0.3876629889669007,0.0810894966125488,0.5960553884506226,0.4099928438663482,1.0,0.9927110649216728,0.6604555527050792,0.7948846539618857,1.0
curriculum-s47,switched,47,7,eng-nld,0.9087261785356068,0.8134403209628887,0.1442574262619018,0.6928838491439819,0.3880560994148254,1.0,0.9993917495458262,0.9393285826645188,0.9809428284854564,1.0
curriculum-s47,switched,47,7,eng-zho,0.675025075225677,0.5080240722166499,0.1053405404090881,0.6264891028404236,0.4753345251083374,1.0,0.9974642803913748,0.7674746535258093,0.8866599799398195,1.0
curriculum-s47,switched,47,7,nld-zho,0.5757271815446339,0.4152457372116349,0.0961038470268249,0.5991239547729492,0.4613189697265625,1.0,0.9932921253721,0.6793857303215624,0.808926780341023,1.0
curriculum-s47,switched,47,8,eng-nld,0.899197592778335,0.7893681043129388,0.1620551347732544,0.6918002367019653,0.4476819336414337,1.0,0.999243211562398,0.9333955433098567,0.9754262788365096,1.0
curriculum-s47,switched,47,8,eng-zho,0.6805416248746239,0.4994984954864594,0.1195365786552429,0.6334180235862732,0.5422227382659912,1.0,0.9974481677965624,0.7715482227007333,0.8856569709127382,1.0
curriculum-s47,switched,47,8,nld-zho,0.5702106318956871,0.4167502507522568,0.1098774075508117,0.6016032099723816,0.5363818407058716,1.0,0.9932402629575472,0.677061524279073,0.8114343029087262,1.0
curriculum-s47,switched,47,9,eng-nld,0.8846539618856569,0.7372116349047142,0.1986947357654571,0.6953982710838318,0.5510433912277222,1.0,0.999042811164417,0.9234830965911353,0.9724172517552658,1.0
curriculum-s47,switched,47,9,eng-zho,0.6529588766298897,0.4583751253761283,0.1468336582183838,0.6367221474647522,0.6599493622779846,1.0,0.996847470121207,0.7483435875485887,0.8676028084252758,1.0
curriculum-s47,switched,47,9,nld-zho,0.5621865596790372,0.4027081243731193,0.1394941806793213,0.6096407771110535,0.6373410820960999,1.0,0.9927815575239776,0.6699569214326675,0.7988966900702106,1.0
curriculum-s47,switched,47,10,eng-nld,0.8585757271815446,0.6599799398194583,0.2133698463439941,0.6917399764060974,0.6329661011695862,1.0,0.9986304294409332,0.9045939552713932,0.962888665997994,1.0
curriculum-s47,switched,47,10,eng-zho,0.5937813440320963,0.3550651955867603,0.159050852060318,0.6299075484275818,0.7964602708816528,1.0,0.995512138826117,0.7013589735483493,0.8309929789368105,1.0
curriculum-s47,switched,47,10,nld-zho,0.5125376128385155,0.331494483450351,0.1489111483097076,0.6036239266395569,0.7758639454841614,1.0,0.991238776570676,0.6309212439664253,0.7733199598796389,1.0
curriculum-s47,switched,47,11,eng-nld,0.7748244734202607,0.5100300902708124,0.2133581042289734,0.6818323731422424,0.745963990688324,1.0,0.9980977067749432,0.8505522460619106,0.9453360080240722,1.0
curriculum-s47,switched,47,11,eng-zho,0.4789368104312939,0.2357071213640922,0.1544056087732315,0.6161113977432251,0.9875010848045348,0.998995983935743,0.9915575038368116,0.5990515783554403,0.7462387161484454,2.0
curriculum-s47,switched,47,11,nld-zho,0.4262788365095286,0.2286860581745236,0.1498090624809265,0.5908579230308533,0.9770719408988952,0.998995983935743,0.9876300588512524,0.5494381399314546,0.6965897693079238,2.0
curriculum-s47,switched,47,12,eng-nld,0.6624874623871615,0.3711133400200602,0.1713581979274749,0.6700470447540283,0.7651447057723999,1.0,0.996897821979996,0.7720103218966292,0.909729187562688,1.0
curriculum-s47,switched,47,12,eng-zho,0.3194583751253761,0.1178535606820461,0.1249556317925453,0.5898695588111877,1.1198267936706543,0.997991967871486,0.9763034082166177,0.4405896834830803,0.574222668004012,3.0
curriculum-s47,switched,47,12,nld-zho,0.261283851554664,0.09679037111334,0.1200498342514038,0.5696606636047363,1.1202653646469116,0.9959839357429718,0.9709676217407242,0.3878444701260624,0.5310932798395186,5.0
curriculum-s48,switched,48,0,eng-nld,0.4648946840521565,0.2497492477432297,0.0836634635925293,0.6606342196464539,0.5590553879737854,0.998995983935743,0.9661172271835587,0.5425703574549202,0.6243731193580743,2.0
curriculum-s48,switched,48,0,eng-zho,0.0506519558676028,0.0245737211634904,0.0473938882350921,0.5332263112068176,0.9488598704338074,0.9136546184738956,0.8432994767434835,0.0974671348954842,0.1288866599799398,87.0
curriculum-s48,switched,48,0,nld-zho,0.0616850551654964,0.0285857572718154,0.0449195802211761,0.519414484500885,0.9587100148200988,0.9056224899598394,0.8267820529862682,0.1045391109050205,0.1263791374122367,95.0
curriculum-s48,switched,48,1,eng-nld,0.8149448345035105,0.6293881644934805,0.1001119613647461,0.6510385870933533,0.3711871802806854,1.0,0.9970257157013208,0.861261904655201,0.9202607823470412,1.0
curriculum-s48,switched,48,1,eng-zho,0.3435305917753259,0.1945837512537613,0.0689201354980468,0.5625059008598328,0.4783634543418884,0.997991967871486,0.9789700426580948,0.4602765261434368,0.5922768304914744,3.0
curriculum-s48,switched,48,1,nld-zho,0.2988966900702106,0.1740220661985957,0.0641056895256042,0.5557889342308044,0.4801168739795685,0.9959839357429718,0.9685834612270546,0.4053205508837018,0.5260782347041123,5.0
curriculum-s48,switched,48,2,eng-nld,0.7773319959879639,0.571715145436309,0.0596888661384582,0.7036987543106079,0.2887041568756103,1.0,0.9953233193556572,0.8301197773171825,0.8931795386158475,1.0
curriculum-s48,switched,48,2,eng-zho,0.3565697091273822,0.1735205616850551,0.0443137288093566,0.6151002645492554,0.3702490925788879,0.997991967871486,0.9799619742762424,0.4660694157838135,0.5902708124373119,3.0
curriculum-s48,switched,48,2,nld-zho,0.2973921765295887,0.1634904714142427,0.0427804589271545,0.6109879612922668,0.3717737197875976,0.9959839357429718,0.9689923183204232,0.4077844399405022,0.5220661985957874,5.0
curriculum-s48,switched,48,3,eng-nld,0.824974924774323,0.6634904714142427,0.0864611864089965,0.6586849689483643,0.3228429555892944,1.0,0.9971047681196198,0.8708497921360147,0.9232698094282848,1.0
curriculum-s48,switched,48,3,eng-zho,0.4358074222668003,0.2778335005015045,0.0638052821159362,0.5782129764556885,0.4022647738456726,0.998995983935743,0.9875036756856918,0.548316283901553,0.6875626880641926,2.0
curriculum-s48,switched,48,3,nld-zho,0.3530591775325978,0.2321965897693079,0.0593515634536743,0.5643487572669983,0.3944654166698456,0.997991967871486,0.9801447515236472,0.4720985858895275,0.6078234704112337,3.0
curriculum-s48,switched,48,4,eng-nld,0.8741223671013039,0.7632898696088265,0.1058161854743957,0.6649879813194275,0.3349972665309906,1.0,0.9987135100079356,0.9117280750612088,0.9593781344032096,1.0
curriculum-s48,switched,48,4,eng-zho,0.5461384152457371,0.3906720160481444,0.0789297819137573,0.5898700952529907,0.4196345210075378,1.0,0.9937689574748342,0.6563240665010965,0.7958876629889668,1.0
curriculum-s48,switched,48,4,nld-zho,0.4563691073219659,0.3219658976930792,0.0735746622085571,0.570182740688324,0.4125637710094452,0.998995983935743,0.9881738589261762,0.5724436326091974,0.7211634904714143,2.0
curriculum-s48,switched,48,5,eng-nld,0.8986960882647943,0.804914744232698,0.1048706173896789,0.6887422204017639,0.3359602689743042,1.0,0.999210986372773,0.930428554556601,0.969408224674022,1.0
curriculum-s48,switched,48,5,eng-zho,0.5997993981945837,0.4237713139418254,0.0777468681335449,0.6155052185058594,0.4240398108959198,1.0,0.9956490958820234,0.7023998489470028,0.8269809428284854,1.0
curriculum-s48,switched,48,5,nld-zho,0.4989969909729187,0.3565697091273822,0.0715411901473999,0.5968084335327148,0.4186502993106842,0.998995983935743,0.9910026263529544,0.6166073487526267,0.7502507522567703,2.0
curriculum-s48,switched,48,6,eng-nld,0.9122367101303912,0.8044132397191575,0.1121044754981994,0.6906554102897644,0.3491238057613373,1.0,0.99937412639525,0.93955082482273,0.970912738214644,1.0
curriculum-s48,switched,48,6,eng-zho,0.629889669007021,0.440320962888666,0.079104483127594,0.6243360638618469,0.4250059425830841,1.0,0.9964945035910946,0.7303560018487987,0.858074222668004,1.0
curriculum-s48,switched,48,6,nld-zho,0.5305917753259779,0.3881644934804413,0.0754199028015136,0.5991010069847107,0.4183008968830108,1.0,0.9920841842797468,0.6402920608777313,0.7683049147442327,1.0
curriculum-s48,switched,48,7,eng-nld,0.9092276830491476,0.7913741223671014,0.1404688358306884,0.6960263848304749,0.4186075031757355,1.0,0.9993847002855956,0.9387327111955114,0.9779338014042126,1.0
curriculum-s48,switched,48,7,eng-zho,0.6654964894684052,0.4934804413239719,0.1016285419464111,0.6383888721466064,0.4878897070884704,1.0,0.9972004366513192,0.7571710829100047,0.8741223671013039,1.0
curriculum-s48,switched,48,7,nld-zho,0.5757271815446339,0.4132397191574724,0.0945133566856384,0.6139571666717529,0.4798479676246643,1.0,0.9935443881846342,0.6776092378433992,0.8059177532597793,1.0
curriculum-s48,switched,48,8,eng-nld,0.904714142427282,0.7582748244734203,0.1679470539093017,0.6935119032859802,0.4795666038990021,1.0,0.9994058480662872,0.9360524122572812,0.9754262788365096,1.0
curriculum-s48,switched,48,8,eng-zho,0.6649949849548646,0.4804413239719157,0.120075523853302,0.6370167136192322,0.5651118159294128,1.0,0.9970065819949808,0.7555599950193783,0.866098294884654,1.0
curriculum-s48,switched,48,8,nld-zho,0.5737211634904714,0.4172517552657974,0.1116350293159484,0.6103999018669128,0.5512098073959351,1.0,0.9932714811099966,0.6779324071111299,0.8039117352056169,1.0
curriculum-s48,switched,48,9,eng-nld,0.8941825476429288,0.7602808425275828,0.2083320021629333,0.6978544592857361,0.552778422832489,1.0,0.9992839965680174,0.928624743904917,0.970912738214644,1.0
curriculum-s48,switched,48,9,eng-zho,0.6404212637913741,0.4578736208625877,0.1527127623558044,0.6400807499885559,0.6636958718299866,1.0,0.9967361925132828,0.7408426157127382,0.8575727181544633,1.0
curriculum-s48,switched,48,9,nld-zho,0.5621865596790372,0.4052156469408224,0.143004685640335,0.6136730909347534,0.6581861972808838,1.0,0.99280723697196,0.6692191384559358,0.7968906720160481,1.0
curriculum-s48,switched,48,10,eng-nld,0.8455366098294885,0.6449348044132397,0.2209014892578125,0.6917268633842468,0.657034158706665,1.0,0.9989672833762332,0.8979357512711513,0.9618856569709128,1.0
curriculum-s48,switched,48,10,eng-zho,0.571715145436309,0.3455366098294885,0.163493663072586,0.6369335651397705,0.8227018117904663,1.0,0.9950363137605588,0.6838732101884765,0.816950852557673,1.0
curriculum-s48,switched,48,10,nld-zho,0.4869608826479438,0.3084252758274824,0.1556727886199951,0.6109410524368286,0.811886191368103,0.998995983935743,0.9908213596613132,0.6076988880257443,0.7452357071213641,2.0
curriculum-s48,switched,48,11,eng-nld,0.7833500501504513,0.5075225677031093,0.2095792293548584,0.6784840226173401,0.7503098845481873,1.0,0.9984521838608192,0.8573234743974102,0.9453360080240722,1.0
curriculum-s48,switched,48,11,eng-zho,0.4804413239719157,0.2472417251755265,0.156077891588211,0.6203544735908508,1.0000128746032717,0.998995983935743,0.991163248782492,0.6011067549534677,0.7502507522567703,2.0
curriculum-s48,switched,48,11,nld-zho,0.409729187562688,0.2071213640922768,0.1523827165365219,0.6010371446609497,1.0012167692184448,0.998995983935743,0.9872438600943392,0.5307100736820746,0.6740220661985958,2.0
curriculum-s48,switched,48,12,eng-nld,0.69358074222668,0.3731193580742227,0.1742642819881439,0.6717313528060913,0.7656329274177551,1.0,0.9974698190958418,0.7932971320261523,0.9107321965897692,1.0
curriculum-s48,switched,48,12,eng-zho,0.3390170511534603,0.137913741223671,0.1280159056186676,0.5991337895393372,1.112351894378662,0.997991967871486,0.9773527409537852,0.4549539115757893,0.5842527582748245,3.0
curriculum-s48,switched,48,12,nld-zho,0.2808425275827482,0.1178535606820461,0.1220988780260086,0.5842044949531555,1.1150342226028442,0.9959839357429718,0.9718709340874028,0.3960531108769153,0.5145436308926781,5.0
curriculum-s49,switched,49,0,eng-nld,0.4638916750250752,0.245235707121364,0.0861977338790893,0.6577012538909912,0.5611550807952881,0.998995983935743,0.9647169419906304,0.5418652134419893,0.6258776328986961,2.0
curriculum-s49,switched,49,0,eng-zho,0.0551654964894684,0.0255767301905717,0.0460953414440155,0.5323320627212524,0.9501370191574096,0.9216867469879518,0.8528512243557983,0.1043382925249104,0.1344032096288866,79.0
curriculum-s49,switched,49,0,nld-zho,0.0586760280842527,0.0260782347041123,0.0451558232307434,0.5134389996528625,0.9636961221694946,0.9096385542168676,0.8365004652511752,0.1032356443145317,0.1273821464393179,91.0
curriculum-s49,switched,49,1,eng-nld,0.7978936810431294,0.6053159478435306,0.1024182438850402,0.6543833613395691,0.3776942193508148,1.0,0.996496517665446,0.8490898902085343,0.9072216649949848,1.0
curriculum-s49,switched,49,1,eng-zho,0.3385155466399198,0.1614844533600802,0.0689592957496643,0.5686758160591125,0.4832918345928192,0.997991967871486,0.977759583972802,0.4535163856030726,0.5882647943831495,3.0
curriculum-s49,switched,49,1,nld-zho,0.279839518555667,0.148445336008024,0.0629767775535583,0.5547922253608704,0.4870718717575073,0.9959839357429718,0.967895151317406,0.3899016672501622,0.5050150451354062,5.0
curriculum-s49,switched,49,2,eng-nld,0.778335005015045,0.5772316950852558,0.059854507446289,0.7094075679779053,0.2812507152557373,1.0,0.995694412554934,0.82988665197504,0.8901705115346038,1.0
curriculum-s49,switched,49,2,eng-zho,0.3244734202607823,0.1318956870611835,0.044118583202362,0.6180847883224487,0.3701138794422149,0.9969879518072288,0.9786543365034864,0.4450694365686043,0.5827482447342026,4.0
curriculum-s49,switched,49,2,nld-zho,0.2678034102306921,0.1328986960882648,0.0405436158180236,0.6108752489089966,0.3728533685207367,0.9959839357429718,0.9688216255191276,0.3822776913507977,0.5035105315947843,5.0
curriculum-s49,switched,49,3,eng-nld,0.808926780341023,0.6589769307923772,0.0813013315200805,0.6623751521110535,0.3066840767860412,1.0,0.9975287307706252,0.8594215699975796,0.921765295887663,1.0
curriculum-s49,switched,49,3,eng-zho,0.40320962888666,0.2422266800401203,0.0594927668571472,0.5820850133895874,0.3883216381072998,0.998995983935743,0.985764522483112,0.5260345673504592,0.6680040120361084,2.0
curriculum-s49,switched,49,3,nld-zho,0.3229689067201605,0.2076228686058174,0.056525707244873,0.5647571682929993,0.3860878050327301,0.9969879518072288,0.978170455140522,0.4426675327660964,0.5777331995987964,4.0
curriculum-s49,switched,49,4,eng-nld,0.8721163490471414,0.7527582748244734,0.0903433561325073,0.6715635657310486,0.3118937909603119,1.0,0.9989340511494322,0.9120953601051718,0.9598796389167502,1.0
curriculum-s49,switched,49,4,eng-zho,0.5155466399197592,0.3375125376128385,0.0661801099777221,0.5933855772018433,0.3838924169540405,1.0,0.9921879091088526,0.6228316178204419,0.7557673019057172,1.0
curriculum-s49,switched,49,4,nld-zho,0.4237713139418255,0.2888665997993982,0.0601400136947631,0.5802918672561646,0.376609593629837,0.998995983935743,0.9864286635005418,0.5414536816972789,0.6800401203610833,2.0
curriculum-s49,switched,49,5,eng-nld,0.8986960882647944,0.7803410230692076,0.08807373046875,0.6841208338737488,0.3228752911090851,1.0,0.9992477432296888,0.932692273634168,0.9744232698094284,1.0
curriculum-s49,switched,49,5,eng-zho,0.5737211634904714,0.372617853560682,0.0638357400894165,0.6106207370758057,0.3920587301254272,1.0,0.9953162700954268,0.6826346353726801,0.8119358074222668,1.0
curriculum-s49,switched,49,5,nld-zho,0.4844533600802407,0.3164493480441324,0.0577839612960815,0.5899627208709717,0.3881557881832123,0.998995983935743,0.990308274220251,0.6015398543520278,0.7382146439317954,2.0
curriculum-s49,switched,49,6,eng-nld,0.917753259779338,0.7973921765295888,0.1171169281005859,0.6802669763565063,0.3653808832168579,1.0,0.9995196432671508,0.9451794618354062,0.9784353059177532,1.0
curriculum-s49,switched,49,6,eng-zho,0.6574724172517552,0.4473420260782347,0.0836012363433837,0.616314709186554,0.4311504364013672,1.0,0.9973348761142866,0.7497726271909776,0.8716148445336008,1.0
curriculum-s49,switched,49,6,nld-zho,0.5571715145436309,0.3886659979939819,0.0749956965446472,0.5885331034660339,0.4235425293445587,1.0,0.9933923255710908,0.6653306025173649,0.7903711133400201,1.0
curriculum-s49,switched,49,7,eng-nld,0.9007021063189569,0.7908726178535607,0.1481241583824157,0.6910980939865112,0.4286521673202514,1.0,0.9995251819716175,0.9344493644260116,0.9754262788365096,1.0
curriculum-s49,switched,49,7,eng-zho,0.6835506519558676,0.5020060180541625,0.1106231212615966,0.634045422077179,0.4989258348941803,1.0,0.9976289309696156,0.7747755024243521,0.8946840521564694,1.0
curriculum-s49,switched,49,7,nld-zho,0.5732196589769307,0.4297893681043129,0.1017053127288818,0.6042426824569702,0.4950867295265198,1.0,0.994129476783765,0.6815015491802582,0.8129388164493481,1.0
curriculum-s49,switched,49,8,eng-nld,0.8941825476429288,0.7903711133400201,0.1921998858451843,0.6971407532691956,0.4964942336082458,1.0,0.999429513439918,0.9289351899117154,0.9714142427281846,1.0
curriculum-s49,switched,49,8,eng-zho,0.676529588766299,0.5120361083249749,0.1392554640769958,0.6351426243782043,0.5700646638870239,1.0,0.9974939879880604,0.772373192184105,0.892678034102307,1.0
curriculum-s49,switched,49,8,nld-zho,0.5737211634904714,0.4498495486459378,0.130508154630661,0.602824330329895,0.5689951181411743,1.0,0.9942201101295854,0.6808078630166489,0.8099297893681043,1.0
curriculum-s49,switched,49,9,eng-nld,0.8831494483450351,0.7437311935807422,0.2150530219078064,0.7003159523010254,0.5626369714736938,1.0,0.9992890317538964,0.9218851815495596,0.9674022066198597,1.0
curriculum-s49,switched,49,9,eng-zho,0.6379137412236711,0.428284854563691,0.1579841673374176,0.63815838098526,0.676188588142395,1.0,0.9966319641655892,0.7371444452627369,0.866098294884654,1.0
curriculum-s49,switched,49,9,nld-zho,0.5426278836509528,0.4087261785356068,0.1453463435173034,0.6116259098052979,0.6688054800033569,1.0,0.9939310904601356,0.6582824011298541,0.8059177532597793,1.0
curriculum-s49,switched,49,10,eng-nld,0.8380140421263791,0.6399197592778335,0.2235444784164428,0.6907658576965332,0.6557376980781555,1.0,0.998747749271912,0.8906843131267504,0.9553660982948846,1.0
curriculum-s49,switched,49,10,eng-zho,0.5446339017051154,0.3174523570712136,0.160189002752304,0.6338021159172058,0.8241164088249207,1.0,0.9943031906965876,0.6608563987201156,0.8054162487462387,1.0
curriculum-s49,switched,49,10,nld-zho,0.4759277833500501,0.2968906720160481,0.1519367843866348,0.603898823261261,0.8203193545341492,0.998995983935743,0.991541391241999,0.5961028410356859,0.7387161484453361,2.0
curriculum-s49,switched,49,11,eng-nld,0.7683049147442327,0.5120361083249749,0.2115431725978851,0.6813246011734009,0.7307913303375244,1.0,0.9979793799067884,0.8449372691640793,0.9423269809428284,1.0
curriculum-s49,switched,49,11,eng-zho,0.4277833500501504,0.2036108324974924,0.1509150266647339,0.618006706237793,0.9970223903656006,0.998995983935743,0.9897448369203998,0.553683429881918,0.7046138415245737,2.0
curriculum-s49,switched,49,11,nld-zho,0.3901705115346038,0.1955867602808425,0.1470614373683929,0.5935011506080627,0.9970285296440125,0.998995983935743,0.986576697965382,0.512795823766716,0.6559679037111334,2.0
curriculum-s49,switched,49,12,eng-nld,0.6705115346038114,0.3671013039117352,0.1723595559597015,0.6708587408065796,0.7599586248397827,1.0,0.9967724458516112,0.7765858831784334,0.9152457372116348,1.0
curriculum-s49,switched,49,12,eng-zho,0.2993981945837513,0.1328986960882648,0.123960830271244,0.5914363265037537,1.1288636922836304,0.9969879518072288,0.9746876170680716,0.4150593614529357,0.5406218655967904,4.0
curriculum-s49,switched,49,12,nld-zho,0.2627883650952858,0.1033099297893681,0.1210521608591079,0.5696452260017395,1.1279559135437012,0.9949799196787148,0.9712359971480706,0.3802545252440905,0.4969909729187562,6.0
curriculum_noswitch,noswitch,42,0,eng-nld,0.3365095285857573,0.1805416248746238,0.0715528726577758,0.6375827789306641,0.5914081335067749,0.9929718875502008,0.9138545153532888,0.4010769095425998,0.4618856569709127,8.0
curriculum_noswitch,noswitch,42,0,eng-zho,0.0265797392176529,0.0215646940822467,0.0298410654067993,0.4849568605422973,1.027666449546814,0.7645582329317269,0.6982594369453743,0.0481589041483296,0.0521564694082246,235.5
curriculum_noswitch,noswitch,42,0,nld-zho,0.029087261785356,0.014543630892678,0.0278225392103195,0.4730617702007293,1.0453532934188845,0.7424698795180723,0.6877766834640467,0.050701525206217,0.059679037111334,257.5
curriculum_noswitch,noswitch,42,1,eng-nld,0.6369107321965898,0.4212637913741223,0.0994377136230468,0.5854887962341309,0.4278425872325897,1.0,0.9875046827228674,0.7086772705956395,0.7948846539618857,1.0
curriculum_noswitch,noswitch,42,1,eng-zho,0.0581745235707121,0.0315947843530591,0.0319194793701171,0.4841171205043793,0.5826115012168884,0.8619477911646587,0.7749745219594526,0.0908586462195941,0.1068204613841524,138.5
curriculum_noswitch,noswitch,42,1,nld-zho,0.0486459378134403,0.0300902708124373,0.0314199328422546,0.4772376120090484,0.5929686427116394,0.8604417670682731,0.7698658223666985,0.0828003616826884,0.0992978936810431,140.0
curriculum_noswitch,noswitch,42,2,eng-nld,0.6374122367101305,0.376629889669007,0.0592707991600036,0.6751024723052979,0.3344402313232422,1.0,0.9902513766198192,0.7109160770512444,0.7948846539618857,1.0
curriculum_noswitch,noswitch,42,2,eng-zho,0.0536609829488465,0.0285857572718154,0.0250600576400756,0.5730857253074646,0.4424783587455749,0.9006024096385542,0.8272523393473593,0.0975239073457387,0.1198595787362086,100.0
curriculum_noswitch,noswitch,42,2,nld-zho,0.0461384152457372,0.0235707121364092,0.0243198871612548,0.5755372047424316,0.4448631703853607,0.9036144578313252,0.8187317978030477,0.086907944396657,0.107321965897693,97.0
curriculum_noswitch,noswitch,42,3,eng-nld,0.6905717151454362,0.4749247743229688,0.0707214474678039,0.6488262414932251,0.334700733423233,1.0,0.9932019955448674,0.7623317404093941,0.8470411233701103,1.0
curriculum_noswitch,noswitch,42,3,eng-zho,0.0616850551654964,0.0361083249749247,0.0292946100234985,0.5422929525375366,0.4600381553173065,0.9226907630522088,0.8430869918993931,0.1075121082605214,0.1334002006018054,78.0
curriculum_noswitch,noswitch,42,3,nld-zho,0.0511534603811434,0.0265797392176529,0.0280061364173889,0.5344460606575012,0.4648880064487457,0.9146586345381528,0.832452175804522,0.0961352894439045,0.1208625877632898,86.0
curriculum_noswitch,noswitch,42,4,eng-nld,0.7853560682046139,0.6133400200601806,0.0902155637741088,0.6430177688598633,0.3347053229808807,1.0,0.9964486833995964,0.8422215451130444,0.916248746238716,1.0
curriculum_noswitch,noswitch,42,4,eng-zho,0.0616850551654964,0.0396188565697091,0.0324213504791259,0.533259928226471,0.4781206846237182,0.92570281124498,0.8463860456872626,0.1084475906181383,0.1364092276830491,75.0
curriculum_noswitch,noswitch,42,4,nld-zho,0.0546639919759277,0.0336008024072216,0.032128632068634,0.5185993313789368,0.4852691888809204,0.9216867469879518,0.8376953148602434,0.1015530186697214,0.1278836509528585,79.0
curriculum_noswitch,noswitch,42,5,eng-nld,0.824974924774323,0.6599799398194583,0.0957533717155456,0.6611436605453491,0.338501363992691,1.0,0.9974008370493004,0.8715073774530679,0.928284854563691,1.0
curriculum_noswitch,noswitch,42,5,eng-zho,0.0591775325977933,0.0336008024072216,0.0327985882759094,0.5438368916511536,0.4874309003353119,0.9201807228915664,0.8396409106838587,0.1052129158159864,0.133901705115346,80.5
curriculum_noswitch,noswitch,42,5,nld-zho,0.0526579739217652,0.0315947843530591,0.0299880504608154,0.5255866050720215,0.4894415140151977,0.9206827309236948,0.8344894120111338,0.099532851075959,0.1223671013039117,80.0
curriculum_noswitch,noswitch,42,6,eng-nld,0.8420260782347041,0.6760280842527583,0.1042747497558593,0.6658936738967896,0.3473241925239563,1.0,0.9982240899405044,0.8875160156704793,0.9433299899699096,1.0
curriculum_noswitch,noswitch,42,6,eng-zho,0.0576730190571715,0.0285857572718154,0.0324001312255859,0.5491523146629333,0.5178635716438293,0.9166666666666666,0.8382960125355987,0.105916535255852,0.1349047141424272,84.0
curriculum_noswitch,noswitch,42,6,nld-zho,0.0571715145436309,0.0280842527582748,0.0310233831405639,0.529891848564148,0.5136522650718689,0.92570281124498,0.8378458669180232,0.1042752710969906,0.1288866599799398,75.0
curriculum_noswitch,noswitch,42,7,eng-nld,0.8545636910732197,0.6990972918756269,0.128322958946228,0.6717602014541626,0.3910896480083465,1.0,0.9986002183256596,0.8972594318130962,0.9478435305917752,1.0
curriculum_noswitch,noswitch,42,7,eng-zho,0.0611835506519558,0.0295887662988966,0.031976580619812,0.5529482960700989,0.5685110688209534,0.9116465863453816,0.8262327142068777,0.1051052137677688,0.1334002006018054,89.0
curriculum_noswitch,noswitch,42,7,nld-zho,0.0566700100300902,0.0265797392176529,0.0317168831825256,0.5321057438850403,0.5673286318778992,0.9201807228915664,0.8291153581225604,0.1041239288757684,0.1328986960882648,80.5
curriculum_noswitch,noswitch,42,8,eng-nld,0.8405215646940822,0.6710130391173521,0.1576805710792541,0.6750146150588989,0.4678258895874023,1.0,0.998350976624653,0.8887711908057064,0.9503510531594784,1.0
curriculum_noswitch,noswitch,42,8,eng-zho,0.055667001003009,0.0280842527582748,0.0354900062084198,0.5633479952812195,0.6422461271286011,0.9016064257028112,0.8169236625539268,0.0982265516247504,0.1233701103309929,99.0
curriculum_noswitch,noswitch,42,8,nld-zho,0.0561685055165496,0.0295887662988966,0.0346584022045135,0.5426532030105591,0.6419562101364136,0.9136546184738956,0.8225051661007119,0.1008303771380785,0.1253761283851554,87.0
curriculum_noswitch,noswitch,42,9,eng-nld,0.8214643931795387,0.6389167502507522,0.1773503422737121,0.6769384145736694,0.5316909551620483,1.0,0.9980347669514568,0.8730456389210489,0.9433299899699096,1.0
curriculum_noswitch,noswitch,42,9,eng-zho,0.0491474423269809,0.0245737211634904,0.0367264747619628,0.570040225982666,0.728216826915741,0.8895582329317269,0.8002174193262518,0.0897423744431751,0.1143430290872617,111.0
curriculum_noswitch,noswitch,42,9,nld-zho,0.047642928786359,0.0265797392176529,0.0359050631523132,0.5524132251739502,0.7233856916427612,0.9066265060240964,0.8117585688793286,0.092412711944632,0.1168505516549649,94.0
curriculum_noswitch,noswitch,42,10,eng-nld,0.7627883650952858,0.5150451354062187,0.1862417757511139,0.6754175424575806,0.6223750710487366,1.0,0.9974330622389256,0.8335792775321688,0.9207622868605816,1.0
curriculum_noswitch,noswitch,42,10,eng-zho,0.0466399197592778,0.0190571715145436,0.0346075147390365,0.5696727633476257,0.8448987603187561,0.8785140562248996,0.7844044180734977,0.0857601876965219,0.107321965897693,122.0
curriculum_noswitch,noswitch,42,10,nld-zho,0.0401203610832497,0.0235707121364092,0.0354766398668289,0.5546535849571228,0.8312442898750305,0.891566265060241,0.7936762093509444,0.082646598052262,0.111334002006018,109.0
curriculum_noswitch,noswitch,42,11,eng-nld,0.6960882647943831,0.4007021063189568,0.1805089712142944,0.6678106188774109,0.7126398086547852,1.0,0.996543848412708,0.7867792443518817,0.8956870611835507,1.0
curriculum_noswitch,noswitch,42,11,eng-zho,0.0356068204613841,0.0170511534603811,0.0327052250504493,0.5594213604927063,0.9997456669807434,0.8433734939759037,0.7542622848465075,0.0701008042519012,0.0877632898696088,157.0
curriculum_noswitch,noswitch,42,11,nld-zho,0.0280842527582748,0.0155466399197592,0.0322200916707515,0.5446538925170898,0.9917492866516112,0.8514056224899599,0.7565190551574402,0.0628084501781482,0.0822467402206619,149.0
curriculum_noswitch,noswitch,42,12,eng-nld,0.6193580742226681,0.3194583751253761,0.1538543701171875,0.6616936326026917,0.7241005301475525,1.0,0.994637527038948,0.7270274256363853,0.8575727181544633,1.0
curriculum_noswitch,noswitch,42,12,eng-zho,0.0260782347041123,0.0115346038114343,0.0260855481028556,0.5383414030075073,1.1252524852752686,0.7881526104417671,0.7030715640898599,0.0553715771363284,0.074222668004012,212.0
curriculum_noswitch,noswitch,42,12,nld-zho,0.0205616850551654,0.0085255767301905,0.0243231691420078,0.5228495001792908,1.1229889392852783,0.7801204819277109,0.6954659158197484,0.047762028217301,0.0571715145436308,220.0
curriculum_noswitch-s43,noswitch,43,0,eng-nld,0.3335005015045135,0.1815446339017051,0.0659453868865966,0.6240594983100891,0.5878005623817444,0.9909638554216867,0.9085182253588072,0.3935529043237693,0.4463390170511535,10.0
curriculum_noswitch-s43,noswitch,43,0,eng-zho,0.0245737211634904,0.0170511534603811,0.0273074209690094,0.464632898569107,1.038771390914917,0.7479919678714859,0.6850687604983626,0.0460598606444331,0.0551654964894684,252.0
curriculum_noswitch-s43,noswitch,43,0,nld-zho,0.0270812437311935,0.0150451354062186,0.0253424644470214,0.4585385918617248,1.0512375831604004,0.7143574297188755,0.665319754444055,0.0467034221903204,0.0536609829488465,285.5
curriculum_noswitch-s43,noswitch,43,1,eng-nld,0.648445336008024,0.4207622868605817,0.1108550429344177,0.5604705214500427,0.4463369846343994,1.0,0.985764522483112,0.7168987626373537,0.79839518555667,1.0
curriculum_noswitch-s43,noswitch,43,1,eng-zho,0.0526579739217653,0.0295887662988966,0.032555878162384,0.4678334295749664,0.5811809301376343,0.8624497991967872,0.7699141601511361,0.0866456161471288,0.1018054162487462,138.0
curriculum_noswitch-s43,noswitch,43,1,nld-zho,0.0486459378134403,0.0245737211634904,0.0280061364173889,0.4623700976371765,0.5896655917167664,0.821285140562249,0.7355203159679843,0.078568846175868,0.092778335005015,179.0
curriculum_noswitch-s43,noswitch,43,2,eng-nld,0.5952858575727182,0.3460381143430291,0.0608280897140502,0.6399381160736084,0.3533911406993866,1.0,0.9878631879574464,0.6841125554603975,0.7853560682046138,1.0
curriculum_noswitch-s43,noswitch,43,2,eng-zho,0.051654964894684,0.0240722166499498,0.0248093605041503,0.5396109223365784,0.4522665441036224,0.8985943775100401,0.8174845822608388,0.0899505094035489,0.1048144433299899,102.0
curriculum_noswitch-s43,noswitch,43,2,nld-zho,0.0396188565697091,0.0215646940822467,0.0221696496009826,0.5490425825119019,0.4521757960319519,0.8624497991967872,0.7858293756772324,0.074647759805277,0.0907723169508525,138.0
curriculum_noswitch-s43,noswitch,43,3,eng-nld,0.6514543630892677,0.4277833500501504,0.0653333067893982,0.6554467082023621,0.3356961905956268,1.0,0.9922835776405522,0.7324513396708887,0.8299899699097292,1.0
curriculum_noswitch-s43,noswitch,43,3,eng-zho,0.0561685055165496,0.033099297893681,0.0276596546173095,0.5511749386787415,0.4514229893684387,0.9166666666666666,0.8397889451486992,0.0993842031894858,0.1243731193580742,84.0
curriculum_noswitch-s43,noswitch,43,3,nld-zho,0.0451354062186559,0.0265797392176529,0.0246199965476989,0.5510025024414062,0.4498389661312103,0.8900602409638554,0.8115878760780333,0.0844702809609679,0.1063189568706118,110.5
curriculum_noswitch-s43,noswitch,43,4,eng-nld,0.7191574724172518,0.5341023069207623,0.0795984268188476,0.6425885558128357,0.317638486623764,1.0,0.9947518257583996,0.7871582874198089,0.8686058174523571,1.0
curriculum_noswitch-s43,noswitch,43,4,eng-zho,0.059679037111334,0.0361083249749247,0.0298277139663696,0.5397701859474182,0.4532325267791748,0.9216867469879518,0.8436725840171115,0.106190159253892,0.1344032096288866,79.0
curriculum_noswitch-s43,noswitch,43,4,nld-zho,0.0506519558676028,0.0305917753259779,0.029106318950653,0.5237787961959839,0.4449596107006073,0.8990963855421686,0.8187635194740849,0.0910788667660822,0.1088264794383149,101.5
curriculum_noswitch-s43,noswitch,43,5,eng-nld,0.7703109327983952,0.6018054162487463,0.0785979628562927,0.6609874963760376,0.2984115779399872,1.0,0.996955726617604,0.8330536649406727,0.9092276830491476,1.0
curriculum_noswitch-s43,noswitch,43,5,eng-zho,0.0611835506519558,0.0386158475426278,0.0283030271530151,0.5468255877494812,0.4438723921775818,0.927710843373494,0.8472027528368238,0.1114933705262036,0.1429287863590772,73.0
curriculum_noswitch-s43,noswitch,43,5,nld-zho,0.0506519558676028,0.0315947843530591,0.0260870456695556,0.5323479175567627,0.4395245313644409,0.9016064257028112,0.8200107350162938,0.0933752500364341,0.1158475426278836,99.0
curriculum_noswitch-s43,noswitch,43,6,eng-nld,0.8400200601805417,0.6920762286860582,0.0888810157775878,0.6732356548309326,0.2992611527442932,1.0,0.9982880368011666,0.886497135316107,0.944332998996991,1.0
curriculum_noswitch-s43,noswitch,43,6,eng-zho,0.0646940822467402,0.0406218655967903,0.0289703607559204,0.5564005374908447,0.456812709569931,0.92570281124498,0.8425603114564577,0.1163043090626693,0.1494483450351053,75.0
curriculum_noswitch-s43,noswitch,43,6,nld-zho,0.055667001003009,0.0315947843530591,0.0260648727416992,0.539405345916748,0.4497914910316467,0.8920682730923695,0.812701155675863,0.0965649870264923,0.1143430290872617,108.5
curriculum_noswitch-s43,noswitch,43,7,eng-nld,0.8390170511534604,0.6624874623871615,0.1066974401473999,0.6709727048873901,0.3526068031787872,1.0,0.9983157303235006,0.885763437686252,0.946840521564694,1.0
curriculum_noswitch-s43,noswitch,43,7,eng-zho,0.055667001003009,0.0351053159478435,0.0290780663490295,0.5619675517082214,0.5235229134559631,0.9076305220883534,0.8213757739080696,0.1029885747011108,0.137913741223671,93.0
curriculum_noswitch-s43,noswitch,43,7,nld-zho,0.0461384152457372,0.025075225677031,0.0245219469070434,0.5445803999900818,0.5189638137817383,0.8775100401606426,0.7894124139486733,0.0842295567265586,0.1008024072216649,123.0
curriculum_noswitch-s43,noswitch,43,8,eng-nld,0.8094282848545638,0.5997993981945837,0.1441767811775207,0.6641814112663269,0.4505839347839355,1.0,0.99811281233258,0.8659355975877275,0.9332998996990972,1.0
curriculum_noswitch-s43,noswitch,43,8,eng-zho,0.0481444332998997,0.0235707121364092,0.0326708257198333,0.5626577138900757,0.6265232563018799,0.8885542168674698,0.7951424554788864,0.0891935207714674,0.1103309929789368,112.0
curriculum_noswitch-s43,noswitch,43,8,nld-zho,0.0351053159478435,0.0215646940822467,0.0271129608154296,0.5406733751296997,0.6146076917648315,0.856425702811245,0.7676130802044688,0.0717297008093872,0.0902708124373119,144.0
curriculum_noswitch-s43,noswitch,43,9,eng-nld,0.7848545636910733,0.5315947843530592,0.1709967255592346,0.6737909317016602,0.5481814742088318,1.0,0.9980730343641364,0.849502197584225,0.925777331995988,1.0
curriculum_noswitch-s43,noswitch,43,9,eng-zho,0.0451354062186559,0.0220661985957873,0.0314243137836456,0.5646299719810486,0.7215616703033447,0.8709839357429718,0.780792175723959,0.083932991186238,0.1063189568706118,129.5
curriculum_noswitch-s43,noswitch,43,9,nld-zho,0.0341023069207622,0.0175526579739217,0.0267349779605865,0.5441896319389343,0.7106142044067383,0.8353413654618473,0.7541394263110617,0.0681657883429821,0.0872617853560682,165.0
curriculum_noswitch-s43,noswitch,43,10,eng-nld,0.7271815446339017,0.436308926780341,0.1777463555335998,0.6737173199653625,0.6239120960235596,1.0,0.9976233922651488,0.8103006644137781,0.9152457372116348,1.0
curriculum_noswitch-s43,noswitch,43,10,eng-zho,0.0351053159478435,0.0170511534603811,0.0315838456153869,0.5673669576644897,0.8429407477378845,0.8458835341365462,0.7587476284274509,0.0723901442615059,0.0932798395185556,154.5
curriculum_noswitch-s43,noswitch,43,10,nld-zho,0.0270812437311935,0.0135406218655967,0.0269742161035537,0.5507275462150574,0.8300157785415649,0.8318273092369478,0.7467054778794214,0.0598377472273065,0.0762286860581745,168.5
curriculum_noswitch-s43,noswitch,43,11,eng-nld,0.6519558676028083,0.3640922768304915,0.1752764284610748,0.6676760315895081,0.7027778029441833,1.0,0.9966385099072316,0.7595063665668426,0.8901705115346038,1.0
curriculum_noswitch-s43,noswitch,43,11,eng-zho,0.0325977933801404,0.0140421263791374,0.0286097824573516,0.5603935718536377,1.008237600326538,0.8042168674698795,0.7195315867280556,0.0606848626945256,0.0722166499498495,196.0
curriculum_noswitch-s43,noswitch,43,11,nld-zho,0.0200601805416248,0.0090270812437311,0.0241824835538864,0.5452153086662292,0.9945380687713624,0.7816265060240963,0.7071440224287321,0.0473561612183062,0.0591775325977933,218.5
curriculum_noswitch-s43,noswitch,43,12,eng-nld,0.5762286860581746,0.3034102306920762,0.147242784500122,0.6593648791313171,0.7234694361686707,1.0,0.9948308781766988,0.7021182177255544,0.8535606820461384,1.0
curriculum_noswitch-s43,noswitch,43,12,eng-zho,0.0240722166499498,0.0115346038114343,0.0229016374796628,0.5427724123001099,1.1362860202789309,0.751004016064257,0.6773191059121138,0.0496154030915593,0.0626880641925777,249.0
curriculum_noswitch-s43,noswitch,43,12,nld-zho,0.0160481444332999,0.0055165496489468,0.0200551375746727,0.5279437303543091,1.12608540058136,0.7213855421686748,0.6590796485843072,0.0368281633306334,0.0426278836509528,278.5
curriculum_noswitch-s44,noswitch,44,0,eng-nld,0.331494483450351,0.1805416248746238,0.065863013267517,0.6383822560310364,0.5764661431312561,0.9929718875502008,0.912558962026642,0.395299400002327,0.4568706118355065,8.0
curriculum_noswitch-s44,noswitch,44,0,eng-zho,0.0275827482447342,0.018555667001003,0.0273838639259338,0.4935733675956726,0.9961941838264464,0.7590361445783133,0.6956653091805537,0.0480033096431156,0.0536609829488465,241.0
curriculum_noswitch-s44,noswitch,44,0,nld-zho,0.0280842527582748,0.0155466399197592,0.0269791185855865,0.4834611117839813,1.0083378553390503,0.7570281124497992,0.6921472248069509,0.0497267505886476,0.0611835506519558,243.0
curriculum_noswitch-s44,noswitch,44,1,eng-nld,0.6534603811434303,0.428284854563691,0.1071970462799072,0.5791128277778625,0.4370106160640716,1.0,0.9892518922228534,0.7227093804957245,0.8014042126379137,1.0
curriculum_noswitch-s44,noswitch,44,1,eng-zho,0.0576730190571715,0.0406218655967903,0.0359885692596435,0.4790732562541961,0.5692293047904968,0.8795180722891567,0.7951902897447362,0.0957157509118154,0.1158475426278836,121.0
curriculum_noswitch-s44,noswitch,44,1,nld-zho,0.0541624874623871,0.0346038114343029,0.0335108637809753,0.4782610237598419,0.5897597670555115,0.8699799196787148,0.7801043693328983,0.0888490166607686,0.1053159478435305,130.5
curriculum_noswitch-s44,noswitch,44,2,eng-nld,0.6018054162487463,0.3415245737211635,0.0576574206352233,0.671159029006958,0.3461513817310333,1.0,0.9892987194515273,0.684133654735477,0.7768304914744233,1.0
curriculum_noswitch-s44,noswitch,44,2,eng-zho,0.0591775325977933,0.0295887662988966,0.0251591801643371,0.5643454194068909,0.4324592351913452,0.908132530120482,0.8376394242969875,0.101439282114341,0.1278836509528585,92.5
curriculum_noswitch-s44,noswitch,44,2,nld-zho,0.051654964894684,0.029087261785356,0.0247700214385986,0.568898618221283,0.4416038393974304,0.8975903614457832,0.8194185971569327,0.0935555795535778,0.1173520561685055,103.0
curriculum_noswitch-s44,noswitch,44,3,eng-nld,0.6850551654964895,0.4488465396188565,0.0670869350433349,0.6648077368736267,0.3364427387714386,1.0,0.993764425807543,0.7602820567108272,0.8550651955867603,1.0
curriculum_noswitch-s44,noswitch,44,3,eng-zho,0.0692076228686058,0.0391173520561685,0.0287098884582519,0.5571470856666565,0.4404891729354858,0.927710843373494,0.8579569028370251,0.1177037637745759,0.148445336008024,73.0
curriculum_noswitch-s44,noswitch,44,3,nld-zho,0.0591775325977933,0.0300902708124373,0.0271607637405395,0.5526010394096375,0.4494560062885284,0.9166666666666666,0.8383322658739271,0.1038324415837377,0.1313941825476429,84.0
curriculum_noswitch-s44,noswitch,44,4,eng-nld,0.7577733199598797,0.5692076228686058,0.0814279913902282,0.6502330303192139,0.3276867270469665,1.0,0.996338916347436,0.820082177350722,0.8956870611835507,1.0
curriculum_noswitch-s44,noswitch,44,4,eng-zho,0.0727181544633901,0.0446339017051153,0.0353413224220275,0.5473140478134155,0.4555875658988952,0.9327309236947792,0.8604417670682731,0.1235479961537446,0.1544633901705115,68.0
curriculum_noswitch-s44,noswitch,44,4,nld-zho,0.055667001003009,0.0356068204613841,0.0313271284103393,0.5326071381568909,0.4548908472061157,0.9156626506024096,0.8441156803744566,0.1016434437757129,0.1288866599799398,85.0
curriculum_noswitch-s44,noswitch,44,5,eng-nld,0.8019057171514543,0.6394182547642928,0.0833995342254638,0.6580753922462463,0.3173551261425018,1.0,0.9972714327722122,0.8543190129240377,0.9137412236710132,1.0
curriculum_noswitch-s44,noswitch,44,5,eng-zho,0.0777331995987963,0.0491474423269809,0.0325821638107299,0.5532156229019165,0.4523707032203674,0.933734939759036,0.8592710863514238,0.1275152609055538,0.1554663991975927,67.0
curriculum_noswitch-s44,noswitch,44,5,nld-zho,0.0581745235707121,0.0386158475426278,0.0304582715034484,0.5312736630439758,0.4534777104854584,0.9116465863453816,0.8399722259146919,0.1024505873263132,0.1248746238716148,89.0
curriculum_noswitch-s44,noswitch,44,6,eng-nld,0.8380140421263791,0.6599799398194583,0.0951645970344543,0.6637087464332581,0.3515921533107757,1.0,0.9979340632338782,0.8826530778111622,0.9398194583751254,1.0
curriculum_noswitch-s44,noswitch,44,6,eng-zho,0.0762286860581745,0.0386158475426278,0.0313144922256469,0.5537458658218384,0.4944360852241516,0.9327309236947792,0.8560395040543317,0.127815476250698,0.1609829488465396,68.0
curriculum_noswitch-s44,noswitch,44,6,nld-zho,0.0571715145436309,0.0366098294884654,0.0286499261856079,0.5293176174163818,0.4890711903572082,0.9116465863453816,0.8313534982457412,0.102367650850616,0.1303911735205616,89.0
curriculum_noswitch-s44,noswitch,44,7,eng-nld,0.8304914744232699,0.6243731193580743,0.1126021742820739,0.6633172631263733,0.3985297977924347,1.0,0.9981999210482854,0.8786167863353664,0.9383149448345036,1.0
curriculum_noswitch-s44,noswitch,44,7,eng-zho,0.078234704112337,0.0391173520561685,0.0361260771751403,0.5592775344848633,0.5497046709060669,0.929718875502008,0.8569569149214711,0.1296546579328157,0.1675025075225677,71.0
curriculum_noswitch-s44,noswitch,44,7,nld-zho,0.0561685055165496,0.033099297893681,0.0304841995239257,0.5333017706871033,0.5420584678649902,0.9076305220883534,0.8288087153025342,0.1004661195608834,0.1283851554663992,93.0
curriculum_noswitch-s44,noswitch,44,8,eng-nld,0.8214643931795387,0.6208625877632898,0.1497706174850464,0.6706039905548096,0.4643345773220062,1.0,0.9982482588327232,0.8728325889715731,0.9358074222668004,1.0
curriculum_noswitch-s44,noswitch,44,8,eng-zho,0.0651955867602808,0.0336008024072216,0.0391772985458374,0.5643538236618042,0.6358699202537537,0.9186746987951808,0.842190225294357,0.1131288455191642,0.1399197592778335,82.0
curriculum_noswitch-s44,noswitch,44,8,nld-zho,0.0426278836509528,0.0280842527582748,0.032438576221466,0.5412374138832092,0.6211493015289307,0.8945783132530121,0.813891977136228,0.0848788882247065,0.1053159478435305,106.0
curriculum_noswitch-s44,noswitch,44,9,eng-nld,0.7948846539618857,0.5737211634904714,0.1749124526977539,0.6726813912391663,0.542046308517456,1.0,0.9981118052954042,0.8552233386547894,0.9307923771313942,1.0
curriculum_noswitch-s44,noswitch,44,9,eng-zho,0.0571715145436309,0.0310932798395185,0.0405649840831756,0.5622442960739136,0.7292574048042297,0.9126506024096386,0.8273485113976468,0.1036880430200502,0.1354062186559679,88.0
curriculum_noswitch-s44,noswitch,44,9,nld-zho,0.0366098294884654,0.0215646940822467,0.034170925617218,0.5463413596153259,0.7217711210250854,0.8885542168674698,0.8043951130499933,0.0766880711380128,0.1018054162487462,112.0
curriculum_noswitch-s44,noswitch,44,10,eng-nld,0.7482447342026078,0.4849548645937813,0.1864403784275055,0.6683775782585144,0.634132444858551,1.0,0.9975075829899336,0.8231774579168728,0.9107321965897692,1.0
curriculum_noswitch-s44,noswitch,44,10,eng-zho,0.0546639919759277,0.0230692076228686,0.0408084094524383,0.5630914568901062,0.8543576002120972,0.893574297188755,0.8097983710166644,0.0955881094510417,0.119358074222668,107.0
curriculum_noswitch-s44,noswitch,44,10,nld-zho,0.0300902708124373,0.0155466399197592,0.0329319387674331,0.5474613904953003,0.8486245274543762,0.8634538152610441,0.785486479518878,0.0680262277507484,0.0897693079237713,137.0
curriculum_noswitch-s44,noswitch,44,11,eng-nld,0.6890672016048145,0.4062186559679037,0.1811320781707763,0.6615504026412964,0.7036585807800293,1.0,0.9961254244661696,0.7823499397297609,0.8996990972918756,1.0
curriculum_noswitch-s44,noswitch,44,11,eng-zho,0.0416248746238716,0.0140421263791374,0.0344367958605289,0.5544867515563965,1.0040597915649414,0.8755020080321285,0.7775671391685095,0.0798420670639344,0.1043129388164493,125.0
curriculum_noswitch-s44,noswitch,44,11,nld-zho,0.0270812437311935,0.0110330992978936,0.03060157969594,0.5424065589904785,1.0022181272506714,0.8323293172690763,0.7544803083950649,0.058612414444222,0.0712136409227683,168.0
curriculum_noswitch-s44,noswitch,44,12,eng-nld,0.5917753259779338,0.3214643931795386,0.1494171023368835,0.6520360708236694,0.7245342135429382,1.0,0.9942115503135912,0.7120630812290493,0.8645937813440321,1.0
curriculum_noswitch-s44,noswitch,44,12,eng-zho,0.0280842527582748,0.0085255767301905,0.0294856708496809,0.5275357961654663,1.1279405355453491,0.8293172690763052,0.7330032265471113,0.0584106756893554,0.0717151454363089,171.0
curriculum_noswitch-s44,noswitch,44,12,nld-zho,0.018555667001003,0.0070210631895687,0.0267921797931194,0.520611584186554,1.1239451169967651,0.7951807228915663,0.7175718923839792,0.0449025413299737,0.0541624874623871,205.0
curriculum_noswitch-s45,noswitch,45,0,eng-nld,0.3259779338014042,0.1755265797392176,0.0702826380729675,0.6273364424705505,0.6039098501205444,0.9919678714859438,0.9111365220158468,0.3905879603756856,0.4618856569709127,9.0
curriculum_noswitch-s45,noswitch,45,0,eng-zho,0.0265797392176529,0.018555667001003,0.0290178805589675,0.4719024896621704,1.0440828800201416,0.7600401606425703,0.6969422323194482,0.0490449549037006,0.0586760280842527,240.0
curriculum_noswitch-s45,noswitch,45,0,nld-zho,0.0295887662988966,0.0155466399197592,0.0279862880706787,0.4621403813362121,1.0496089458465576,0.7429718875502008,0.6792269378416373,0.0493655184541226,0.0541624874623871,257.0
curriculum_noswitch-s45,noswitch,45,1,eng-nld,0.6439317953861585,0.4493480441323971,0.1117916703224182,0.5803833603858948,0.4399020075798034,1.0,0.9881713413332366,0.7223455913392322,0.8139418254764292,1.0
curriculum_noswitch-s45,noswitch,45,1,eng-zho,0.0606820461384152,0.0351053159478435,0.0356599986553192,0.4795216917991638,0.6030648946762085,0.8765060240963856,0.7875211981325502,0.0948644350991536,0.1138415245737211,124.0
curriculum_noswitch-s45,noswitch,45,1,nld-zho,0.0531594784353059,0.0346038114343029,0.0364624261856079,0.470242440700531,0.5982261896133423,0.8639558232931727,0.7845952516183088,0.0893174311732361,0.1108324974924774,136.5
curriculum_noswitch-s45,noswitch,45,2,eng-nld,0.6268806419257773,0.3796389167502507,0.0605798959732055,0.6635618209838867,0.3424090445041656,1.0,0.9884296463688252,0.7074259425538889,0.8029087261785356,1.0
curriculum_noswitch-s45,noswitch,45,2,eng-zho,0.0521564694082246,0.0285857572718154,0.0260868072509765,0.5549487471580505,0.4605386257171631,0.8995983935742972,0.8306379983323464,0.0925655357168999,0.1183550651955867,101.0
curriculum_noswitch-s45,noswitch,45,2,nld-zho,0.0566700100300902,0.0361083249749247,0.0271952748298645,0.5629861354827881,0.4389905631542206,0.8945783132530121,0.8213017566756494,0.0962530454472062,0.1163490471414242,106.0
curriculum_noswitch-s45,noswitch,45,3,eng-nld,0.6980942828485457,0.4849548645937813,0.0728278160095214,0.6550697684288025,0.3380362391471863,1.0,0.9933319033405436,0.7661723615327336,0.847542627883651,1.0
curriculum_noswitch-s45,noswitch,45,3,eng-zho,0.0616850551654964,0.0341023069207622,0.0318115949630737,0.5439498424530029,0.4682124257087707,0.927710843373494,0.8522807377957164,0.1100632735691825,0.1399197592778335,73.0
curriculum_noswitch-s45,noswitch,45,3,nld-zho,0.0621865596790371,0.0366098294884654,0.0309584736824035,0.5396093130111694,0.4522334635257721,0.914156626506024,0.8417023157826895,0.1068854979090492,0.1308926780341023,86.5
curriculum_noswitch-s45,noswitch,45,4,eng-nld,0.7537612838515546,0.5792377131394182,0.0888987779617309,0.6398970484733582,0.3353097140789032,1.0,0.9958293555364888,0.8133877171552053,0.8836509528585758,1.0
curriculum_noswitch-s45,noswitch,45,4,eng-zho,0.0687061183550652,0.0381143430290872,0.0352166891098022,0.5249757170677185,0.4730690121650696,0.9377510040160644,0.8593561809927776,0.1211422825803673,0.1534603811434303,63.0
curriculum_noswitch-s45,noswitch,45,4,nld-zho,0.0621865596790371,0.037111334002006,0.0332893133163452,0.5111497044563293,0.459011822938919,0.9206827309236948,0.8453135510950522,0.1081850790888657,0.137913741223671,80.0
curriculum_noswitch-s45,noswitch,45,5,eng-nld,0.7968906720160481,0.6323971915747242,0.0833337903022766,0.6581960320472717,0.3188590705394745,1.0,0.9975478644769652,0.8518610990494615,0.9192577733199598,1.0
curriculum_noswitch-s45,noswitch,45,5,eng-zho,0.0717151454363089,0.0416248746238716,0.0325872302055358,0.5321250557899475,0.4620555341243744,0.9407630522088354,0.8609815389944936,0.1248358835857007,0.160481444332999,60.0
curriculum_noswitch-s45,noswitch,45,5,nld-zho,0.0616850551654964,0.0381143430290872,0.0302591323852539,0.5188015699386597,0.4512756466865539,0.9196787148594378,0.8450084188307896,0.1100944383023502,0.1394182547642928,81.0
curriculum_noswitch-s45,noswitch,45,6,eng-nld,0.8410230692076228,0.6820461384152458,0.0951423645019531,0.6723392009735107,0.3307837843894958,1.0,0.9984426170076496,0.8848650972852786,0.938816449348044,1.0
curriculum_noswitch-s45,noswitch,45,6,eng-zho,0.0767301905717151,0.0396188565697091,0.0338009595870971,0.5456573367118835,0.4877366125583648,0.9347389558232932,0.8613118471881508,0.1295916083240178,0.1654964894684052,66.0
curriculum_noswitch-s45,noswitch,45,6,nld-zho,0.066198595787362,0.0386158475426278,0.0312985777854919,0.5282829403877258,0.4702102839946747,0.9206827309236948,0.845889072841013,0.1124136402178872,0.148445336008024,80.0
curriculum_noswitch-s45,noswitch,45,7,eng-nld,0.8350050150451354,0.664493480441324,0.1128233671188354,0.6831812858581543,0.3864192366600036,1.0,0.998635464626812,0.8841267415129561,0.9438314944834504,1.0
curriculum_noswitch-s45,noswitch,45,7,eng-zho,0.0707121364092276,0.0305917753259779,0.0345074534416198,0.5475682020187378,0.5290080308914185,0.9347389558232932,0.8608637156449267,0.1284756488777697,0.1720160481444333,66.0
curriculum_noswitch-s45,noswitch,45,7,nld-zho,0.0646940822467402,0.033099297893681,0.03177410364151,0.529502272605896,0.5158297419548035,0.9236947791164658,0.8523940294779921,0.1137169452775827,0.1434302908726178,77.0
curriculum_noswitch-s45,noswitch,45,8,eng-nld,0.8319959879638916,0.6594784353059178,0.1436536312103271,0.6741945147514343,0.4522203207015991,1.0,0.9984285184871884,0.879553880206642,0.938816449348044,1.0
curriculum_noswitch-s45,noswitch,45,8,eng-zho,0.0667001003009027,0.0295887662988966,0.0385540127754211,0.5473880171775818,0.6179314851760864,0.9236947791164658,0.8439706670211438,0.1213001202298306,0.1609829488465396,77.0
curriculum_noswitch-s45,noswitch,45,8,nld-zho,0.0541624874623871,0.0285857572718154,0.0352932810783386,0.5166094303131104,0.6042924523353577,0.9126506024096386,0.8387788868613874,0.1011523941746172,0.1288866599799398,88.0
curriculum_noswitch-s45,noswitch,45,9,eng-nld,0.8069207622868606,0.5987963891675026,0.1732337176799774,0.6805365085601807,0.5403517484664917,1.0,0.9982683995762388,0.8619674999512698,0.9307923771313942,1.0
curriculum_noswitch-s45,noswitch,45,9,eng-zho,0.0601805416248746,0.0285857572718154,0.0404684543609619,0.5559432506561279,0.7279749512672424,0.9076305220883534,0.8230283219135317,0.1068230823735949,0.1364092276830491,93.0
curriculum_noswitch-s45,noswitch,45,9,nld-zho,0.0436308926780341,0.0245737211634904,0.0392656028270721,0.5349044799804688,0.7070873975753784,0.9016064257028112,0.8242664741211587,0.0855468926150967,0.1083249749247743,99.0
curriculum_noswitch-s45,noswitch,45,10,eng-nld,0.7592778335005015,0.5070210631895687,0.1824645400047302,0.6778583526611328,0.6264163851737976,1.0,0.9976792828284048,0.8312928742392276,0.917753259779338,1.0
curriculum_noswitch-s45,noswitch,45,10,eng-zho,0.0496489468405215,0.0205616850551654,0.0381150543689727,0.5522931218147278,0.8554220199584961,0.8945783132530121,0.8042586595126746,0.090028767381653,0.1118355065195586,106.0
curriculum_noswitch-s45,noswitch,45,10,nld-zho,0.0421263791374122,0.0200601805416248,0.0376318991184234,0.539069652557373,0.825110673904419,0.8890562248995983,0.8147801839252699,0.0806992212354933,0.0987963891675025,111.5
curriculum_noswitch-s45,noswitch,45,11,eng-nld,0.6905717151454362,0.4067201604814443,0.1780648827552795,0.6667142510414124,0.7035397887229919,1.0,0.9970141347737992,0.7845181958388435,0.8941825476429288,1.0
curriculum_noswitch-s45,noswitch,45,11,eng-zho,0.0401203610832497,0.0210631895687061,0.0332268923521041,0.5419204831123352,1.0148457288742063,0.8569277108433735,0.7693200082174234,0.0758077998598888,0.0982948846539618,143.5
curriculum_noswitch-s45,noswitch,45,11,nld-zho,0.0295887662988966,0.0130391173520561,0.0354643985629081,0.5281069278717041,0.995113730430603,0.8569277108433735,0.7796355935275706,0.0621281213735912,0.0792377131394182,143.5
curriculum_noswitch-s45,noswitch,45,12,eng-nld,0.603309929789368,0.3244734202607823,0.1524167954921722,0.6597495675086975,0.7153158783912659,1.0,0.9952216086009033,0.7181457306068704,0.8555667001003009,1.0
curriculum_noswitch-s45,noswitch,45,12,eng-zho,0.029087261785356,0.0135406218655967,0.0269537474960088,0.5274092555046082,1.1407127380371094,0.7931726907630522,0.714733054585443,0.058741572416533,0.0757271815446339,207.0
curriculum_noswitch-s45,noswitch,45,12,nld-zho,0.0175526579739217,0.0060180541624874,0.0275819133967161,0.5131701827049255,1.1264361143112185,0.8052208835341366,0.7259826668761303,0.0446000923252285,0.0561685055165496,195.0
curriculum_noswitch-s46,noswitch,46,0,eng-nld,0.3329989969909729,0.1805416248746238,0.0689200162887573,0.6105427145957947,0.5972057580947876,0.9929718875502008,0.912700954268428,0.3977578749287394,0.4598796389167502,8.0
curriculum_noswitch-s46,noswitch,46,0,eng-zho,0.0285857572718154,0.018555667001003,0.0283716320991516,0.4582153856754303,1.0423749685287476,0.732429718875502,0.6759676620222111,0.0482030068797349,0.0536609829488465,267.5
curriculum_noswitch-s46,noswitch,46,0,nld-zho,0.0265797392176529,0.0155466399197592,0.0269042253494262,0.4469161331653595,1.0542176961898804,0.7098393574297188,0.6574568081755305,0.045538230199916,0.0531594784353059,290.0
curriculum_noswitch-s46,noswitch,46,1,eng-nld,0.6529588766298897,0.4192577733199599,0.1134781241416931,0.5552593469619751,0.4456261694431305,1.0,0.987801255171136,0.7309338498324406,0.8204613841524574,1.0
curriculum_noswitch-s46,noswitch,46,1,eng-zho,0.0546639919759277,0.0320962888665998,0.0325191020965576,0.4580243527889251,0.5919415354728699,0.8594377510040161,0.765165476348725,0.0885983100492569,0.1108324974924774,141.0
curriculum_noswitch-s46,noswitch,46,1,nld-zho,0.0416248746238716,0.0280842527582748,0.0274534225463867,0.4475445747375488,0.6066892147064209,0.8253012048192772,0.7334251751237648,0.0760261875015768,0.0982948846539618,175.0
curriculum_noswitch-s46,noswitch,46,2,eng-nld,0.6103309929789369,0.3485456369107322,0.065189778804779,0.6310355067253113,0.3682297170162201,1.0,0.9880847361361192,0.6959216995034951,0.7988966900702106,1.0
curriculum_noswitch-s46,noswitch,46,2,eng-zho,0.0511534603811434,0.0275827482447342,0.0247649550437927,0.5341623425483704,0.4659241735935211,0.9016064257028112,0.8156361655246865,0.0956322545309419,0.1238716148445336,99.0
curriculum_noswitch-s46,noswitch,46,2,nld-zho,0.0461384152457372,0.0235707121364092,0.0229212641716003,0.5376126766204834,0.4718162715435028,0.8780120481927711,0.7876903803780819,0.0838772120920959,0.1033099297893681,122.5
curriculum_noswitch-s46,noswitch,46,3,eng-nld,0.6659979939819458,0.405717151454363,0.0671308636665344,0.6470931768417358,0.3486465513706207,1.0,0.9915872114334972,0.742541345381833,0.835506519558676,1.0
curriculum_noswitch-s46,noswitch,46,3,eng-zho,0.0591775325977933,0.0315947843530591,0.0291492342948913,0.5507333278656006,0.4533179700374603,0.9196787148594378,0.8423996890269202,0.1097185477074665,0.141925777331996,81.0
curriculum_noswitch-s46,noswitch,46,3,nld-zho,0.0446339017051153,0.0265797392176529,0.0255085825920104,0.5448979735374451,0.4566296637058258,0.8950803212851406,0.8142867357091355,0.0903832288517559,0.1148445336008024,105.5
curriculum_noswitch-s46,noswitch,46,4,eng-nld,0.742728184553661,0.5456369107321966,0.083181083202362,0.633176326751709,0.3359716236591339,1.0,0.99517931303952,0.8043387637467068,0.8776328986960883,1.0
curriculum_noswitch-s46,noswitch,46,4,eng-zho,0.0712136409227683,0.0351053159478435,0.0338389873504638,0.5388426184654236,0.4604357779026031,0.9312248995983936,0.85358182982683,0.1210613492710125,0.1534603811434303,69.5
curriculum_noswitch-s46,noswitch,46,4,nld-zho,0.0451354062186559,0.029087261785356,0.0289396047592163,0.5096442103385925,0.4581991136074066,0.9031124497991968,0.8231773634155478,0.0886189767247733,0.1118355065195586,97.5
curriculum_noswitch-s46,noswitch,46,5,eng-nld,0.8014042126379137,0.6308926780341023,0.0880051255226135,0.6451267600059509,0.3177451491355896,1.0,0.997122894788784,0.8540077579779222,0.9202607823470412,1.0
curriculum_noswitch-s46,noswitch,46,5,eng-zho,0.0707121364092276,0.037111334002006,0.0317298173904418,0.5451620221138,0.4552502334117889,0.9352409638554215,0.8529378295529157,0.1259775454601863,0.1680040120361083,65.5
curriculum_noswitch-s46,noswitch,46,5,nld-zho,0.0511534603811434,0.0285857572718154,0.0282182097434997,0.5188540816307068,0.4572885036468506,0.9031124497991968,0.8206995484445304,0.0934852246193235,0.1163490471414242,97.5
curriculum_noswitch-s46,noswitch,46,6,eng-nld,0.8329989969909729,0.675025075225677,0.0851132273674011,0.6655699610710144,0.301674485206604,1.0,0.9978258067374816,0.8782436102601675,0.9327983951855566,1.0
curriculum_noswitch-s46,noswitch,46,6,eng-zho,0.0762286860581745,0.0406218655967903,0.0299312472343444,0.5619596838951111,0.4446626007556915,0.9377510040160644,0.8575122959239163,0.1296943448147088,0.1690070210631895,63.0
curriculum_noswitch-s46,noswitch,46,6,nld-zho,0.0531594784353059,0.033099297893681,0.0272010564804077,0.5375102162361145,0.4481971263885498,0.9036144578313252,0.8234905519772168,0.0958783023987902,0.1203610832497492,97.0
curriculum_noswitch-s46,noswitch,46,7,eng-nld,0.8475426278836509,0.69358074222668,0.1132553815841674,0.6770108342170715,0.3491163551807403,1.0,0.9984844090504446,0.8904940173801732,0.9428284854563692,1.0
curriculum_noswitch-s46,noswitch,46,7,eng-zho,0.0646940822467402,0.0376128385155466,0.0324775576591491,0.5693413019180298,0.5010541677474976,0.931726907630522,0.8521095414758332,0.1198635356069501,0.160481444332999,69.0
curriculum_noswitch-s46,noswitch,46,7,nld-zho,0.0581745235707121,0.0366098294884654,0.0282776951789855,0.5460995435714722,0.4954050779342651,0.9016064257028112,0.8165485412059471,0.1015310836833432,0.1268806419257773,99.0
curriculum_noswitch-s46,noswitch,46,8,eng-nld,0.8324974924774322,0.6529588766298897,0.1471564173698425,0.6783012747764587,0.4315693080425262,1.0,0.9983952862603876,0.881407006032916,0.9413239719157472,1.0
curriculum_noswitch-s46,noswitch,46,8,eng-zho,0.0631895687061183,0.0310932798395185,0.0371122360229492,0.5693054795265198,0.5986036062240601,0.9196787148594378,0.8398100929293906,0.1120402994539861,0.1454363089267803,81.0
curriculum_noswitch-s46,noswitch,46,8,nld-zho,0.0526579739217653,0.0325977933801404,0.031861126422882,0.5386130809783936,0.5918335318565369,0.8905622489959839,0.8052445489077674,0.0954667729790807,0.1233701103309929,110.0
curriculum_noswitch-s46,noswitch,46,9,eng-nld,0.7948846539618857,0.5792377131394183,0.1763549149036407,0.6791514158248901,0.5399063229560852,1.0,0.9978711234103916,0.8527756337917513,0.924272818455366,1.0
curriculum_noswitch-s46,noswitch,46,9,eng-zho,0.0636910732196589,0.029087261785356,0.0409257411956787,0.5733155608177185,0.7116662859916687,0.9176706827309236,0.8321329450197984,0.1110301526239169,0.1399197592778335,83.0
curriculum_noswitch-s46,noswitch,46,9,nld-zho,0.0486459378134403,0.0240722166499498,0.0350582897663116,0.5441967248916626,0.6999678015708923,0.8724899598393574,0.790016132735556,0.088125727678227,0.1123370110330993,128.0
curriculum_noswitch-s46,noswitch,46,10,eng-nld,0.7597793380140421,0.4919759277833501,0.1876040995121002,0.6746963262557983,0.6206879019737244,1.0,0.9973817033429606,0.8308597854348767,0.9207622868605816,1.0
curriculum_noswitch-s46,noswitch,46,10,eng-zho,0.059679037111334,0.0240722166499498,0.0407304912805557,0.5740571022033691,0.8353670239448547,0.9016064257028112,0.8141110077219611,0.1046976203743277,0.133901705115346,99.0
curriculum_noswitch-s46,noswitch,46,10,nld-zho,0.0421263791374122,0.0200601805416248,0.033975139260292,0.5490521192550659,0.8231423497200012,0.857429718875502,0.7754317168372586,0.0789378875247745,0.1013039117352056,143.0
curriculum_noswitch-s46,noswitch,46,11,eng-nld,0.6860581745235708,0.4077231695085256,0.1824000477790832,0.6640430092811584,0.7102918028831482,1.0,0.9960725550144408,0.7815729663781428,0.8941825476429288,1.0
curriculum_noswitch-s46,noswitch,46,11,eng-zho,0.0436308926780341,0.0160481444332999,0.0343436561524868,0.5633156895637512,1.0060797929763794,0.8554216867469879,0.7750268878925934,0.0809134968460681,0.1038114343029087,145.0
curriculum_noswitch-s46,noswitch,46,11,nld-zho,0.0270812437311935,0.0095285857572718,0.0305725820362567,0.5418799519538879,1.0037657022476196,0.8172690763052208,0.7336789484920625,0.0595447909174693,0.0747241725175526,183.0
curriculum_noswitch-s46,noswitch,46,12,eng-nld,0.6128385155466399,0.3229689067201605,0.1520068347454071,0.6529548764228821,0.7187599539756775,1.0,0.9945433690630124,0.7280184854178119,0.8635907723169508,1.0
curriculum_noswitch-s46,noswitch,46,12,eng-zho,0.0320962888665998,0.0110330992978936,0.0276207998394966,0.5422790050506592,1.1359237432479858,0.7911646586345382,0.7128373071020291,0.0578539421163516,0.0672016048144433,209.0
curriculum_noswitch-s46,noswitch,46,12,nld-zho,0.0130391173520561,0.0055165496489468,0.0221190936863422,0.5231595635414124,1.1304194927215576,0.7474899598393574,0.6768518406625499,0.0399302003754275,0.0541624874623871,252.5
curriculum_noswitch-s47,noswitch,47,0,eng-nld,0.3274824473420261,0.1815446339017051,0.068864107131958,0.6334131956100464,0.5924943089485168,0.9919678714859438,0.9151314384921834,0.3940821956678598,0.458876629889669,9.0
curriculum_noswitch-s47,noswitch,47,0,eng-zho,0.0305917753259779,0.0190571715145436,0.0293026119470596,0.4740069806575775,1.029180645942688,0.7740963855421686,0.7030685429783327,0.0522217306840423,0.0591775325977933,226.0
curriculum_noswitch-s47,noswitch,47,0,nld-zho,0.029087261785356,0.014543630892678,0.028311938047409,0.4679659307003021,1.0358902215957642,0.7660642570281124,0.7018872883711375,0.0518121137372886,0.0616850551654964,234.0
curriculum_noswitch-s47,noswitch,47,1,eng-nld,0.645937813440321,0.4237713139418254,0.1004524827003479,0.6004740595817566,0.4313401877880096,1.0,0.9902745384748624,0.7213308985686262,0.8144433299899699,1.0
curriculum_noswitch-s47,noswitch,47,1,eng-zho,0.0531594784353059,0.0295887662988966,0.0363028049468994,0.4946751594543457,0.5650054812431335,0.8714859437751004,0.7881460647001245,0.0911951837062138,0.115346038114343,129.0
curriculum_noswitch-s47,noswitch,47,1,nld-zho,0.0446339017051153,0.0275827482447342,0.0328729748725891,0.4917676150798797,0.5729699730873108,0.8775100401606426,0.7917628387169541,0.0819228517953971,0.1023069207622868,123.0
curriculum_noswitch-s47,noswitch,47,2,eng-nld,0.6323971915747242,0.372617853560682,0.0598675608634948,0.672653079032898,0.3403384685516357,1.0,0.989677365429622,0.7107412564681795,0.7998996990972919,1.0
curriculum_noswitch-s47,noswitch,47,2,eng-zho,0.0546639919759277,0.0295887662988966,0.0271342396736145,0.5581242442131042,0.4412365853786468,0.9136546184738956,0.8413498527711649,0.101603089071026,0.125877632898696,87.0
curriculum_noswitch-s47,noswitch,47,2,nld-zho,0.0486459378134403,0.0265797392176529,0.0270494818687438,0.5625165104866028,0.4401313364505768,0.9066265060240964,0.8371540323782594,0.0925359509565653,0.119358074222668,94.0
curriculum_noswitch-s47,noswitch,47,3,eng-nld,0.7061183550651956,0.4889669007021063,0.0766277313232421,0.6495128870010376,0.3392850458621979,1.0,0.9945272564681998,0.7777611398561082,0.8600802407221665,1.0
curriculum_noswitch-s47,noswitch,47,3,eng-zho,0.0651955867602808,0.0361083249749247,0.0342404246330261,0.5389193296432495,0.4571544229984283,0.9407630522088354,0.8656838990868186,0.1237359949680337,0.1654964894684052,60.0
curriculum_noswitch-s47,noswitch,47,3,nld-zho,0.0636910732196589,0.0361083249749247,0.0335236191749572,0.5310491323471069,0.4581112563610077,0.9332329317269076,0.8632826189411609,0.1152022504070316,0.1499498495486459,67.5
curriculum_noswitch-s47,noswitch,47,4,eng-nld,0.7868605817452357,0.6098294884653962,0.0909165143966674,0.6480408310890198,0.3252788484096527,1.0,0.9966390134258196,0.8409888698928787,0.9062186559679036,1.0
curriculum_noswitch-s47,noswitch,47,4,eng-zho,0.0822467402206619,0.0431293881644934,0.0382496118545532,0.5327987670898438,0.4574401676654815,0.9508032128514056,0.8748182297897709,0.1419040062993096,0.1830491474423269,50.0
curriculum_noswitch-s47,noswitch,47,4,nld-zho,0.0717151454363089,0.0421263791374122,0.0360415577888488,0.5182633399963379,0.4565358459949493,0.9377510040160644,0.8688696611924126,0.1278854015840108,0.1720160481444333,63.0
curriculum_noswitch-s47,noswitch,47,5,eng-nld,0.8119358074222668,0.6449348044132397,0.0861253142356872,0.6676133871078491,0.312037318944931,1.0,0.9976309450439672,0.8616884886524813,0.9237713139418254,1.0
curriculum_noswitch-s47,noswitch,47,5,eng-zho,0.074222668004012,0.0396188565697091,0.0357241034507751,0.5531933903694153,0.4552698731422424,0.9467871485943776,0.8702820308314502,0.1341568016323898,0.1780341023069207,54.0
curriculum_noswitch-s47,noswitch,47,5,nld-zho,0.0692076228686058,0.0461384152457372,0.0334503054618835,0.5373497009277344,0.4498008489608764,0.9342369477911646,0.8638979186555651,0.1253702526685683,0.1675025075225677,66.5
curriculum_noswitch-s47,noswitch,47,6,eng-nld,0.8365095285857572,0.6765295887662989,0.1021564602851867,0.6724854707717896,0.3490650057792663,1.0,0.9982331532750862,0.8866424605882856,0.950852557673019,1.0
curriculum_noswitch-s47,noswitch,47,6,eng-zho,0.0747241725175526,0.0396188565697091,0.0358340740203857,0.5634468793869019,0.5012941360473633,0.9477911646586346,0.8672704861572671,0.1357697001555168,0.1780341023069207,53.0
curriculum_noswitch-s47,noswitch,47,6,nld-zho,0.074222668004012,0.0401203610832497,0.0330815911293029,0.5446561574935913,0.4954724907875061,0.9357429718875502,0.8612801255171135,0.1291759505321456,0.1675025075225677,65.0
curriculum_noswitch-s47,noswitch,47,7,eng-nld,0.8134403209628887,0.5697091273821464,0.1071499586105346,0.6746165156364441,0.4116224944591522,1.0,0.9979849186112556,0.8701591274975724,0.9423269809428284,1.0
curriculum_noswitch-s47,noswitch,47,7,eng-zho,0.0692076228686058,0.0315947843530591,0.0340810418128967,0.5685907602310181,0.5555882453918457,0.9367469879518072,0.8535375201910954,0.1289578368341153,0.1745235707121364,64.0
curriculum_noswitch-s47,noswitch,47,7,nld-zho,0.0697091273821464,0.0376128385155466,0.0313664674758911,0.5509781241416931,0.540287971496582,0.9262048192771084,0.8469706307678054,0.1234392208700296,0.1649949849548646,74.5
curriculum_noswitch-s47,noswitch,47,8,eng-nld,0.8304914744232699,0.6218655967903711,0.1464952826499939,0.6721131205558777,0.4608252346515655,1.0,0.9983721244053444,0.8832902949784386,0.9473420260782348,1.0
curriculum_noswitch-s47,noswitch,47,8,eng-zho,0.0656970912738214,0.0315947843530591,0.0399003624916076,0.5686216950416565,0.6368181705474854,0.9267068273092368,0.8376202905906475,0.1201624410183427,0.1685055165496489,74.0
curriculum_noswitch-s47,noswitch,47,8,nld-zho,0.0536609829488465,0.0300902708124373,0.0360930860042572,0.5469882488250732,0.6160541772842407,0.91214859437751,0.8280393389002347,0.1034843690623912,0.1394182547642928,88.5
curriculum_noswitch-s47,noswitch,47,9,eng-nld,0.8009027081243731,0.5646940822467402,0.1722672283649444,0.6735002994537354,0.5451564788818359,1.0,0.9979859256484312,0.863084448979948,0.9418254764292878,1.0
curriculum_noswitch-s47,noswitch,47,9,eng-zho,0.0531594784353059,0.0260782347041123,0.0391001403331756,0.5617839694023132,0.7382817268371582,0.9116465863453816,0.8207282490040403,0.1028242029467667,0.1394182547642928,89.0
curriculum_noswitch-s47,noswitch,47,9,nld-zho,0.0461384152457372,0.0265797392176529,0.0385738313198089,0.5488556623458862,0.708102285861969,0.9001004016064257,0.8167655577173286,0.0921244900237624,0.1268806419257773,100.5
curriculum_noswitch-s47,noswitch,47,10,eng-nld,0.7552657973921766,0.4819458375125376,0.1848973929882049,0.6714352369308472,0.6241923570632935,1.0,0.9971667009059306,0.8328495640870262,0.9277833500501504,1.0
curriculum_noswitch-s47,noswitch,47,10,eng-zho,0.0461384152457372,0.0245737211634904,0.0366364121437072,0.5590500235557556,0.8616961240768433,0.892570281124498,0.7921953611839534,0.0912203146412554,0.1213640922768305,108.0
curriculum_noswitch-s47,noswitch,47,10,nld-zho,0.0406218655967903,0.0235707121364092,0.0366813987493515,0.5462441444396973,0.8370198607444763,0.8810240963855421,0.7916052373989437,0.0806999746571639,0.1043129388164493,119.5
curriculum_noswitch-s47,noswitch,47,11,eng-nld,0.7036108324974926,0.4072216649949849,0.178860604763031,0.6669361591339111,0.6970298886299133,1.0,0.9964703346988756,0.7956615723636427,0.9117352056168504,1.0
curriculum_noswitch-s47,noswitch,47,11,eng-zho,0.0381143430290872,0.0180541624874623,0.0321879088878631,0.5445067882537842,1.0238276720046997,0.8493975903614458,0.7584057393062722,0.0761736610961296,0.1023069207622868,151.0
curriculum_noswitch-s47,noswitch,47,11,nld-zho,0.0285857572718154,0.0150451354062186,0.031997762620449,0.5302409529685974,1.0189498662948608,0.8358433734939759,0.7507240597293889,0.0630256914388488,0.0812437311935807,164.5
curriculum_noswitch-s47,noswitch,47,12,eng-nld,0.59679037111334,0.3184553660982949,0.1482879519462585,0.6573470234870911,0.7155693173408508,1.0,0.9944894925741078,0.7204698252662279,0.8761283851554664,1.0
curriculum_noswitch-s47,noswitch,47,12,eng-zho,0.0240722166499498,0.0135406218655967,0.0267463773488998,0.5203332901000977,1.1379531621932983,0.7771084337349398,0.6996113843538647,0.0555751952893681,0.0717151454363089,223.0
curriculum_noswitch-s47,noswitch,47,12,nld-zho,0.0180541624874623,0.010531594784353,0.0259533002972602,0.5108189582824707,1.1325749158859253,0.7670682730923695,0.691656294183756,0.0441429428194872,0.0551654964894684,233.0
curriculum_noswitch-s48,noswitch,48,0,eng-nld,0.3204613841524574,0.1690070210631895,0.0691573619842529,0.6073939204216003,0.6040262579917908,0.9919678714859438,0.9095650405030352,0.3855987480149341,0.4458375125376128,9.0
curriculum_noswitch-s48,noswitch,48,0,eng-zho,0.0265797392176529,0.0160481444332999,0.0263547748327255,0.4511263370513916,1.044080376625061,0.7364457831325302,0.6753835804602564,0.046143027317509,0.0531594784353059,263.5
curriculum_noswitch-s48,noswitch,48,0,nld-zho,0.0280842527582748,0.014543630892678,0.0248742699623107,0.441876471042633,1.0492498874664309,0.7118473895582329,0.6650060623637982,0.0486539947185146,0.059679037111334,288.0
curriculum_noswitch-s48,noswitch,48,1,eng-nld,0.6474423269809428,0.4237713139418254,0.1073172688484191,0.5494027137756348,0.4407520592212677,1.0,0.9897423193274602,0.7162207219701744,0.794383149448345,1.0
curriculum_noswitch-s48,noswitch,48,1,eng-zho,0.0496489468405215,0.0336008024072216,0.0305591225624084,0.4586185812950134,0.5899684429168701,0.8418674698795181,0.7626277426657483,0.0851638250186983,0.1063189568706118,158.5
curriculum_noswitch-s48,noswitch,48,1,nld-zho,0.0456369107321965,0.0325977933801404,0.0286005735397338,0.4496263265609741,0.5800535678863525,0.8328313253012049,0.7469295436510334,0.0817949747487397,0.1068204613841524,167.5
curriculum_noswitch-s48,noswitch,48,2,eng-nld,0.5962888665997994,0.3214643931795386,0.0599774718284606,0.6173057556152344,0.3603116571903229,1.0,0.9887589475253068,0.6804210604684429,0.7808425275827482,1.0
curriculum_noswitch-s48,noswitch,48,2,eng-zho,0.0546639919759277,0.0265797392176529,0.0226994156837463,0.5140495300292969,0.463056743144989,0.8860441767068273,0.804909709046819,0.0929092174966394,0.1143430290872617,114.5
curriculum_noswitch-s48,noswitch,48,2,nld-zho,0.0501504513540621,0.0265797392176529,0.0208226442337036,0.5293830633163452,0.4601369500160217,0.8755020080321285,0.7917250748228621,0.0855831516570387,0.1028084252758274,125.0
curriculum_noswitch-s48,noswitch,48,3,eng-nld,0.6599799398194583,0.40320962888666,0.0654643774032592,0.633811891078949,0.3459799885749817,1.0,0.9924220452522228,0.7392436076592914,0.8360080240722166,1.0
curriculum_noswitch-s48,noswitch,48,3,eng-zho,0.0576730190571715,0.0295887662988966,0.0272218585014343,0.527740478515625,0.4681032001972198,0.9151606425702812,0.836622820268033,0.1011481134083304,0.1218655967903711,85.5
curriculum_noswitch-s48,noswitch,48,3,nld-zho,0.0506519558676028,0.0300902708124373,0.0245499610900878,0.5320152044296265,0.4586798846721649,0.9036144578313252,0.8225036555449481,0.0916966806238725,0.1103309929789368,97.0
curriculum_noswitch-s48,noswitch,48,4,eng-nld,0.7617853560682046,0.5426278836509528,0.0852992534637451,0.6295773983001709,0.339790403842926,1.0,0.99542301603606,0.8190792881708636,0.8876629889669007,1.0
curriculum_noswitch-s48,noswitch,48,4,eng-zho,0.059679037111334,0.0341023069207622,0.0314244031906127,0.5244020819664001,0.4771509766578674,0.9236947791164658,0.8443216194769045,0.1064371551640521,0.1293881644934804,77.0
curriculum_noswitch-s48,noswitch,48,4,nld-zho,0.0491474423269809,0.0341023069207622,0.0297863483428955,0.5130072236061096,0.4674983322620392,0.9126506024096386,0.8296188767104526,0.0910705918389392,0.1103309929789368,88.0
curriculum_noswitch-s48,noswitch,48,5,eng-nld,0.8164493480441324,0.6409227683049148,0.093585193157196,0.6431125998497009,0.3237094581127167,1.0,0.9972855312926732,0.8675042824412147,0.9307923771313942,1.0
curriculum_noswitch-s48,noswitch,48,5,eng-zho,0.0601805416248746,0.0376128385155466,0.0309057235717773,0.5408743619918823,0.4789071679115295,0.9176706827309236,0.8408433130717453,0.1064642536375369,0.1364092276830491,83.0
curriculum_noswitch-s48,noswitch,48,5,nld-zho,0.0526579739217653,0.0315947843530591,0.0295731425285339,0.5256226062774658,0.4704860746860504,0.9106425702811244,0.8268762109622039,0.0940438740507688,0.1178535606820461,90.0
curriculum_noswitch-s48,noswitch,48,6,eng-nld,0.839518555667001,0.6915747241725175,0.1010905504226684,0.6568741798400879,0.3243149220943451,1.0,0.9983826982956904,0.887425696705191,0.9458375125376128,1.0
curriculum_noswitch-s48,noswitch,48,6,eng-zho,0.0636910732196589,0.0341023069207622,0.0308835506439209,0.5498719215393066,0.4818662703037262,0.9096385542168676,0.8304224923767286,0.1074661173475145,0.133901705115346,91.0
curriculum_noswitch-s48,noswitch,48,6,nld-zho,0.0526579739217652,0.0295887662988966,0.0272995233535766,0.5288954377174377,0.4790510833263397,0.8965863453815262,0.8144030485029385,0.0922264190646763,0.1108324974924774,104.0
curriculum_noswitch-s48,noswitch,48,7,eng-nld,0.8550651955867603,0.6835506519558676,0.1251330971717834,0.662325918674469,0.3853521347045898,1.0,0.9985362714649972,0.89803184695618,0.950852557673019,1.0
curriculum_noswitch-s48,noswitch,48,7,eng-zho,0.0581745235707121,0.0325977933801404,0.0317842960357666,0.5460434556007385,0.5396856665611267,0.8985943775100401,0.8151955867602808,0.0999711354402651,0.1223671013039117,102.0
curriculum_noswitch-s48,noswitch,48,7,nld-zho,0.0496489468405215,0.0300902708124373,0.0290234684944152,0.528032660484314,0.5378150343894958,0.8890562248995983,0.8048412305188659,0.0876359010592009,0.1063189568706118,111.5
curriculum_noswitch-s48,noswitch,48,8,eng-nld,0.8375125376128385,0.6414242728184554,0.1545085310935974,0.6678151488304138,0.454322338104248,1.0,0.9984657788626924,0.8868873611755044,0.9453360080240722,1.0
curriculum_noswitch-s48,noswitch,48,8,eng-zho,0.0551654964894684,0.0315947843530591,0.0339109003543853,0.552327573299408,0.6328927874565125,0.8980923694779117,0.8140193673389646,0.0965320905991801,0.119358074222668,102.5
curriculum_noswitch-s48,noswitch,48,8,nld-zho,0.0451354062186559,0.0275827482447342,0.0298806726932525,0.5250105857849121,0.6252803206443787,0.8775100401606426,0.7965120260379532,0.08395770207306,0.1008024072216649,123.0
curriculum_noswitch-s48,noswitch,48,9,eng-nld,0.79839518555667,0.5882647943831494,0.17840176820755,0.6744157671928406,0.5561981797218323,1.0,0.9981636677099572,0.861061962873097,0.9373119358074222,1.0
curriculum_noswitch-s48,noswitch,48,9,eng-zho,0.0421263791374122,0.0205616850551654,0.0330952703952789,0.5589792132377625,0.7425093054771423,0.8734939759036144,0.7847588951593738,0.077281637704335,0.092778335005015,127.0
curriculum_noswitch-s48,noswitch,48,9,nld-zho,0.0401203610832497,0.0225677031093279,0.0310797989368438,0.537222146987915,0.7356836795806885,0.8594377510040161,0.7734473500823756,0.073210932257097,0.0872617853560682,141.0
curriculum_noswitch-s48,noswitch,48,10,eng-nld,0.7472417251755266,0.4699097291875627,0.1890532672405243,0.6686972379684448,0.654253363609314,1.0,0.997235682952472,0.8238566815510351,0.9192577733199598,1.0
curriculum_noswitch-s48,noswitch,48,10,eng-zho,0.0366098294884654,0.0190571715145436,0.0314943790435791,0.5549156665802002,0.8628538250923157,0.8539156626506024,0.7627944073183406,0.0693269516873119,0.0842527582748244,146.5
curriculum_noswitch-s48,noswitch,48,10,nld-zho,0.0300902708124373,0.018555667001003,0.028293490409851,0.5361642241477966,0.8455706238746643,0.8303212851405622,0.7516183087414856,0.0608955258653543,0.074222668004012,170.0
curriculum_noswitch-s48,noswitch,48,11,eng-nld,0.6705115346038114,0.3886659979939819,0.1782079339027404,0.662421703338623,0.726428747177124,1.0,0.996384736538934,0.774641239639638,0.9042126379137412,1.0
curriculum_noswitch-s48,noswitch,48,11,eng-zho,0.0295887662988966,0.018555667001003,0.0277344696223735,0.5439280867576599,1.0190438032150269,0.8052208835341366,0.7273527409537851,0.0584938816348016,0.0712136409227683,195.0
curriculum_noswitch-s48,noswitch,48,11,nld-zho,0.0225677031093279,0.0125376128385155,0.0262463018298149,0.5281261205673218,1.0129238367080688,0.7951807228915663,0.7162944657264967,0.0488496817573159,0.059679037111334,205.0
curriculum_noswitch-s48,noswitch,48,12,eng-nld,0.5962888665997994,0.2853560682046138,0.1548195481300354,0.6576455235481262,0.7253029942512512,1.0,0.9947170829758352,0.7176129310860014,0.8650952858575727,1.0
curriculum_noswitch-s48,noswitch,48,12,eng-zho,0.0235707121364092,0.0120361083249749,0.0239724721759557,0.5250167846679688,1.133842706680298,0.7444779116465863,0.6750225576327377,0.0464914816023754,0.0551654964894684,255.5
curriculum_noswitch-s48,noswitch,48,12,nld-zho,0.014543630892678,0.006519558676028,0.0187236573547124,0.5093173980712891,1.127119779586792,0.7279116465863453,0.660490507667581,0.036778563874013,0.0451354062186559,272.0
curriculum_noswitch-s49,noswitch,49,0,eng-nld,0.3340020060180542,0.1805416248746238,0.0683283805847168,0.6208796501159668,0.5924507975578308,0.9919678714859438,0.9119079124924976,0.3977316351282977,0.4598796389167502,9.0
curriculum_noswitch-s49,noswitch,49,0,eng-zho,0.0265797392176529,0.0205616850551654,0.0265789330005645,0.4729183912277221,1.026521921157837,0.7449799196787148,0.6835189302848304,0.0479943910722082,0.0541624874623871,255.0
curriculum_noswitch-s49,noswitch,49,0,nld-zho,0.0280842527582748,0.0180541624874623,0.0262412577867507,0.4600274562835693,1.0480321645736694,0.7289156626506024,0.6794384156485521,0.05083529341105,0.0601805416248746,271.0
curriculum_noswitch-s49,noswitch,49,1,eng-nld,0.6449348044132397,0.4022066198595787,0.1098077893257141,0.5508310794830322,0.4513053297996521,1.0,0.9866627996439118,0.712233571659692,0.7878635907723169,1.0
curriculum_noswitch-s49,noswitch,49,1,eng-zho,0.0471414242728184,0.0280842527582748,0.031460702419281,0.4644891917705536,0.5773873925209045,0.8524096385542168,0.7592889109094351,0.0811736721891626,0.0997993981945837,148.0
curriculum_noswitch-s49,noswitch,49,1,nld-zho,0.0526579739217653,0.0336008024072216,0.0298540592193603,0.4578206837177276,0.6101560592651367,0.8373493975903614,0.7577239751382662,0.0821908641392822,0.0957873620862587,163.0
curriculum_noswitch-s49,noswitch,49,2,eng-nld,0.6238716148445336,0.3691073219658977,0.0659894943237304,0.6316900253295898,0.3598523437976837,1.0,0.988791172714932,0.699777438487113,0.7913741223671013,1.0
curriculum_noswitch-s49,noswitch,49,2,eng-zho,0.055667001003009,0.0245737211634904,0.0270033478736877,0.535647988319397,0.4557386934757232,0.9006024096385542,0.8233792743692926,0.0951574370031826,0.1163490471414242,100.0
curriculum_noswitch-s49,noswitch,49,2,nld-zho,0.0501504513540621,0.033099297893681,0.0249866843223571,0.5422473549842834,0.4726739823818207,0.8945783132530121,0.8149987109924149,0.0881977458388519,0.1058174523570712,106.0
curriculum_noswitch-s49,noswitch,49,3,eng-nld,0.708124373119358,0.4809428284854563,0.0774970054626464,0.6322165727615356,0.3505151569843292,1.0,0.9937649293261308,0.772734983634678,0.8460381143430291,1.0
curriculum_noswitch-s49,noswitch,49,3,eng-zho,0.0626880641925777,0.033099297893681,0.0294314622879028,0.528799831867218,0.4623596668243408,0.9267068273092368,0.8541588621285544,0.1097742039078752,0.137913741223671,74.0
curriculum_noswitch-s49,noswitch,49,3,nld-zho,0.0581745235707121,0.0356068204613841,0.0297349095344543,0.5210329294204712,0.47735595703125,0.9131526104417672,0.8358267573805755,0.0989716583266508,0.1163490471414242,87.5
curriculum_noswitch-s49,noswitch,49,4,eng-nld,0.7382146439317954,0.5526579739217653,0.0848970413208007,0.6265842318534851,0.3322236835956573,1.0,0.9949668281954296,0.8010677748525564,0.8741223671013039,1.0
curriculum_noswitch-s49,noswitch,49,4,eng-zho,0.0692076228686058,0.0426278836509528,0.035480797290802,0.5197048783302307,0.4653604626655578,0.931726907630522,0.8674678654437207,0.1233076996969098,0.1579739217652959,69.0
curriculum_noswitch-s49,noswitch,49,4,nld-zho,0.0576730190571715,0.0366098294884654,0.0320243835449218,0.5009163022041321,0.4750057160854339,0.9246987951807228,0.845790886716374,0.1015684164534415,0.1198595787362086,76.0
curriculum_noswitch-s49,noswitch,49,5,eng-nld,0.7703109327983952,0.5917753259779338,0.0772005319595336,0.6485288143157959,0.3070541322231293,1.0,0.996507091555792,0.8293782593748498,0.8986960882647944,1.0
curriculum_noswitch-s49,noswitch,49,5,eng-zho,0.0651955867602808,0.0381143430290872,0.0305693745613098,0.5276747345924377,0.4492731392383575,0.933734939759036,0.8641975122153609,0.1221698840902543,0.160481444332999,67.0
curriculum_noswitch-s49,noswitch,49,5,nld-zho,0.0606820461384152,0.037111334002006,0.0286600589752197,0.507554829120636,0.4637015163898468,0.9171686746987951,0.8398972016450958,0.1029671931057469,0.1248746238716148,83.5
curriculum_noswitch-s49,noswitch,49,6,eng-nld,0.8189568706118355,0.660481444332999,0.0820884108543396,0.6680213212966919,0.3095028102397918,1.0,0.9981198615928104,0.8684291307952748,0.9312938816449348,1.0
curriculum_noswitch-s49,noswitch,49,6,eng-zho,0.0727181544633901,0.037111334002006,0.0286974310874938,0.5557366013526917,0.4544185996055603,0.9367469879518072,0.8654754423914314,0.1273339442972564,0.1705115346038114,64.0
curriculum_noswitch-s49,noswitch,49,6,nld-zho,0.0586760280842527,0.0411233701103309,0.0266295671463012,0.5348511934280396,0.4623919129371643,0.9206827309236948,0.8405125013595002,0.1041440551464168,0.1344032096288866,80.0
curriculum_noswitch-s49,noswitch,49,7,eng-nld,0.8405215646940822,0.6745235707121364,0.106985867023468,0.6761477589607239,0.3469530045986175,1.0,0.9986284153665818,0.8830260426710131,0.938816449348044,1.0
curriculum_noswitch-s49,noswitch,49,7,eng-zho,0.0687061183550652,0.0341023069207622,0.0331804752349853,0.5695624351501465,0.5014668703079224,0.9327309236947792,0.8547464683206245,0.1226412252230286,0.1584754262788365,68.0
curriculum_noswitch-s49,noswitch,49,7,nld-zho,0.0561685055165496,0.0346038114343029,0.0308594703674316,0.5486468076705933,0.5026206374168396,0.9161646586345382,0.8353005804562281,0.1057791960500198,0.137913741223671,84.5
curriculum_noswitch-s49,noswitch,49,8,eng-nld,0.8299899699097292,0.6544633901705115,0.145445704460144,0.6725001931190491,0.432856023311615,1.0,0.9985302292419428,0.8786835496114601,0.9408224674022068,1.0
curriculum_noswitch-s49,noswitch,49,8,eng-zho,0.0656970912738214,0.0270812437311935,0.0355893373489379,0.5657286643981934,0.6034725308418274,0.9096385542168676,0.8256164074552975,0.1079626772663665,0.1308926780341023,91.0
curriculum_noswitch-s49,noswitch,49,8,nld-zho,0.0456369107321965,0.0235707121364092,0.0318402647972106,0.5363127589225769,0.5939348936080933,0.893574297188755,0.8053568335528674,0.0868384835158481,0.1123370110330993,107.0
curriculum_noswitch-s49,noswitch,49,9,eng-nld,0.7888665997993982,0.5727181544633901,0.1715901494026184,0.678463876247406,0.5450639128684998,1.0,0.9979808904625525,0.8519049073977335,0.9292878635907724,1.0
curriculum_noswitch-s49,noswitch,49,9,eng-zho,0.0471414242728184,0.0235707121364092,0.0362921953201293,0.567232072353363,0.7309919595718384,0.892570281124498,0.8026816392953963,0.0878203278127388,0.1118355065195586,108.0
curriculum_noswitch-s49,noswitch,49,9,nld-zho,0.0351053159478435,0.018555667001003,0.032765120267868,0.5453500747680664,0.7248477935791016,0.8679718875502008,0.7825046424413804,0.0731521932449441,0.09679037111334,132.5
curriculum_noswitch-s49,noswitch,49,10,eng-nld,0.7607823470411234,0.5020060180541626,0.1851570308208465,0.6740307211875916,0.6216360926628113,1.0,0.9974239989043436,0.8305559472543768,0.916248746238716,1.0
curriculum_noswitch-s49,noswitch,49,10,eng-zho,0.0416248746238716,0.0215646940822467,0.0347425788640975,0.5685604810714722,0.8634462356567383,0.8649598393574297,0.7727993216597585,0.0783942894620637,0.09679037111334,135.5
curriculum_noswitch-s49,noswitch,49,10,nld-zho,0.0325977933801404,0.0180541624874623,0.0313272476196289,0.5506245493888855,0.8471508026123047,0.8448795180722892,0.7613221189673438,0.0702813948199165,0.092778335005015,155.5
curriculum_noswitch-s49,noswitch,49,11,eng-nld,0.6690070210631895,0.3976930792377131,0.1786973476409912,0.6666883826255798,0.7097326517105103,1.0,0.9964199828400864,0.7699204654260536,0.8906720160481444,1.0
curriculum_noswitch-s49,noswitch,49,11,eng-zho,0.0325977933801404,0.0160481444332999,0.0301793105900287,0.5622586011886597,1.018332839012146,0.8393574297188755,0.7436078315267086,0.0638431513665036,0.0787362086258776,161.0
curriculum_noswitch-s49,noswitch,49,11,nld-zho,0.0245737211634904,0.0115346038114343,0.0265174694359302,0.5422542691230774,1.0062121152877808,0.803714859437751,0.7275194056063774,0.0560371151374248,0.0727181544633901,196.5
curriculum_noswitch-s49,noswitch,49,12,eng-nld,0.59679037111334,0.3079237713139418,0.1486218571662902,0.6541922688484192,0.7217051386833191,1.0,0.9945282635053756,0.7158378597408761,0.858074222668004,1.0
curriculum_noswitch-s49,noswitch,49,12,eng-zho,0.0225677031093279,0.0100300902708124,0.0247570853680372,0.5399282574653625,1.1399850845336914,0.7781124497991968,0.6959709449634043,0.0490882634796604,0.0631895687061183,222.0
curriculum_noswitch-s49,noswitch,49,12,nld-zho,0.0170511534603811,0.0085255767301905,0.0211832076311111,0.5226860642433167,1.126253604888916,0.7389558232931727,0.6730517858797275,0.0413530551601335,0.0526579739217652,261.0
switch,switched,42,0,eng-nld,0.4307923771313942,0.2221664994984954,0.0793871879577636,0.6281996369361877,0.5771627426147461,0.997991967871486,0.958325277035927,0.5090694222493313,0.5927783350050151,3.0
switch,switched,42,0,eng-zho,0.0581745235707121,0.0230692076228686,0.0448183417320251,0.501713216304779,0.9687634110450744,0.9146586345381528,0.837355943332004,0.1004322776390088,0.1233701103309929,86.0
switch,switched,42,0,nld-zho,0.0571715145436309,0.0225677031093279,0.0406405925750732,0.4818951487541199,0.9824796319007874,0.8885542168674698,0.8150878337824718,0.0975016333011739,0.115346038114343,112.0
switch,switched,42,1,eng-nld,0.7923771313941825,0.5847542627883651,0.104022741317749,0.6360234618186951,0.4079571366310119,1.0,0.9959884674102628,0.8457482369338953,0.91123370110331,1.0
switch,switched,42,1,eng-zho,0.3966900702106319,0.1950852557673019,0.073937714099884,0.5570818781852722,0.5478594899177551,0.998995983935743,0.9792328793609744,0.5066677133336019,0.6359077231695085,2.0
switch,switched,42,1,nld-zho,0.2998996990972918,0.1559679037111334,0.0683396458625793,0.5376101136207581,0.5608417391777039,0.9969879518072288,0.9716997377675194,0.4195203574737501,0.5476429287863591,4.0
switch,switched,42,2,eng-nld,0.7597793380140421,0.4994984954864594,0.058815598487854,0.6987809538841248,0.3144066333770752,1.0,0.9949079165206464,0.8183173931966454,0.8851554663991976,1.0
switch,switched,42,2,eng-zho,0.3971915747241725,0.1680040120361083,0.0449727773666381,0.6115961670875549,0.4132018685340881,0.998995983935743,0.982602425751149,0.5150062941823249,0.6469408224674023,2.0
switch,switched,42,2,nld-zho,0.3109327983951855,0.1318956870611835,0.0427491068840026,0.5967381596565247,0.4168465435504913,0.9969879518072288,0.9732702122431552,0.4235509378698188,0.5481444332998997,4.0
switch,switched,42,3,eng-nld,0.7833500501504513,0.5957873620862588,0.0688893795013427,0.6906111240386963,0.3226460516452789,1.0,0.9967412276991616,0.8425561829326803,0.9187562688064193,1.0
switch,switched,42,3,eng-zho,0.4709127382146439,0.2627883650952858,0.0535565614700317,0.6104943752288818,0.4150916934013366,0.998995983935743,0.987146177488288,0.579322010432399,0.7061183550651956,2.0
switch,switched,42,3,nld-zho,0.347542627883651,0.179037111334002,0.0494929552078247,0.5900205373764038,0.418795645236969,0.997991967871486,0.9790964258236556,0.4665739035891142,0.5992978936810431,3.0
switch,switched,42,4,eng-nld,0.8600802407221665,0.7186559679037112,0.0920960307121276,0.6839562654495239,0.3335959017276764,1.0,0.998552887578398,0.9025817921448466,0.9568706118355064,1.0
switch,switched,42,4,eng-zho,0.5802407221664996,0.4072216649949849,0.0727999210357666,0.6123980283737183,0.4203678071498871,1.0,0.99333995963795,0.6812869300392791,0.8044132397191575,1.0
switch,switched,42,4,nld-zho,0.4538615847542628,0.2993981945837513,0.0654528141021728,0.587796688079834,0.422036349773407,0.998995983935743,0.9876295553326648,0.5718326223661754,0.7171514543630892,2.0
switch,switched,42,5,eng-nld,0.9007021063189569,0.7843530591775325,0.1019560694694519,0.6987076997756958,0.3351356089115143,1.0,0.99917825766456,0.9333812406234344,0.9754262788365096,1.0
switch,switched,42,5,eng-zho,0.6609829488465396,0.5015045135406219,0.0799774527549743,0.6310331225395203,0.4125555157661438,1.0,0.9964617748828816,0.7521438010375425,0.8691073219658977,1.0
switch,switched,42,5,nld-zho,0.5546639919759278,0.3866599799398195,0.0743095278739929,0.6046769618988037,0.4126189649105072,1.0,0.9919794524134652,0.6571618732164122,0.7748244734202607,1.0
switch,switched,42,6,eng-nld,0.91123370110331,0.8124373119358074,0.1072814464569091,0.7080140709877014,0.3427134752273559,1.0,0.9994375697373244,0.9416018386308782,0.978936810431294,1.0
switch,switched,42,6,eng-zho,0.6975927783350051,0.5,0.0816640257835388,0.6403570175170898,0.4340531826019287,1.0,0.9976384978227856,0.783984273021105,0.8931795386158475,1.0
switch,switched,42,6,nld-zho,0.5842527582748245,0.399197592778335,0.0735400319099426,0.6071463823318481,0.4315548837184906,1.0,0.99372213024616,0.6857122505704236,0.8124373119358074,1.0
switch,switched,42,7,eng-nld,0.91123370110331,0.8094282848545638,0.1248615980148315,0.7049335241317749,0.3711854219436645,1.0,0.999472312519889,0.9407657640079572,0.9769307923771314,1.0
switch,switched,42,7,eng-zho,0.6905717151454362,0.4789368104312939,0.094173789024353,0.6469727158546448,0.4930190443992615,1.0,0.9974743507631328,0.7750042410909616,0.8841524573721163,1.0
switch,switched,42,7,nld-zho,0.571715145436309,0.3851554663991976,0.0844943523406982,0.606395959854126,0.4820140302181244,1.0,0.9934280753908312,0.6743810131626554,0.7938816449348044,1.0
switch,switched,42,8,eng-nld,0.9047141424272818,0.8154463390170512,0.1716617941856384,0.7112657427787781,0.4308584332466125,1.0,0.9993509645402068,0.936153863510992,0.9739217652958876,1.0
switch,switched,42,8,eng-zho,0.7011033099297894,0.5115346038114343,0.1335840225219726,0.658488392829895,0.5642223954200745,1.0,0.9978555143341672,0.7867858699067616,0.8966900702106319,1.0
switch,switched,42,8,nld-zho,0.5807422266800402,0.4072216649949849,0.1194127798080444,0.6147885918617249,0.5628190636634827,1.0,0.994432594973676,0.6864482737753991,0.8219658976930793,1.0
switch,switched,42,9,eng-nld,0.8826479438314945,0.757271815446339,0.1941468119621276,0.7131578922271729,0.5135204792022705,1.0,0.9991707048857416,0.9209691756988148,0.9714142427281846,1.0
switch,switched,42,9,eng-zho,0.6424272818455365,0.4353059177532598,0.1462892591953277,0.6642935276031494,0.6596056222915649,1.0,0.9968600580859044,0.7418579970750909,0.8691073219658977,1.0
switch,switched,42,9,nld-zho,0.5336008024072216,0.3525576730190571,0.1326722204685211,0.6210251450538635,0.6602976322174072,1.0,0.9937855735882346,0.6516867989886156,0.7938816449348044,1.0
switch,switched,42,10,eng-nld,0.8756268806419258,0.7352056168505516,0.2163995504379272,0.7146202325820923,0.5536039471626282,1.0,0.998981381896694,0.915548241458902,0.9679037111334002,1.0
switch,switched,42,10,eng-zho,0.5957873620862588,0.3645937813440321,0.167591392993927,0.6663853526115417,0.7785658240318298,1.0,0.9958862531369208,0.7024483981764352,0.8350050150451354,1.0
switch,switched,42,10,nld-zho,0.5170511534603812,0.3079237713139418,0.1545274555683136,0.6312838196754456,0.7689634561538696,1.0,0.9930917249741192,0.630032692186603,0.7668004012036108,1.0
switch,switched,42,11,eng-nld,0.8269809428284854,0.615346038114343,0.2156879603862762,0.7039474844932556,0.6204600930213928,1.0,0.9983212690279676,0.8814087111982832,0.946840521564694,1.0
switch,switched,42,11,eng-zho,0.4674022066198595,0.216148445336008,0.1631453186273574,0.6530871987342834,0.9241916537284852,0.998995983935743,0.9908787607803328,0.5825332002294189,0.7181544633901705,2.0
switch,switched,42,11,nld-zho,0.3861584754262788,0.1970912738214644,0.1522394120693206,0.6165478229522705,0.9262602925300598,0.998995983935743,0.9880882607662346,0.5136018980676356,0.6569709127382146,2.0
switch,switched,42,12,eng-nld,0.7723169508525576,0.5010030090270813,0.1857981979846954,0.6930961608886719,0.6203306913375854,1.0,0.997379689268609,0.8415127769109558,0.925777331995988,1.0
switch,switched,42,12,eng-zho,0.3064192577733199,0.1514543630892678,0.13617904484272,0.6251614093780518,1.0039407014846802,0.9969879518072288,0.978935803394118,0.425654423824568,0.5546639919759278,4.0
switch,switched,42,12,nld-zho,0.2813440320962889,0.1178535606820461,0.1303024590015411,0.5924251079559326,1.008921504020691,0.9959839357429718,0.9766785295645974,0.4025368514135495,0.5310932798395186,5.0
switch-s43,switched,43,0,eng-nld,0.4267803410230691,0.2281845536609829,0.0796107649803161,0.6217503547668457,0.5802586078643799,0.998995983935743,0.957806652890398,0.5080506984494074,0.5937813440320963,2.0
switch-s43,switched,43,0,eng-zho,0.0611835506519558,0.0260782347041123,0.0433434545993804,0.4899681508541107,0.9713677763938904,0.9071285140562249,0.8358166870088176,0.1051902244010377,0.129889669007021,93.5
switch-s43,switched,43,0,nld-zho,0.0646940822467402,0.0210631895687061,0.0399470031261444,0.474646657705307,0.9878661632537842,0.8965863453815262,0.8173002944576703,0.1055709555545384,0.125877632898696,104.0
switch-s43,switched,43,1,eng-nld,0.8034102306920763,0.5707121364092277,0.1177701950073242,0.604896605014801,0.4362083673477173,1.0,0.9970604584838856,0.852967710711898,0.9192577733199598,1.0
switch-s43,switched,43,1,eng-zho,0.3791374122367101,0.1950852557673019,0.0793745517730712,0.5264037251472473,0.5577573776245117,0.997991967871486,0.979328044374086,0.4964157143787789,0.6354062186559679,3.0
switch-s43,switched,43,1,nld-zho,0.3069207622868606,0.1639919759277833,0.0705412030220031,0.5147888660430908,0.5707340240478516,0.9969879518072288,0.9707012604077292,0.4192379049335387,0.5461384152457373,4.0
switch-s43,switched,43,2,eng-nld,0.765295887662989,0.4864593781344032,0.0631258487701416,0.6840356588363647,0.3321978449821472,1.0,0.995987963891675,0.823057160566447,0.892678034102307,1.0
switch-s43,switched,43,2,eng-zho,0.3961885656970912,0.1664994984954864,0.0483812093734741,0.5911151766777039,0.4278077781200409,0.998995983935743,0.981528924121763,0.5106104636322556,0.6379137412236711,2.0
switch-s43,switched,43,2,nld-zho,0.308926780341023,0.1474423269809428,0.0439522862434387,0.5864382386207581,0.4368878901004791,0.9969879518072288,0.9724922760248615,0.4229651300521427,0.5521564694082247,4.0
switch-s43,switched,43,3,eng-nld,0.7843530591775325,0.5325977933801405,0.0676425695419311,0.6820791363716125,0.3334425687789917,1.0,0.9967845302977204,0.8359989055549935,0.899197592778335,1.0
switch-s43,switched,43,3,eng-zho,0.4488465396188565,0.2236710130391173,0.0522407889366149,0.5969029068946838,0.4200677275657654,0.998995983935743,0.9855092385590506,0.5637199621975585,0.6990972918756269,2.0
switch-s43,switched,43,3,nld-zho,0.3329989969909729,0.1654964894684052,0.0467489957809448,0.5856335163116455,0.4309059977531433,0.997991967871486,0.9756307073831936,0.4515468769809591,0.5862587763289869,3.0
switch-s43,switched,43,4,eng-nld,0.8319959879638916,0.6629889669007021,0.0859104394912719,0.665490448474884,0.339984655380249,1.0,0.998033256395693,0.8775453744257792,0.9343029087261784,1.0
switch-s43,switched,43,4,eng-zho,0.5275827482447342,0.350050150451354,0.0655283331871032,0.5885550379753113,0.4191057085990906,1.0,0.9905268012873962,0.6355129499227177,0.7743229689067201,1.0
switch-s43,switched,43,4,nld-zho,0.39518555667001,0.2427281845536609,0.0585876703262329,0.5684634447097778,0.4342909157276153,0.998995983935743,0.982480574252879,0.5120783960166704,0.6439317953861585,2.0
switch-s43,switched,43,5,eng-nld,0.866098294884654,0.7156469408224674,0.0838729739189148,0.6795977354049683,0.3323130011558532,1.0,0.9987029361175896,0.905255576537182,0.9558676028084252,1.0
switch-s43,switched,43,5,eng-zho,0.6033099297893681,0.4022066198595787,0.0650778412818908,0.6064736843109131,0.4043143391609192,1.0,0.9939124602723832,0.6980156436603187,0.8164493480441324,1.0
switch-s43,switched,43,5,nld-zho,0.458876629889669,0.2928786359077232,0.0567972064018249,0.580992579460144,0.4149165749549866,0.998995983935743,0.9876592629293504,0.5770064476523445,0.724172517552658,2.0
switch-s43,switched,43,6,eng-nld,0.909729187562688,0.8174523570712136,0.1038365960121154,0.7025678157806396,0.3310167491436004,1.0,0.9994914462262288,0.940632635274915,0.9779338014042126,1.0
switch-s43,switched,43,6,eng-zho,0.695085255767302,0.5406218655967904,0.0801079869270324,0.6349749565124512,0.400767982006073,1.0,0.9972200738762472,0.7821381587795065,0.8911735205616851,1.0
switch-s43,switched,43,6,nld-zho,0.5827482447342026,0.4082246740220662,0.0737388134002685,0.605785608291626,0.4105972945690155,1.0,0.9928757154999134,0.6860478930077064,0.808926780341023,1.0
switch-s43,switched,43,7,eng-nld,0.9132397191574724,0.8074222668004012,0.1220691204071044,0.7036951184272766,0.3645204603672027,1.0,0.9995543860497154,0.943500626587848,0.9804413239719156,1.0
switch-s43,switched,43,7,eng-zho,0.7231695085255767,0.5471414242728184,0.0958855748176574,0.646852970123291,0.4405041337013244,1.0,0.997557431330135,0.8038922618646125,0.9037111334002006,1.0
switch-s43,switched,43,7,nld-zho,0.5877632898696088,0.4117352056168505,0.0870392918586731,0.6082586050033569,0.4500377178192138,1.0,0.9941496175272808,0.6917397480983885,0.8164493480441324,1.0
switch-s43,switched,43,8,eng-nld,0.9102306920762286,0.8009027081243731,0.1569815874099731,0.7079634070396423,0.4290821254253387,1.0,0.999495474374932,0.9414562672426746,0.9824473420260782,1.0
switch-s43,switched,43,8,eng-zho,0.7146439317953861,0.5230692076228686,0.1218287348747253,0.6530254483222961,0.521077573299408,1.0,0.9974426290920956,0.7995531287387843,0.9037111334002006,1.0
switch-s43,switched,43,8,nld-zho,0.5957873620862588,0.4272818455366098,0.11012464761734,0.6141735315322876,0.5196788311004639,1.0,0.9947150689014836,0.6984582404366729,0.820962888665998,1.0
switch-s43,switched,43,9,eng-nld,0.8856569709127382,0.7768304914744233,0.1980261802673339,0.7068905830383301,0.5106383562088013,1.0,0.9993121936089392,0.9234467052917616,0.9684052156469408,1.0
switch-s43,switched,43,9,eng-zho,0.6865596790371113,0.4949849548645938,0.1466788053512573,0.6573453545570374,0.6161367297172546,1.0,0.9967110165838882,0.775139872991706,0.8886659979939819,1.0
switch-s43,switched,43,9,nld-zho,0.5521564694082246,0.3741223671013039,0.1370427012443542,0.6158772110939026,0.6369845271110535,1.0,0.9937528448800216,0.6636323795063944,0.8004012036108324,1.0
switch-s43,switched,43,10,eng-nld,0.868605817452357,0.7261785356068204,0.2162977159023285,0.7103634476661682,0.5634607076644897,1.0,0.9991465359935228,0.9118054845300052,0.9648946840521564,1.0
switch-s43,switched,43,10,eng-zho,0.6118355065195586,0.3841524573721163,0.1677132248878479,0.6565330028533936,0.7587448954582214,1.0,0.995394818995138,0.7190866320129968,0.854062186559679,1.0
switch-s43,switched,43,10,nld-zho,0.5010030090270812,0.2968906720160481,0.1510776877403259,0.6237634420394897,0.7842478156089783,1.0,0.9925111680422796,0.6217454486932101,0.7662988966900702,1.0
switch-s43,switched,43,11,eng-nld,0.8149448345035105,0.6133400200601805,0.2168919146060943,0.7056227922439575,0.6227134466171265,1.0,0.9987004185246502,0.8743313108101374,0.9478435305917752,1.0
switch-s43,switched,43,11,eng-zho,0.5015045135406219,0.2587763289869609,0.165516659617424,0.6481246948242188,0.9124053716659546,1.0,0.9925519530478988,0.6226813517257247,0.7627883650952858,1.0
switch-s43,switched,43,11,nld-zho,0.4072216649949849,0.2051153460381143,0.153606504201889,0.6183657646179199,0.9320968985557556,0.998995983935743,0.988632564359746,0.537146523571927,0.6935807422266801,2.0
switch-s43,switched,43,12,eng-nld,0.7808425275827482,0.5145436308926781,0.1832908689975738,0.6965909600257874,0.6008763909339905,1.0,0.9980146262079412,0.8465485520309083,0.9287863590772316,1.0
switch-s43,switched,43,12,eng-zho,0.3385155466399198,0.1584754262788365,0.1349953711032867,0.6265613436698914,1.0022176504135132,0.997991967871486,0.9815017341180168,0.4590974614891587,0.5927783350050151,3.0
switch-s43,switched,43,12,nld-zho,0.2642928786359077,0.1208625877632898,0.1259588003158569,0.5953410863876343,1.019220232963562,0.9959839357429718,0.9750471293398268,0.3858547336756416,0.522567703109328,5.0
switch-s44,switched,44,0,eng-nld,0.4287863590772316,0.2316950852557673,0.0766853690147399,0.6370536088943481,0.5619544982910156,0.998995983935743,0.9591918325256896,0.5082796212161286,0.5957873620862588,2.0
switch-s44,switched,44,0,eng-zho,0.051654964894684,0.0220661985957873,0.0420827269554138,0.5200543999671936,0.9403265118598938,0.9096385542168676,0.8337376587594107,0.0974684110496502,0.1273821464393179,91.0
switch-s44,switched,44,0,nld-zho,0.0626880641925777,0.025075225677031,0.0386946201324462,0.5001732707023621,0.9529850482940674,0.8985943775100401,0.8216793956165686,0.1042781485977179,0.1303911735205616,102.0
switch-s44,switched,44,1,eng-nld,0.7973921765295887,0.5737211634904714,0.1129257678985595,0.6208427548408508,0.419898509979248,1.0,0.996902857165875,0.8511604350823815,0.9192577733199598,1.0
switch-s44,switched,44,1,eng-zho,0.3936810431293882,0.2101303911735205,0.0792464017868042,0.543514609336853,0.5479525327682495,0.997991967871486,0.9788683319033404,0.5065178544720357,0.6374122367101304,3.0
switch-s44,switched,44,1,nld-zho,0.3124373119358074,0.1725175526579739,0.0720371603965759,0.5227752923965454,0.5525081157684326,0.9969879518072288,0.9722767700692438,0.4241940484445759,0.5496489468405216,4.0
switch-s44,switched,44,2,eng-nld,0.7778335005015045,0.5195586760280843,0.0632542371749877,0.7083755135536194,0.3125790357589721,1.0,0.9959300592540672,0.8320449216874725,0.8981945837512537,1.0
switch-s44,switched,44,2,eng-zho,0.413741223671013,0.208124373119358,0.0485791563987731,0.620937168598175,0.4048158228397369,0.998995983935743,0.9825525774109476,0.5274409735563043,0.6680040120361084,2.0
switch-s44,switched,44,2,nld-zho,0.3204613841524574,0.160481444332999,0.0451495051383972,0.606576144695282,0.4126729667186737,0.9969879518072288,0.9741282079169234,0.430609703474477,0.5431293881644935,4.0
switch-s44,switched,44,3,eng-nld,0.7713139418254764,0.5411233701103311,0.0632609128952026,0.6964765787124634,0.3137388825416565,1.0,0.9960549318638646,0.8316577969322226,0.905717151454363,1.0
switch-s44,switched,44,3,eng-zho,0.4423269809428285,0.2402206619859578,0.0498470664024353,0.6166092157363892,0.4005794823169708,0.998995983935743,0.9851492227687078,0.556867747352719,0.6960882647943831,2.0
switch-s44,switched,44,3,nld-zho,0.3430290872617854,0.1725175526579739,0.0457445979118347,0.6003323197364807,0.4102664291858673,0.997991967871486,0.9771231364777062,0.4544799272114235,0.5687061183550652,3.0
switch-s44,switched,44,4,eng-nld,0.8395185556670011,0.6680040120361084,0.0799757838249206,0.6719117164611816,0.3242908120155334,1.0,0.9979577286075092,0.8868610825983525,0.9453360080240722,1.0
switch-s44,switched,44,4,eng-zho,0.520060180541625,0.3294884653961886,0.0633042454719543,0.5989276170730591,0.4063895940780639,1.0,0.990042416405844,0.6294754939017309,0.7602808425275828,1.0
switch-s44,switched,44,4,nld-zho,0.4022066198595787,0.2427281845536609,0.0570636391639709,0.5750622153282166,0.4108954071998596,0.998995983935743,0.9841708861524332,0.5203561668706282,0.6609829488465396,2.0
switch-s44,switched,44,5,eng-nld,0.8891675025075225,0.7698094282848545,0.0867586135864257,0.6898574233055115,0.3171217143535614,1.0,0.9990020261587976,0.9255710731201804,0.9724172517552658,1.0
switch-s44,switched,44,5,eng-zho,0.6223671013039118,0.4307923771313942,0.0655871033668518,0.6221162676811218,0.3896009624004364,1.0,0.994717586494423,0.7195601501359246,0.8335005015045135,1.0
switch-s44,switched,44,5,nld-zho,0.5035105315947843,0.324974924774323,0.0605952143669128,0.5993530750274658,0.3893227279186249,1.0,0.9907971907690944,0.6211136247161976,0.7587763289869609,1.0
switch-s44,switched,44,6,eng-nld,0.9157472417251756,0.7808425275827482,0.0948982238769531,0.6968764662742615,0.3466756343841553,1.0,0.999475837150004,0.9431227154576078,0.97592778335005,1.0
switch-s44,switched,44,6,eng-zho,0.6915747241725176,0.495987963891675,0.0735672712326049,0.6403520107269287,0.4156816899776459,1.0,0.9972734468465636,0.778842942106454,0.8886659979939819,1.0
switch-s44,switched,44,6,nld-zho,0.5631895687061184,0.3585757271815446,0.0667594671249389,0.6049140095710754,0.4159373044967651,1.0,0.9934265648350674,0.6705657736929117,0.8009027081243731,1.0
switch-s44,switched,44,7,eng-nld,0.9197592778335004,0.7858575727181545,0.1170317530632019,0.7100401520729065,0.3830761611461639,1.0,0.9995765408675826,0.945648170725467,0.9804413239719156,1.0
switch-s44,switched,44,7,eng-zho,0.7161484453360081,0.5135406218655968,0.0915972590446472,0.6528897881507874,0.4635955095291137,1.0,0.9978766621148586,0.7977125107495535,0.9002006018054163,1.0
switch-s44,switched,44,7,nld-zho,0.5972918756268806,0.4047141424272819,0.0838366150856018,0.6164839267730713,0.4629940688610077,1.0,0.9947840509480248,0.6996836037776705,0.8269809428284854,1.0
switch-s44,switched,44,8,eng-nld,0.9037111334002006,0.7878635907723169,0.1474978327751159,0.7082579731941223,0.4279045462608337,1.0,0.9995090693768052,0.9347952837561097,0.970912738214644,1.0
switch-s44,switched,44,8,eng-zho,0.7051153460381143,0.518555667001003,0.1113049983978271,0.6510807275772095,0.5297707319259644,1.0,0.9977437332076552,0.7917270429712341,0.904714142427282,1.0
switch-s44,switched,44,8,nld-zho,0.5857572718154463,0.4042126379137412,0.1009074449539184,0.613971471786499,0.529297411441803,1.0,0.9951903904484538,0.6926226024412959,0.8239719157472417,1.0
switch-s44,switched,44,9,eng-nld,0.913741223671013,0.8189568706118355,0.190984845161438,0.7149955630302429,0.4494491815567016,1.0,0.9993398871312732,0.9406034924474606,0.9724172517552658,1.0
switch-s44,switched,44,9,eng-zho,0.6990972918756269,0.4994984954864593,0.1433559358119964,0.6603793501853943,0.6136239767074585,1.0,0.9975101005828731,0.7852509056401659,0.8921765295887663,1.0
switch-s44,switched,44,9,nld-zho,0.5722166499498496,0.4042126379137412,0.1329102218151092,0.6241598725318909,0.6091393828392029,1.0,0.994885761702779,0.6832762856590455,0.824974924774323,1.0
switch-s44,switched,44,10,eng-nld,0.8761283851554664,0.7176529588766298,0.2144845724105835,0.7064938545227051,0.5635913610458374,1.0,0.999009578937616,0.9165368754677972,0.9648946840521564,1.0
switch-s44,switched,44,10,eng-zho,0.623370110330993,0.3781344032096289,0.1623116433620453,0.6553532481193542,0.7581306099891663,1.0,0.9958716510978718,0.7232632641722673,0.8460381143430291,1.0
switch-s44,switched,44,10,nld-zho,0.5145436308926781,0.2978936810431294,0.150311142206192,0.6204668283462524,0.7618982195854187,1.0,0.9934446915042316,0.6327325039044123,0.7768304914744233,1.0
switch-s44,switched,44,11,eng-nld,0.8425275827482448,0.6349047141424273,0.2132304012775421,0.7042668461799622,0.6135847568511963,1.0,0.9985226764631242,0.8934056191532801,0.9553660982948846,1.0
switch-s44,switched,44,11,eng-zho,0.4889669007021063,0.2502507522567703,0.1623449623584747,0.6492800116539001,0.908029556274414,0.998995983935743,0.992868162721095,0.6143336575596743,0.7668004012036108,2.0
switch-s44,switched,44,11,nld-zho,0.4192577733199598,0.2031093279839518,0.1500061005353927,0.6165941953659058,0.9247722625732422,0.998995983935743,0.9900056595489278,0.5477252143336705,0.6990972918756269,2.0
switch-s44,switched,44,12,eng-nld,0.7883650952858576,0.5050150451354063,0.1836560368537902,0.6940184831619263,0.607585608959198,1.0,0.997861053038634,0.851752613429777,0.928284854563691,1.0
switch-s44,switched,44,12,eng-zho,0.3059177532597793,0.148445336008024,0.1402938812971115,0.6240482330322266,0.9990087747573853,0.9969879518072288,0.9831653595324124,0.4340454411073226,0.5767301905717152,4.0
switch-s44,switched,44,12,nld-zho,0.2873620862587763,0.1233701103309929,0.1312767267227172,0.5926745533943176,1.0122767686843872,0.9969879518072288,0.9787746774459928,0.4101652479845256,0.5426278836509528,4.0
switch-s45,switched,45,0,eng-nld,0.4398194583751253,0.2276830491474423,0.081864058971405,0.6232354044914246,0.5898062586784363,0.998995983935743,0.9598192166862032,0.5150244647654241,0.5912738214643932,2.0
switch-s45,switched,45,0,eng-zho,0.0566700100300902,0.0245737211634904,0.0461810231208801,0.4933299422264099,0.993135929107666,0.9136546184738956,0.8417199389332658,0.1027993488365437,0.1288866599799398,87.0
switch-s45,switched,45,0,nld-zho,0.0586760280842527,0.0220661985957873,0.0414925515651702,0.4764099419116974,1.0029648542404177,0.8900602409638554,0.8155425110673385,0.096018199916925,0.1163490471414242,110.5
switch-s45,switched,45,1,eng-nld,0.8164493480441324,0.6098294884653962,0.1199222803115844,0.6074867844581604,0.4269425868988037,1.0,0.9962195824421054,0.865261347524992,0.9232698094282848,1.0
switch-s45,switched,45,1,eng-zho,0.413741223671013,0.2256770310932798,0.0836768150329589,0.5370422601699829,0.5556136965751648,0.998995983935743,0.9824453279517268,0.5287051648340327,0.664493480441324,2.0
switch-s45,switched,45,1,nld-zho,0.3350050150451354,0.1835506519558676,0.0761527419090271,0.5150362253189087,0.5510066151618958,0.997991967871486,0.9759443994634506,0.4511303069125211,0.582246740220662,3.0
switch-s45,switched,45,2,eng-nld,0.7668004012036109,0.5125376128385155,0.0658854246139526,0.6898565292358398,0.3337548375129699,1.0,0.996012132783894,0.8263057086239345,0.8936810431293881,1.0
switch-s45,switched,45,2,eng-zho,0.4242728184553661,0.1825476429287863,0.0510668754577636,0.605525553226471,0.4417137801647186,0.998995983935743,0.9841361433698688,0.5360909042112162,0.6624874623871615,2.0
switch-s45,switched,45,2,nld-zho,0.3375125376128385,0.1549648946840521,0.0460081100463867,0.5882366895675659,0.4368460476398468,0.997991967871486,0.97710551332713,0.4553647706174736,0.5907723169508525,3.0
switch-s45,switched,45,3,eng-nld,0.7763289869608826,0.5526579739217653,0.0658923387527465,0.6997833251953125,0.3218043446540832,1.0,0.9964894684052156,0.8342461606242585,0.8986960882647944,1.0
switch-s45,switched,45,3,eng-zho,0.4674022066198595,0.2337011033099298,0.0512925386428833,0.6163725256919861,0.4166260361671448,0.998995983935743,0.9874301619718592,0.5798435079403778,0.7106318956870612,2.0
switch-s45,switched,45,3,nld-zho,0.3435305917753259,0.18555667001003,0.0477775335311889,0.5972642302513123,0.4177520275115967,0.997991967871486,0.9795833282981474,0.4682618417978793,0.6088264794383149,3.0
switch-s45,switched,45,4,eng-nld,0.8319959879638916,0.660481444332999,0.0806701183319091,0.6761953234672546,0.3317115902900696,1.0,0.997832855997712,0.8777800087457572,0.9353059177532598,1.0
switch-s45,switched,45,4,eng-zho,0.5305917753259779,0.3324974924774323,0.0638700127601623,0.5981104373931885,0.420507401227951,1.0,0.9905147168412868,0.6391158638650919,0.7683049147442327,1.0
switch-s45,switched,45,4,nld-zho,0.4012036108324975,0.2397191574724172,0.0572447180747985,0.5731198787689209,0.4220250248908996,0.998995983935743,0.9834649530922084,0.5168537690601316,0.6579739217652959,2.0
switch-s45,switched,45,5,eng-nld,0.8811434302908726,0.7567703109327983,0.0947452187538147,0.6911177039146423,0.3481237590312958,1.0,0.9989698009691724,0.9227461491537158,0.9739217652958876,1.0
switch-s45,switched,45,5,eng-zho,0.6695085255767301,0.4859578736208625,0.0760119557380676,0.623633086681366,0.4197458922863006,1.0,0.9961772868807224,0.7581936994884526,0.8645937813440321,1.0
switch-s45,switched,45,5,nld-zho,0.5290872617853561,0.3605817452357071,0.068374216556549,0.5935713052749634,0.4213207364082336,1.0,0.9914920464203856,0.6404267121146713,0.7753259779338014,1.0
switch-s45,switched,45,6,eng-nld,0.913741223671013,0.8034102306920763,0.1022430658340454,0.7021351456642151,0.3545721471309662,1.0,0.9993902389900624,0.9434831738826264,0.981444332998997,1.0
switch-s45,switched,45,6,eng-zho,0.7101303911735206,0.5275827482447342,0.0805029869079589,0.6385209560394287,0.422492504119873,1.0,0.997712011536618,0.7939852712313454,0.89518555667001,1.0
switch-s45,switched,45,6,nld-zho,0.603309929789368,0.4302908726178536,0.0722176432609558,0.6068437099456787,0.4160985052585602,1.0,0.993479434286796,0.7029859373309356,0.8174523570712137,1.0
switch-s45,switched,45,7,eng-nld,0.9237713139418254,0.8149448345035105,0.1232657432556152,0.7022111415863037,0.3730727434158325,1.0,0.9995538825311274,0.9492547928773848,0.978936810431294,1.0
switch-s45,switched,45,7,eng-zho,0.7417251755265797,0.5646940822467402,0.0975931286811828,0.6497218608856201,0.4491944015026092,1.0,0.9985272081304154,0.8232705324616488,0.9262788365095286,1.0
switch-s45,switched,45,7,nld-zho,0.6344032096288867,0.4633901705115346,0.0913740992546081,0.6106515526771545,0.4411949515342712,1.0,0.9950911972866388,0.7278569381610978,0.8425275827482447,1.0
switch-s45,switched,45,8,eng-nld,0.9062186559679036,0.7793380140421264,0.149970531463623,0.7101618051528931,0.4353304207324981,1.0,0.999457206962252,0.9378077806202512,0.9744232698094284,1.0
switch-s45,switched,45,8,eng-zho,0.7251755265797393,0.5170511534603812,0.1187062263488769,0.6576430201530457,0.5251472592353821,1.0,0.9982653784647112,0.8114545610389424,0.9182547642928788,1.0
switch-s45,switched,45,8,nld-zho,0.6053159478435306,0.4167502507522568,0.1054326295852661,0.6096781492233276,0.5198966860771179,1.0,0.994489492574108,0.7070411520957308,0.8264794383149449,1.0
switch-s45,switched,45,9,eng-nld,0.899197592778335,0.7482447342026078,0.1845906376838684,0.7185584902763367,0.5007988810539246,1.0,0.9994415978860276,0.9333228629142452,0.977432296890672,1.0
switch-s45,switched,45,9,eng-zho,0.7116349047141424,0.4839518555667,0.1475945115089416,0.6667028665542603,0.6247275471687317,1.0,0.9978031484010264,0.796200533980291,0.9037111334002006,1.0
switch-s45,switched,45,9,nld-zho,0.5872617853560682,0.4082246740220662,0.1370632350444793,0.625993013381958,0.6180285811424255,1.0,0.9946209109255476,0.6910649318705838,0.8124373119358074,1.0
switch-s45,switched,45,10,eng-nld,0.8786359077231696,0.7171514543630892,0.2135585844516754,0.7172411680221558,0.5490612387657166,1.0,0.9992663734174412,0.9191797659385248,0.9699097291875628,1.0
switch-s45,switched,45,10,eng-zho,0.6344032096288867,0.3741223671013039,0.1596306562423706,0.6617841124534607,0.7540066242218018,1.0,0.996833875119334,0.7358673682246935,0.8645937813440321,1.0
switch-s45,switched,45,10,nld-zho,0.5170511534603812,0.3224674022066198,0.1496946215629577,0.6203747391700745,0.7484433650970459,1.0,0.9931823583199396,0.6372348077899918,0.7788365095285857,1.0
switch-s45,switched,45,11,eng-nld,0.8430290872617854,0.619358074222668,0.2141537964344024,0.7128665447235107,0.6151887774467468,1.0,0.9989123998501528,0.8954173957648309,0.958876629889669,1.0
switch-s45,switched,45,11,eng-zho,0.4869608826479438,0.2447342026078234,0.1640687882900238,0.6524482369422913,0.9161370992660522,0.998995983935743,0.9934673498406869,0.6149967672321424,0.771815446339017,2.0
switch-s45,switched,45,11,nld-zho,0.4242728184553661,0.2041123370110331,0.1549299359321594,0.6141430139541626,0.922175943851471,0.998995983935743,0.9893616592750136,0.550990582492144,0.6965897693079238,2.0
switch-s45,switched,45,12,eng-nld,0.7753259779338014,0.4884653961885657,0.1851067841053009,0.6978111863136292,0.6100720763206482,1.0,0.997935573789642,0.8443354638607451,0.932296890672016,1.0
switch-s45,switched,45,12,eng-zho,0.3034102306920762,0.1539618856569709,0.1344174146652221,0.6242784261703491,1.0182875394821167,0.9969879518072288,0.981565680978679,0.4322408769695454,0.5712136409227683,4.0
switch-s45,switched,45,12,nld-zho,0.2637913741223671,0.1168505516549649,0.1305762082338333,0.5875819325447083,1.0166562795639038,0.9959839357429718,0.9772746955726618,0.3919423558036419,0.5280842527582749,5.0
switch-s46,switched,46,0,eng-nld,0.4368104312938816,0.2281845536609829,0.079679250717163,0.633979320526123,0.5725025534629822,0.998995983935743,0.9600291839373544,0.5167828254041692,0.6043129388164493,2.0
switch-s46,switched,46,0,eng-zho,0.0616850551654964,0.0280842527582748,0.0434956550598144,0.5124436616897583,0.9615370631217957,0.9066265060240964,0.8273746943642171,0.1077139995704014,0.1394182547642928,94.0
switch-s46,switched,46,0,nld-zho,0.0656970912738214,0.025075225677031,0.0399935841560363,0.4935745596885681,0.9695113897323608,0.8860441767068273,0.8063185540557415,0.1049126293039397,0.1268806419257773,114.5
switch-s46,switched,46,1,eng-nld,0.7853560682046139,0.5631895687061184,0.1070286035537719,0.6277517080307007,0.4201834499835968,1.0,0.9961314666892244,0.8414940071617961,0.9067201604814444,1.0
switch-s46,switched,46,1,eng-zho,0.4077231695085256,0.2036108324974924,0.0760921835899353,0.5593861937522888,0.5399165153503418,0.998995983935743,0.9823400925668572,0.5225113588714784,0.6574724172517553,2.0
switch-s46,switched,46,1,nld-zho,0.3214643931795386,0.160481444332999,0.0676628351211547,0.5367611646652222,0.5450332760810852,0.9969879518072288,0.9716634844291911,0.4355459997550372,0.5561685055165496,4.0
switch-s46,switched,46,2,eng-nld,0.7412236710130391,0.4909729187562688,0.0547174215316772,0.7096167802810669,0.3055684268474579,1.0,0.99460127370062,0.8069430815224934,0.8826479438314945,1.0
switch-s46,switched,46,2,eng-zho,0.4062186559679037,0.1800401203610832,0.0418354272842407,0.6265214681625366,0.3938416242599487,0.998995983935743,0.9840258727991202,0.5225543585640903,0.6489468405215647,2.0
switch-s46,switched,46,2,nld-zho,0.3094282848545637,0.1414242728184553,0.0391115546226501,0.6103487014770508,0.3984297811985016,0.9969879518072288,0.973994775491132,0.4274267826402198,0.5526579739217653,4.0
switch-s46,switched,46,3,eng-nld,0.791875626880642,0.5757271815446339,0.0659670829772949,0.6873569488525391,0.3159810304641723,1.0,0.9962382126298576,0.8447373452021156,0.9077231695085256,1.0
switch-s46,switched,46,3,eng-zho,0.4799398194583751,0.2723169508525577,0.050287127494812,0.6082815527915955,0.3995614051818847,0.998995983935743,0.9889195699548444,0.5908322143945626,0.7206619859578737,2.0
switch-s46,switched,46,3,nld-zho,0.3575727181544634,0.18555667001003,0.0468860268592834,0.5891590714454651,0.403219074010849,0.997991967871486,0.9795964197814326,0.4734706468090626,0.60481444332999,3.0
switch-s46,switched,46,4,eng-nld,0.8345035105315948,0.679037111334002,0.0800991058349609,0.6727551817893982,0.3290181457996368,1.0,0.9977684056184616,0.8807277507937072,0.9398194583751254,1.0
switch-s46,switched,46,4,eng-zho,0.5536609829488466,0.3781344032096289,0.0619744062423706,0.6010316014289856,0.3987185955047607,1.0,0.9922584017111574,0.6597623208706669,0.7898696088264794,1.0
switch-s46,switched,46,4,nld-zho,0.4087261785356068,0.2818455366098295,0.0568292140960693,0.5770119428634644,0.4001915752887726,0.998995983935743,0.984858189024906,0.5310794199614784,0.6735205616850551,2.0
switch-s46,switched,46,5,eng-nld,0.8891675025075225,0.7487462387161485,0.090334951877594,0.6861184239387512,0.3401168882846832,1.0,0.9989330441122564,0.9234219749682474,0.9638916750250752,1.0
switch-s46,switched,46,5,eng-zho,0.6409227683049148,0.4388164493480441,0.070263922214508,0.6141788959503174,0.4101597368717193,1.0,0.995586156058537,0.7331601030834899,0.8455366098294884,1.0
switch-s46,switched,46,5,nld-zho,0.5055165496489469,0.3229689067201605,0.0614125728607177,0.5895748734474182,0.4138098359107971,1.0,0.990061046593596,0.6141570118815435,0.7372116349047142,1.0
switch-s46,switched,46,6,eng-nld,0.9077231695085256,0.7898696088264794,0.1005918383598327,0.6983155012130737,0.3461613953113556,1.0,0.9993766439881894,0.9380011099191476,0.9754262788365096,1.0
switch-s46,switched,46,6,eng-zho,0.6920762286860582,0.5035105315947843,0.0778277516365051,0.6373188495635986,0.4172511398792267,1.0,0.9976254063395004,0.7826062953904931,0.8976930792377131,1.0
switch-s46,switched,46,6,nld-zho,0.5621865596790372,0.3866599799398195,0.0718350410461425,0.6064282059669495,0.4172312915325165,1.0,0.9934854765098508,0.6705398565973917,0.8004012036108324,1.0
switch-s46,switched,46,7,eng-nld,0.9167502507522568,0.8179538615847542,0.1340063214302063,0.713407039642334,0.3897290825843811,1.0,0.9996062484642684,0.9449618908420028,0.978936810431294,1.0
switch-s46,switched,46,7,eng-zho,0.7397191574724173,0.5346038114343029,0.1034728288650512,0.6591799259185791,0.463208258152008,1.0,0.9981400023363262,0.8200947370854613,0.9232698094282848,1.0
switch-s46,switched,46,7,nld-zho,0.6043129388164493,0.4247743229689067,0.0960106253623962,0.6205296516418457,0.4694671332836151,1.0,0.9951873693369264,0.7067651717309629,0.8309929789368105,1.0
switch-s46,switched,46,8,eng-nld,0.9207622868605818,0.8224674022066198,0.1659234166145324,0.7197161912918091,0.4303356409072876,1.0,0.999588121795104,0.9467041861676831,0.9804413239719156,1.0
switch-s46,switched,46,8,eng-zho,0.7422266800401203,0.5486459378134403,0.1319003701210022,0.6660698652267456,0.5361421704292297,1.0,0.9979708200907944,0.8225764063148222,0.9267803410230692,1.0
switch-s46,switched,46,8,nld-zho,0.6288866599799399,0.4553660982948846,0.1222992539405822,0.6275103092193604,0.5363339781761169,1.0,0.9953912943650228,0.7244811790082868,0.8365095285857572,1.0
switch-s46,switched,46,9,eng-nld,0.8931795386158475,0.7788365095285859,0.1977226734161377,0.7186340093612671,0.5005824565887451,1.0,0.999262345268738,0.9274162731705922,0.973420260782347,1.0
switch-s46,switched,46,9,eng-zho,0.6925777331995988,0.4643931795386158,0.1562530696392059,0.6677311658859253,0.6602417230606079,1.0,0.9969939940302835,0.7821416375104921,0.892678034102307,1.0
switch-s46,switched,46,9,nld-zho,0.5752256770310933,0.3841524573721163,0.1443473398685455,0.6295579671859741,0.6564512848854065,1.0,0.9939814423189248,0.6829527535427172,0.8144433299899699,1.0
switch-s46,switched,46,10,eng-nld,0.8731193580742227,0.7397191574724172,0.2206087708473205,0.7135637402534485,0.5489099621772766,1.0,0.9989461355955416,0.9138203594316172,0.9648946840521564,1.0
switch-s46,switched,46,10,eng-zho,0.6163490471414244,0.3660982948846539,0.1640919744968414,0.6639171838760376,0.7777270674705505,1.0,0.9957724579360572,0.7230413052593585,0.854062186559679,1.0
switch-s46,switched,46,10,nld-zho,0.506519558676028,0.3034102306920762,0.1505894660949707,0.6296837329864502,0.7865269184112549,1.0,0.9927035121428542,0.6280716236019053,0.775827482447342,1.0
switch-s46,switched,46,11,eng-nld,0.8244734202607823,0.6118355065195586,0.2128820419311523,0.7072924375534058,0.6315891742706299,1.0,0.9985196553515968,0.880219726591657,0.9513540621865596,1.0
switch-s46,switched,46,11,eng-zho,0.4884653961885656,0.2377131394182547,0.1609870940446853,0.652620792388916,0.9308514595031738,0.998995983935743,0.9926471180610104,0.6116159646894433,0.7612838515546639,2.0
switch-s46,switched,46,11,nld-zho,0.4027081243731193,0.2076228686058174,0.1531668901443481,0.6228237748146057,0.944476306438446,0.998995983935743,0.9887659967855374,0.5323012442967242,0.683049147442327,2.0
switch-s46,switched,46,12,eng-nld,0.7928786359077231,0.5220661985957873,0.184106171131134,0.6987725496292114,0.6138123869895935,1.0,0.9976400083785492,0.8533693868318921,0.9292878635907724,1.0
switch-s46,switched,46,12,eng-zho,0.3365095285857573,0.148445336008024,0.1367848515510559,0.6279076933860779,1.0045661926269531,0.997991967871486,0.9819035419511548,0.4557659923329607,0.5922768304914744,3.0
switch-s46,switched,46,12,nld-zho,0.2828485456369107,0.1213640922768305,0.130326360464096,0.596951961517334,1.0240943431854248,0.9969879518072288,0.9770048096095516,0.4058341327170966,0.5396188565697091,4.0
switch-s47,switched,47,0,eng-nld,0.421765295887663,0.2261785356068204,0.0811686515808105,0.6237354278564453,0.5796864628791809,0.998995983935743,0.959021643242982,0.5052167748113779,0.5907723169508525,2.0
switch-s47,switched,47,0,eng-zho,0.0656970912738214,0.0235707121364092,0.0450813472270965,0.4959103763103485,0.9762641787528992,0.9186746987951808,0.8456921970731471,0.1101852257878862,0.1318956870611835,82.0
switch-s47,switched,47,0,nld-zho,0.0621865596790371,0.0235707121364092,0.0407498776912689,0.480518490076065,0.9820989966392516,0.9086345381526104,0.828533794153545,0.1085396412776367,0.1344032096288866,92.0
switch-s47,switched,47,1,eng-nld,0.8054162487462387,0.5912738214643932,0.1222636699676513,0.5934851169586182,0.4384895861148834,1.0,0.9967704317772595,0.8555906241908992,0.9182547642928788,1.0
switch-s47,switched,47,1,eng-zho,0.4252758274824473,0.2131394182547643,0.0834279060363769,0.5303812026977539,0.562994658946991,0.998995983935743,0.9829599239485524,0.5322799026739504,0.6619859578736209,2.0
switch-s47,switched,47,1,nld-zho,0.3264794383149448,0.1740220661985957,0.078060507774353,0.51144939661026,0.5646607279777527,0.997991967871486,0.9748286022726816,0.4446978375223003,0.578234704112337,3.0
switch-s47,switched,47,2,eng-nld,0.778335005015045,0.526579739217653,0.0676793456077575,0.6831238865852356,0.3313314616680145,1.0,0.996301152453344,0.8337934428335303,0.9007021063189569,1.0
switch-s47,switched,47,2,eng-zho,0.4227683049147442,0.1885656970912738,0.0522875189781188,0.6028729677200317,0.435590535402298,0.998995983935743,0.985605410609338,0.5392352587525119,0.679037111334002,2.0
switch-s47,switched,47,2,nld-zho,0.350050150451354,0.1544633901705115,0.0479645133018493,0.5941060781478882,0.4369204342365265,0.997991967871486,0.9777414573036378,0.4644300301493774,0.5897693079237714,3.0
switch-s47,switched,47,3,eng-nld,0.7873620862587762,0.5496489468405216,0.0697976946830749,0.6812421083450317,0.3304187953472137,1.0,0.9965423378569443,0.8415117673065767,0.9037111334002006,1.0
switch-s47,switched,47,3,eng-zho,0.4789368104312939,0.2432296890672016,0.0549224019050598,0.6051933169364929,0.4250774085521698,0.998995983935743,0.9886723423281892,0.5901416986547156,0.7231695085255767,2.0
switch-s47,switched,47,3,nld-zho,0.3746238716148445,0.1930792377131394,0.04905766248703,0.5907403826713562,0.4292850196361542,0.997991967871486,0.9803396132171616,0.4932364048304095,0.633901705115346,3.0
switch-s47,switched,47,4,eng-nld,0.8340020060180542,0.6705115346038115,0.0856127738952636,0.6733414530754089,0.3335273265838623,1.0,0.99802922824699,0.8822282094843136,0.9413239719157472,1.0
switch-s47,switched,47,4,eng-zho,0.5436308926780341,0.3620862587763289,0.0675995945930481,0.6018915176391602,0.4209811091423034,1.0,0.9915242716100108,0.6471283852337885,0.7733199598796389,1.0
switch-s47,switched,47,4,nld-zho,0.4247743229689067,0.2607823470411233,0.0609455108642578,0.5775454044342041,0.4228025674819946,0.998995983935743,0.9855857733844102,0.5483630690513897,0.6965897693079238,2.0
switch-s47,switched,47,5,eng-nld,0.8826479438314945,0.7191574724172518,0.0912760496139526,0.6912452578544617,0.3435586094856262,1.0,0.9988197524299808,0.91755627361256,0.9608826479438316,1.0
switch-s47,switched,47,5,eng-zho,0.6354062186559679,0.4493480441323972,0.0718777179718017,0.6230887174606323,0.4207000732421875,1.0,0.9954668221532066,0.7308122201820159,0.8520561685055166,1.0
switch-s47,switched,47,5,nld-zho,0.5175526579739218,0.347542627883651,0.0645695328712463,0.5948234796524048,0.4202212989330292,1.0,0.9908223666984888,0.6336198474593322,0.7733199598796389,1.0
switch-s47,switched,47,6,eng-nld,0.9157472417251756,0.8069207622868606,0.1037079691886901,0.707338809967041,0.3388276994228363,1.0,0.9994929567819923,0.9434053824489532,0.9764292878635908,1.0
switch-s47,switched,47,6,eng-zho,0.7041123370110332,0.5190571715145437,0.0814047455787658,0.6450541615486145,0.4189809560775757,1.0,0.997828324330421,0.7920898535446593,0.9007021063189569,1.0
switch-s47,switched,47,6,nld-zho,0.5867602808425276,0.4262788365095286,0.0743387937545776,0.6143361330032349,0.4098143279552459,1.0,0.9939149778653228,0.6965232778856001,0.8309929789368105,1.0
switch-s47,switched,47,7,eng-nld,0.9067201604814444,0.7858575727181545,0.1154789924621582,0.707004964351654,0.3779574930667877,1.0,0.9995488473452486,0.938202467012944,0.9794383149448344,1.0
switch-s47,switched,47,7,eng-zho,0.7161484453360081,0.5115346038114343,0.0875164866447448,0.6504388451576233,0.4634120166301727,1.0,0.9982678960576508,0.8037751838451761,0.9197592778335004,1.0
switch-s47,switched,47,7,nld-zho,0.5977933801404213,0.4177532597793379,0.0817436575889587,0.614040195941925,0.4545215964317322,1.0,0.9947991565056616,0.7039625757403849,0.8370110330992979,1.0
switch-s47,switched,47,8,eng-nld,0.9172517552657974,0.8149448345035105,0.1508598923683166,0.7124861478805542,0.4151454865932464,1.0,0.9995543860497152,0.9448464089104892,0.978936810431294,1.0
switch-s47,switched,47,8,eng-zho,0.7171514543630892,0.5320962888665998,0.1172456741333007,0.6625732183456421,0.5255804061889648,1.0,0.9983696068124052,0.8064420158675173,0.9187562688064193,1.0
switch-s47,switched,47,8,nld-zho,0.5997993981945837,0.4332998996990973,0.1051194667816162,0.6227094531059265,0.5208277106285095,1.0,0.9949950252363516,0.7070517574587254,0.8400200601805417,1.0
switch-s47,switched,47,9,eng-nld,0.8851554663991976,0.7607823470411234,0.1935259699821472,0.7129366397857666,0.4979419112205505,1.0,0.9993610349119648,0.9248972971432248,0.9729187562688064,1.0
switch-s47,switched,47,9,eng-zho,0.70160481444333,0.4969909729187562,0.148466408252716,0.6640593409538269,0.625261664390564,1.0,0.9979179506390656,0.791353889934111,0.905717151454363,1.0
switch-s47,switched,47,9,nld-zho,0.5651955867602808,0.3976930792377131,0.1388888359069824,0.6279890537261963,0.6225594878196716,1.0,0.9944033908955784,0.6775302521785884,0.8134403209628887,1.0
switch-s47,switched,47,10,eng-nld,0.8691073219658977,0.7051153460381143,0.2168569862842559,0.7184011936187744,0.5616506338119507,1.0,0.9991848034062024,0.9135892224321818,0.9704112337011032,1.0
switch-s47,switched,47,10,eng-zho,0.6389167502507522,0.3861584754262788,0.1664609611034393,0.6644375920295715,0.7670327425003052,1.0,0.9966455591674622,0.7389759424943954,0.8640922768304915,1.0
switch-s47,switched,47,10,nld-zho,0.5325977933801405,0.3279839518555667,0.1537621617317199,0.631157398223877,0.7628569602966309,1.0,0.9935695641140287,0.6481745173882273,0.7958876629889668,1.0
switch-s47,switched,47,11,eng-nld,0.8239719157472417,0.6028084252758275,0.2190266549587249,0.7062714695930481,0.6203724145889282,1.0,0.9987522809392032,0.8808723133436102,0.954864593781344,1.0
switch-s47,switched,47,11,eng-zho,0.4989969909729188,0.2412236710130391,0.1611940413713455,0.6530951857566833,0.9179658889770508,0.998995983935743,0.9932196186954436,0.6189484425987931,0.7708124373119358,2.0
switch-s47,switched,47,11,nld-zho,0.4192577733199599,0.2171514543630892,0.1511823832988739,0.6207231879234314,0.9321976900100708,0.998995983935743,0.9899089839800528,0.5533558509994245,0.7106318956870612,2.0
switch-s47,switched,47,12,eng-nld,0.7673019057171515,0.4658976930792377,0.184270292520523,0.6977309584617615,0.6091288328170776,1.0,0.9977663915441104,0.8356622175768533,0.9227683049147444,1.0
switch-s47,switched,47,12,eng-zho,0.3109327983951855,0.1464393179538616,0.1347306072711944,0.6238606572151184,1.0097694396972656,0.9969879518072288,0.9817610461907812,0.4353766707853709,0.5767301905717152,4.0
switch-s47,switched,47,12,nld-zho,0.2678034102306921,0.1233701103309929,0.125494122505188,0.5941420793533325,1.0247297286987305,0.9969879518072288,0.9768124655089768,0.395514974537719,0.5416248746238717,4.0
switch-s48,switched,48,0,eng-nld,0.4252758274824473,0.2221664994984954,0.0812110900878906,0.6245701313018799,0.5822497010231018,0.997991967871486,0.9583620338928432,0.5039488728509385,0.5872617853560682,3.0
switch-s48,switched,48,0,eng-zho,0.0536609829488465,0.0265797392176529,0.0446702539920806,0.5019027590751648,0.9742444753646852,0.9136546184738956,0.840541705437598,0.1011757074508601,0.125877632898696,87.0
switch-s48,switched,48,0,nld-zho,0.0646940822467402,0.0215646940822467,0.0408516824245452,0.4847205579280853,0.9863893389701844,0.8985943775100401,0.822326920520598,0.1085251437625648,0.1323971915747241,102.0
switch-s48,switched,48,1,eng-nld,0.8039117352056169,0.6178535606820461,0.1079882979393005,0.6161229610443115,0.404628187417984,1.0,0.997094194229274,0.8521949900765228,0.9072216649949848,1.0
switch-s48,switched,48,1,eng-zho,0.4157472417251755,0.2251755265797392,0.0756488442420959,0.540797770023346,0.5179516673088074,0.998995983935743,0.982149762540634,0.5321602988746514,0.6634904714142428,2.0
switch-s48,switched,48,1,nld-zho,0.3199598796389167,0.1700100300902708,0.0679877400398254,0.519223153591156,0.5305589437484741,0.9969879518072288,0.974087926429892,0.4383756458634393,0.5737211634904714,4.0
switch-s48,switched,48,2,eng-nld,0.7763289869608827,0.522567703109328,0.0613964796066284,0.6968101263046265,0.3177008032798767,1.0,0.9960519107523372,0.8305520500915266,0.8906720160481444,1.0
switch-s48,switched,48,2,eng-zho,0.432296890672016,0.2036108324974924,0.0480262041091918,0.6056538224220276,0.4148008823394775,0.998995983935743,0.9843289909890314,0.54740270393105,0.6815446339017052,2.0
switch-s48,switched,48,2,nld-zho,0.3259779338014042,0.1474423269809428,0.0443096160888671,0.5956054925918579,0.424138069152832,0.9969879518072288,0.974909668765332,0.4421347580538941,0.5752256770310933,4.0
switch-s48,switched,48,3,eng-nld,0.7813440320962888,0.5541624874623872,0.0659955143928527,0.6849241852760315,0.3206657469272613,1.0,0.996357546535188,0.8365177113308053,0.9002006018054163,1.0
switch-s48,switched,48,3,eng-zho,0.4769307923771314,0.2472417251755265,0.0528110861778259,0.6008903384208679,0.4080940186977386,0.998995983935743,0.9879382122270424,0.5875326490535675,0.7216649949849548,2.0
switch-s48,switched,48,3,nld-zho,0.3550651955867603,0.1720160481444333,0.0467554926872253,0.5874758362770081,0.4216063916683197,0.997991967871486,0.9792510060301384,0.4709325311691159,0.6098294884653962,3.0
switch-s48,switched,48,4,eng-nld,0.8460381143430291,0.7101303911735206,0.0895137786865234,0.6746138334274292,0.3333101272583008,1.0,0.9983872299629812,0.8921687355403266,0.948345035105316,1.0
switch-s48,switched,48,4,eng-zho,0.5787362086258776,0.3956870611835507,0.0695383548736572,0.5989574790000916,0.4163716435432434,1.0,0.9930715842306036,0.6800256685543128,0.8054162487462387,1.0
switch-s48,switched,48,4,nld-zho,0.4453360080240722,0.2828485456369107,0.0629500150680542,0.5746220946311951,0.4205477237701416,0.998995983935743,0.987417574007162,0.5644200187250566,0.7021063189568706,2.0
switch-s48,switched,48,5,eng-nld,0.8916750250752257,0.7542627883650952,0.0957280993461608,0.6871271133422852,0.3392811119556427,1.0,0.9990830926514482,0.9255044073050048,0.9689067201604814,1.0
switch-s48,switched,48,5,eng-zho,0.645937813440321,0.4663991975927783,0.0741312503814697,0.6125472187995911,0.422098159790039,1.0,0.9957039794081036,0.7385638643533102,0.8525576730190572,1.0
switch-s48,switched,48,5,nld-zho,0.5150451354062187,0.3520561685055166,0.0676230192184448,0.5906436443328857,0.4202805161476135,1.0,0.9912790580577072,0.633920228081989,0.7838515546639919,1.0
switch-s48,switched,48,6,eng-nld,0.9002006018054163,0.7557673019057172,0.1061158180236816,0.6974349021911621,0.355990320444107,1.0,0.9993469363915038,0.9340388274912916,0.9744232698094284,1.0
switch-s48,switched,48,6,eng-zho,0.6860581745235708,0.5285857572718154,0.0806664228439331,0.6306744813919067,0.4337203502655029,1.0,0.996828336414867,0.7731956457590724,0.8851554663991976,1.0
switch-s48,switched,48,6,nld-zho,0.5702106318956871,0.3851554663991976,0.0742645263671875,0.6057061553001404,0.4306540191173553,1.0,0.9934718815079776,0.6793871454033764,0.8109327983951855,1.0
switch-s48,switched,48,7,eng-nld,0.8876629889669008,0.7326980942828485,0.1265857219696045,0.7094481587409973,0.407407283782959,1.0,0.9993524750959706,0.9247722408810644,0.970912738214644,1.0
switch-s48,switched,48,7,eng-zho,0.7021063189568706,0.5050150451354062,0.0952591300010681,0.6468870043754578,0.4927320778369903,1.0,0.996782012704781,0.7867993366187206,0.8956870611835507,1.0
switch-s48,switched,48,7,nld-zho,0.5601805416248746,0.3906720160481444,0.0860661268234252,0.6116947531700134,0.4909541308879852,1.0,0.9937805384023556,0.6716533061410148,0.8129388164493481,1.0
switch-s48,switched,48,8,eng-nld,0.9157472417251756,0.8199598796389167,0.1603836417198181,0.7102885842323303,0.4084216058254242,1.0,0.9995856042021648,0.9442610007157812,0.978936810431294,1.0
switch-s48,switched,48,8,eng-zho,0.7136409227683049,0.5546639919759278,0.1228172183036804,0.6510727405548096,0.5375261306762695,1.0,0.9975372905866192,0.8033127756696374,0.9107321965897692,1.0
switch-s48,switched,48,8,nld-zho,0.6183550651955867,0.4438314944834504,0.1127362251281738,0.6187806129455566,0.5373576283454895,1.0,0.9947286639033566,0.7167545632908379,0.8375125376128385,1.0
switch-s48,switched,48,9,eng-nld,0.899197592778335,0.7898696088264794,0.2038959860801696,0.717915952205658,0.4749270677566528,1.0,0.9994123938079296,0.9328502916878472,0.9739217652958876,1.0
switch-s48,switched,48,9,eng-zho,0.6970912738214644,0.5155466399197592,0.1532221138477325,0.6610764861106873,0.6319303512573242,1.0,0.997030247368612,0.7842896053065489,0.8906720160481444,1.0
switch-s48,switched,48,9,nld-zho,0.594282848545637,0.4207622868605817,0.140839546918869,0.6342400908470154,0.6293427348136902,1.0,0.9946032877749714,0.6968168060496667,0.8189568706118355,1.0
switch-s48,switched,48,10,eng-nld,0.8615847542627884,0.6840521564694082,0.2122194170951843,0.7140032649040222,0.5667157769203186,1.0,0.9991344515474132,0.9059530069888324,0.961384152457372,1.0
switch-s48,switched,48,10,eng-zho,0.6023069207622869,0.3791374122367101,0.1625048816204071,0.6578678488731384,0.7749311327934265,1.0,0.9955081106774136,0.7074220350555366,0.8400200601805417,1.0
switch-s48,switched,48,10,nld-zho,0.5130391173520562,0.320962888665998,0.1552774608135223,0.6298239231109619,0.7652390003204346,1.0,0.99292908847023,0.6314389004613831,0.7738214643931796,1.0
switch-s48,switched,48,11,eng-nld,0.8179538615847542,0.5932798395185557,0.21940878033638,0.7036757469177246,0.6216831207275391,1.0,0.9987694005711916,0.8757672404636975,0.9498495486459378,1.0
switch-s48,switched,48,11,eng-zho,0.5110330992978938,0.2743229689067201,0.1677029877901077,0.6453684568405151,0.9060494303703308,1.0,0.9930041127398258,0.6267448505352681,0.7698094282848545,1.0
switch-s48,switched,48,11,nld-zho,0.4087261785356068,0.2126379137412236,0.1592435240745544,0.6196488738059998,0.9178271889686584,0.998995983935743,0.9894014372434572,0.5397021609328437,0.6925777331995988,2.0
switch-s48,switched,48,12,eng-nld,0.7662988966900702,0.4704112337011032,0.1863524317741394,0.6959142684936523,0.6056540608406067,1.0,0.997982401018316,0.8344742450038395,0.9212637913741224,1.0
switch-s48,switched,48,12,eng-zho,0.3324974924774323,0.1529588766298896,0.138512834906578,0.6223786473274231,1.0075733661651611,0.997991967871486,0.9819408023266588,0.4524357947020569,0.5867602808425276,3.0
switch-s48,switched,48,12,nld-zho,0.2688064192577733,0.125877632898696,0.131517231464386,0.5963758826255798,1.018566370010376,0.9959839357429718,0.9764665482390948,0.3876824055199226,0.5120361083249749,5.0
switch-s49,switched,49,0,eng-nld,0.4282848545636911,0.2211634904714142,0.082068383693695,0.6202545762062073,0.586514413356781,0.997991967871486,0.9577306215836264,0.5056740701802928,0.5852557673019058,3.0
switch-s49,switched,49,0,eng-zho,0.0591775325977933,0.025075225677031,0.043383777141571,0.4948871731758117,0.9820381999015808,0.9096385542168676,0.8318922631347859,0.1021674496713681,0.1278836509528585,91.0
switch-s49,switched,49,0,nld-zho,0.0606820461384152,0.0270812437311935,0.0405040979385376,0.4689836204051971,0.9935293197631836,0.8895582329317269,0.8069716176642376,0.1001886862013154,0.119358074222668,111.0
switch-s49,switched,49,1,eng-nld,0.8124373119358075,0.6278836509528586,0.1283379197120666,0.5993230938911438,0.4355611503124237,1.0,0.9967437452921012,0.8611407967692323,0.9212637913741224,1.0
switch-s49,switched,49,1,eng-zho,0.3996990972918756,0.2086258776328987,0.0870512127876281,0.5283721089363098,0.5619203448295593,0.998995983935743,0.9794055862366214,0.5134999419066261,0.6414242728184554,2.0
switch-s49,switched,49,1,nld-zho,0.316950852557673,0.1780341023069207,0.0804515480995178,0.5103879570960999,0.5653982758522034,0.9969879518072288,0.9725078851010864,0.4334982244114694,0.5712136409227683,4.0
switch-s49,switched,49,2,eng-nld,0.7647943831494484,0.5140421263791374,0.0713551044464111,0.658114492893219,0.3536044359207153,1.0,0.9953917978836108,0.821111064310108,0.8871614844533601,1.0
switch-s49,switched,49,2,eng-zho,0.40320962888666,0.175025075225677,0.0519497990608215,0.5738453269004822,0.4457323849201202,0.998995983935743,0.9832791547332762,0.5218422017009882,0.6614844533600802,2.0
switch-s49,switched,49,2,nld-zho,0.3299899699097292,0.1534603811434303,0.0493162274360656,0.5672821998596191,0.4539462327957153,0.9974899598393574,0.9749257813601448,0.4477601743929242,0.5787362086258776,3.5
switch-s49,switched,49,3,eng-nld,0.761283851554664,0.5310932798395186,0.066354215145111,0.6876558065414429,0.3279028236865997,1.0,0.9958731616536356,0.8206430946940224,0.8936810431293881,1.0
switch-s49,switched,49,3,eng-zho,0.4438314944834504,0.2276830491474423,0.0504497289657592,0.5994095206260681,0.4086097478866577,0.998995983935743,0.9864306775748932,0.5622865463753924,0.6995987963891676,2.0
switch-s49,switched,49,3,nld-zho,0.3545636910732196,0.1840521564694082,0.0471500754356384,0.5919771194458008,0.4175489842891693,0.997991967871486,0.9794720506902233,0.4749314449099462,0.6118355065195586,3.0
switch-s49,switched,49,4,eng-nld,0.7988966900702106,0.6003009027081244,0.0769385695457458,0.6829997897148132,0.3356692194938659,1.0,0.99707606756011,0.8504887981892025,0.9172517552657974,1.0
switch-s49,switched,49,4,eng-zho,0.5070210631895687,0.3014042126379137,0.0580131411552429,0.6050283312797546,0.4127644300460815,1.0,0.9896894498757316,0.618075564578088,0.7517552657973922,1.0
switch-s49,switched,49,4,nld-zho,0.3916750250752256,0.2191574724172517,0.0532819032669067,0.588671863079071,0.4187708795070648,0.998995983935743,0.983270594917282,0.5118957243712732,0.6479438314944834,2.0
switch-s49,switched,49,5,eng-nld,0.8350050150451354,0.681544633901705,0.0829413533210754,0.6749723553657532,0.3306335210800171,1.0,0.998094685663416,0.8818899775309107,0.9423269809428284,1.0
switch-s49,switched,49,5,eng-zho,0.5942828485456368,0.3816449348044132,0.065877079963684,0.6043298244476318,0.4034293293952942,1.0,0.9936793311661892,0.6929973644582803,0.8154463390170511,1.0
switch-s49,switched,49,5,nld-zho,0.4724172517552658,0.2883650952858576,0.0609198808670043,0.5801700353622437,0.4042708575725555,0.998995983935743,0.9882750661623424,0.5839768038897849,0.7156469408224674,2.0
switch-s49,switched,49,6,eng-nld,0.8691073219658977,0.7321965897693079,0.0833278894424438,0.6881444454193115,0.3269398510456085,1.0,0.998721062786754,0.9097953696229072,0.9633901705115346,1.0
switch-s49,switched,49,6,eng-zho,0.648445336008024,0.4353059177532598,0.0648649334907531,0.6195768117904663,0.4059926867485046,1.0,0.9956682295883634,0.7393694915451897,0.8460381143430291,1.0
switch-s49,switched,49,6,nld-zho,0.5155466399197592,0.3259779338014042,0.0592876076698303,0.5919680595397949,0.4020436406135559,1.0,0.9907659726166452,0.627189406666835,0.7632898696088265,1.0
switch-s49,switched,49,7,eng-nld,0.913741223671013,0.7948846539618857,0.1015415787696838,0.7029404640197754,0.3362265527248382,1.0,0.999374629913838,0.942412453325386,0.9784353059177532,1.0
switch-s49,switched,49,7,eng-zho,0.7171514543630892,0.5195586760280843,0.0803409218788147,0.6410037279129028,0.4134933948516845,1.0,0.9977266135756668,0.8005152915453834,0.9022066198595788,1.0
switch-s49,switched,49,7,nld-zho,0.5907723169508525,0.4167502507522568,0.0733144283294677,0.6087639331817627,0.408677726984024,1.0,0.9943233314401032,0.6951902549351562,0.824974924774323,1.0
switch-s49,switched,49,8,eng-nld,0.909729187562688,0.7963891675025074,0.1363136768341064,0.7066814303398132,0.3918721079826355,1.0,0.9994914462262288,0.9410712331184422,0.9799398194583752,1.0
switch-s49,switched,49,8,eng-zho,0.7136409227683049,0.4969909729187562,0.103430688381195,0.6471745371818542,0.4914198815822601,1.0,0.99788824304238,0.7986108660260732,0.9127382146439318,1.0
switch-s49,switched,49,8,nld-zho,0.5942828485456368,0.3931795386158475,0.096107542514801,0.6062553524971008,0.4883678555488586,1.0,0.9945811329571042,0.6980852749874591,0.8335005015045135,1.0
switch-s49,switched,49,9,eng-nld,0.9072216649949848,0.8089267803410232,0.1780052185058593,0.7099291682243347,0.4340364634990692,1.0,0.9995397840106665,0.9382491727205884,0.9754262788365096,1.0
switch-s49,switched,49,9,eng-zho,0.7031093279839519,0.4814443329989969,0.1380775570869445,0.6573128700256348,0.5895053148269653,1.0,0.9975539067000196,0.7921424340793662,0.9087261785356068,1.0
switch-s49,switched,49,9,nld-zho,0.5972918756268806,0.4192577733199598,0.1282257437705993,0.6170287728309631,0.5829077363014221,1.0,0.9945232283194968,0.700363463672217,0.8299899699097292,1.0
switch-s49,switched,49,10,eng-nld,0.8891675025075225,0.7582748244734203,0.2181545794010162,0.7163337469100952,0.5236486196517944,1.0,0.9993247815736366,0.9252267019867262,0.970912738214644,1.0
switch-s49,switched,49,10,eng-zho,0.6308926780341023,0.3936810431293882,0.1632725298404693,0.659770667552948,0.736834704875946,1.0,0.9966490837975774,0.7349459883510583,0.870110330992979,1.0
switch-s49,switched,49,10,nld-zho,0.5351053159478436,0.3460381143430291,0.1563282012939453,0.6262235045433044,0.740652859210968,1.0,0.9936375391233944,0.6525146193697026,0.8004012036108324,1.0
switch-s49,switched,49,11,eng-nld,0.8329989969909729,0.625877632898696,0.2179177105426788,0.7114371061325073,0.61532062292099,1.0,0.9987865202031796,0.8879340453097982,0.9583751253761283,1.0
switch-s49,switched,49,11,eng-zho,0.504012036108325,0.2512537612838516,0.1662212163209915,0.6509820222854614,0.8962141275405884,1.0,0.9929245568029388,0.6212959326483899,0.7683049147442327,1.0
switch-s49,switched,49,11,nld-zho,0.4338014042126379,0.2056168505516549,0.1567169725894928,0.6230173707008362,0.9070321917533876,0.998995983935743,0.990093775301809,0.5606232762402314,0.7061183550651956,2.0
switch-s49,switched,49,12,eng-nld,0.773319959879639,0.4914744232698094,0.186935156583786,0.6992986798286438,0.6087093353271484,1.0,0.9979491687915152,0.8414306079019587,0.92728184553661,1.0
switch-s49,switched,49,12,eng-zho,0.3229689067201604,0.1554663991975927,0.1419894397258758,0.625292956829071,1.0020548105239868,0.9969879518072288,0.9822268008845816,0.4459895035955777,0.5817452357071213,4.0
switch-s49,switched,49,12,nld-zho,0.271815446339017,0.1208625877632898,0.1358180493116378,0.599906325340271,1.0107873678207395,0.9969879518072288,0.9791200911972866,0.4035250878587267,0.5446339017051154,4.0
noswitch,noswitch,42,0,eng-nld,0.3274824473420261,0.1760280842527583,0.0656516551971435,0.6421335339546204,0.5801490545272827,0.9919678714859438,0.9130287448691456,0.3925422230679202,0.4543630892678034,9.0
noswitch,noswitch,42,0,eng-zho,0.0255767301905717,0.0180541624874623,0.0272151231765747,0.487152099609375,1.0183378458023071,0.7595381526104418,0.6955641019443874,0.0467764512370637,0.0531594784353059,240.5
noswitch,noswitch,42,0,nld-zho,0.0265797392176529,0.014543630892678,0.0265960395336151,0.4743250906467438,1.032411813735962,0.7469879518072289,0.6890329623408379,0.0487286512647613,0.059679037111334,253.0
noswitch,noswitch,42,1,eng-nld,0.6559679037111334,0.4177532597793379,0.0831381678581237,0.61918705701828,0.3991190195083618,1.0,0.9896385944983545,0.7277205458168112,0.8109327983951855,1.0
noswitch,noswitch,42,1,eng-zho,0.0576730190571715,0.0320962888665998,0.0298565030097961,0.5136814117431641,0.5485081672668457,0.892570281124498,0.8012939420671653,0.0987149062345594,0.1248746238716148,108.0
noswitch,noswitch,42,1,nld-zho,0.055667001003009,0.0336008024072216,0.0283772349357604,0.5108588933944702,0.5518681406974792,0.8875502008032129,0.7992395862285653,0.0949034056642796,0.1203610832497492,113.0
noswitch,noswitch,42,2,eng-nld,0.6454363089267803,0.3956870611835507,0.049285352230072,0.6831036806106567,0.3060849606990814,1.0,0.990538382214918,0.7226607987246623,0.8144433299899699,1.0
noswitch,noswitch,42,2,eng-zho,0.0561685055165496,0.0305917753259779,0.021355926990509,0.5658293962478638,0.4144812226295471,0.9171686746987951,0.8403805794894724,0.1033734412652403,0.1323971915747241,83.5
noswitch,noswitch,42,2,nld-zho,0.0551654964894684,0.0260782347041123,0.0211820602416992,0.5705204010009766,0.4161478877067566,0.911144578313253,0.8313620580617352,0.0983717140410599,0.1218655967903711,89.5
noswitch,noswitch,42,3,eng-nld,0.7221664994984955,0.5320962888665999,0.0698100924491882,0.6554166674613953,0.3200966715812683,1.0,0.9947196005687746,0.7925222695629635,0.8761283851554664,1.0
noswitch,noswitch,42,3,eng-zho,0.0566700100300902,0.0351053159478435,0.0271854996681213,0.5261211395263672,0.4583191573619842,0.9246987951807228,0.8425109666348444,0.1085455154958402,0.1439317953861584,76.0
noswitch,noswitch,42,3,nld-zho,0.0581745235707121,0.0310932798395185,0.0271400809288024,0.5211972594261169,0.457444280385971,0.9196787148594378,0.8375090129827232,0.1025705082168115,0.1228686058174523,81.0
noswitch,noswitch,42,4,eng-nld,0.8189568706118355,0.6629889669007021,0.0931798815727233,0.659909188747406,0.3383433818817138,1.0,0.9976722335681744,0.8691177866050788,0.9287863590772316,1.0
noswitch,noswitch,42,4,eng-zho,0.0616850551654964,0.0381143430290872,0.03200364112854,0.5375640988349915,0.4912981390953064,0.9267068273092368,0.8472757630320681,0.1147102477364516,0.1599799398194583,74.0
noswitch,noswitch,42,4,nld-zho,0.0606820461384152,0.0356068204613841,0.0335472226142883,0.5243198871612549,0.4872553646564483,0.928714859437751,0.8452712555336693,0.1088478513030874,0.1414242728184553,72.0
noswitch,noswitch,42,5,eng-nld,0.8455366098294885,0.7056168505516549,0.1056795120239257,0.6749750971794128,0.3453568518161773,1.0,0.9983434238458349,0.8908549772764168,0.9503510531594784,1.0
noswitch,noswitch,42,5,eng-zho,0.0722166499498495,0.0431293881644934,0.0361241102218627,0.5494997501373291,0.5091651678085327,0.92570281124498,0.8455315746436095,0.1217852920485548,0.1494483450351053,75.0
noswitch,noswitch,42,5,nld-zho,0.0636910732196589,0.0396188565697091,0.0336338877677917,0.5324469208717346,0.4985373616218567,0.929718875502008,0.8480451394343673,0.1137032642348426,0.1479438314944834,71.0
noswitch,noswitch,42,6,eng-nld,0.854062186559679,0.7086258776328986,0.1169899106025695,0.6794182658195496,0.3737251460552215,1.0,0.9987220698239296,0.8993008484177468,0.956369107321966,1.0
noswitch,noswitch,42,6,eng-zho,0.078234704112337,0.0431293881644934,0.0347893834114074,0.5551754832267761,0.5488355755805969,0.927710843373494,0.8462888665997993,0.1274512002511456,0.1579739217652959,73.0
noswitch,noswitch,42,6,nld-zho,0.0677031093279839,0.0366098294884654,0.0328302979469299,0.5296574234962463,0.5455416440963745,0.9342369477911646,0.8516105545552319,0.1174363241169527,0.1494483450351053,66.5
noswitch,noswitch,42,7,eng-nld,0.8565697091273821,0.6880641925777332,0.138893723487854,0.6812726855278015,0.4163984358310699,1.0,0.99882227002292,0.9003196256040461,0.9568706118355064,1.0
noswitch,noswitch,42,7,eng-zho,0.0722166499498495,0.033099297893681,0.03666752576828,0.5744514465332031,0.6128822565078735,0.9221887550200804,0.8354405586236621,0.1211743374884382,0.1529588766298896,78.5
noswitch,noswitch,42,7,nld-zho,0.0631895687061183,0.0320962888665998,0.0367280840873718,0.552963137626648,0.6032088398933411,0.9342369477911646,0.8437022916137973,0.1148523584305778,0.1449348044132397,66.5
noswitch,noswitch,42,8,eng-nld,0.8400200601805417,0.6334002006018054,0.1604094505310058,0.6942113637924194,0.499079555273056,1.0,0.9985830986936712,0.8873930773483781,0.946840521564694,1.0
noswitch,noswitch,42,8,eng-zho,0.0611835506519558,0.0275827482447342,0.0385577678680419,0.5796242952346802,0.6893476247787476,0.9176706827309236,0.8274748945632077,0.1098765911904552,0.1404212637913741,83.0
noswitch,noswitch,42,8,nld-zho,0.0566700100300902,0.0300902708124373,0.0381438434123992,0.5639136433601379,0.6788859963417053,0.927710843373494,0.8389364881793976,0.1086343297767753,0.1414242728184553,73.0
noswitch,noswitch,42,9,eng-nld,0.8214643931795387,0.598294884653962,0.1788032948970794,0.7000432014465332,0.5642629861831665,1.0,0.9981203651113985,0.8742527211756578,0.9413239719157472,1.0
noswitch,noswitch,42,9,eng-zho,0.0551654964894684,0.0245737211634904,0.0390009582042694,0.5859552621841431,0.773526132106781,0.9036144578313252,0.8104111531381293,0.0989071023088764,0.1208625877632898,97.0
noswitch,noswitch,42,9,nld-zho,0.0536609829488465,0.0275827482447342,0.0408284366130828,0.568316638469696,0.7601584196090698,0.9236947791164658,0.8305493790608774,0.1030941227020077,0.1384152457372116,77.0
noswitch,noswitch,42,10,eng-nld,0.7472417251755266,0.4593781344032096,0.1819460690021515,0.6929988265037537,0.6504141092300415,1.0,0.9975080865085216,0.8253042745745416,0.9207622868605816,1.0
noswitch,noswitch,42,10,eng-zho,0.0416248746238716,0.0220661985957873,0.0366188287734985,0.5853406190872192,0.909418523311615,0.8900602409638554,0.7925583980858237,0.0832664674394301,0.1043129388164493,110.5
noswitch,noswitch,42,10,nld-zho,0.0446339017051153,0.0235707121364092,0.0391579121351242,0.5688913464546204,0.8893623948097229,0.9026104417670684,0.8137263195208115,0.0889802892883369,0.115346038114343,98.0
noswitch,noswitch,42,11,eng-nld,0.6519558676028084,0.3701103309929789,0.1711045205593109,0.6829726696014404,0.7338455319404602,1.0,0.9962064909588202,0.7607688319023919,0.8931795386158475,1.0
noswitch,noswitch,42,11,eng-zho,0.0325977933801404,0.0150451354062186,0.0318373218178749,0.5729021430015564,1.0718752145767212,0.8554216867469879,0.7534727677006925,0.0665257336123992,0.084754262788365,145.0
noswitch,noswitch,42,11,nld-zho,0.0310932798395185,0.0130391173520561,0.0325648859143257,0.558639407157898,1.063435196876526,0.858433734939759,0.7686427757167084,0.0676870103769024,0.0882647943831494,142.0
noswitch,noswitch,42,12,eng-nld,0.5777331995987964,0.2803410230692076,0.1453612744808197,0.6805998086929321,0.7367200255393982,1.0,0.9948223183607044,0.7032853628230562,0.8565697091273822,1.0
noswitch,noswitch,42,12,eng-zho,0.0230692076228686,0.0095285857572718,0.0264596436172723,0.5579686164855957,1.17461097240448,0.8022088353413654,0.7118207030730747,0.0520412002290706,0.0601805416248746,198.0
noswitch,noswitch,42,12,nld-zho,0.018555667001003,0.0060180541624874,0.0262005627155303,0.5430784821510315,1.1743261814117432,0.7986947791164658,0.7125190833544812,0.0481826713488824,0.0626880641925777,201.5
noswitch-s43,noswitch,43,0,eng-nld,0.3269809428284854,0.179037111334002,0.0647005438804626,0.6427969932556152,0.5791451334953308,0.9909638554216867,0.9089864976455472,0.3888451339303857,0.4473420260782347,10.0
noswitch-s43,noswitch,43,0,eng-zho,0.025075225677031,0.0160481444332999,0.0270805954933166,0.4811393618583679,1.0240453481674194,0.7449799196787148,0.6858023870809214,0.0452092885418346,0.0501504513540621,255.0
noswitch-s43,noswitch,43,0,nld-zho,0.0275827482447342,0.0125376128385155,0.0262710452079772,0.4768367111682892,1.0366140604019165,0.7259036144578312,0.6723010396651803,0.0472492222325271,0.0566700100300902,274.0
noswitch-s43,noswitch,43,1,eng-nld,0.6489468405215647,0.4022066198595787,0.0908049941062927,0.6156734228134155,0.4150198996067047,1.0,0.9884603610026867,0.7224624884269417,0.8029087261785356,1.0
noswitch-s43,noswitch,43,1,eng-zho,0.0446339017051153,0.0205616850551654,0.0299156308174133,0.5091666579246521,0.5582889914512634,0.8554216867469879,0.7656171325220642,0.0799781773956605,0.0972918756268806,145.0
noswitch-s43,noswitch,43,1,nld-zho,0.0411233701103309,0.0235707121364092,0.0268951058387756,0.5096216201782227,0.5638694763183594,0.8263052208835342,0.7483222760651432,0.0730276609362085,0.0907723169508525,174.0
noswitch-s43,noswitch,43,2,eng-nld,0.5937813440320963,0.3495486459378134,0.0500102639198303,0.6880278587341309,0.3172885179519653,1.0,0.9882977244987976,0.6833288136246181,0.7883650952858575,1.0
noswitch-s43,noswitch,43,2,eng-zho,0.0436308926780341,0.0205616850551654,0.0198095440864563,0.5751919150352478,0.4111351668834686,0.8910642570281124,0.8093754154028351,0.0818580426927491,0.1013039117352056,109.5
noswitch-s43,noswitch,43,2,nld-zho,0.0391173520561685,0.0230692076228686,0.0200061202049255,0.5789841413497925,0.4135739207267761,0.8684738955823293,0.793253757255703,0.0745628503106576,0.092778335005015,132.0
noswitch-s43,noswitch,43,3,eng-nld,0.6965897693079237,0.4739217652958877,0.0646251440048217,0.6594473123550415,0.3202599287033081,1.0,0.9933414701937135,0.7661792001592974,0.8465396188565697,1.0
noswitch-s43,noswitch,43,3,eng-zho,0.0496489468405215,0.0260782347041123,0.0247928500175476,0.5418335795402527,0.4433507025241852,0.9026104417670684,0.8196844549713398,0.0916117478711787,0.111334002006018,98.0
noswitch-s43,noswitch,43,3,nld-zho,0.0366098294884654,0.0255767301905717,0.0229098796844482,0.5325973629951477,0.4429713785648346,0.8795180722891567,0.7961978304391084,0.0755969670088616,0.0972918756268806,121.0
noswitch-s43,noswitch,43,4,eng-nld,0.7738214643931796,0.6003009027081244,0.0807514190673828,0.6583360433578491,0.3138399422168731,1.0,0.9966309571284132,0.8309938054120981,0.8996990972918756,1.0
noswitch-s43,noswitch,43,4,eng-zho,0.0561685055165496,0.0295887662988966,0.0279839634895324,0.5485091209411621,0.4560779333114624,0.9011044176706828,0.8130299533137565,0.0994213854333028,0.1233701103309929,99.5
noswitch-s43,noswitch,43,4,nld-zho,0.0376128385155466,0.0240722166499498,0.0242704153060913,0.5255587697029114,0.4520854949951172,0.8765060240963856,0.78901664833859,0.073096190711596,0.0937813440320962,124.0
noswitch-s43,noswitch,43,5,eng-nld,0.8079237713139418,0.6369107321965898,0.0822335481643676,0.6728657484054565,0.3093027174472809,1.0,0.9975090935456972,0.8595793244135964,0.924272818455366,1.0
noswitch-s43,noswitch,43,5,eng-zho,0.0576730190571715,0.0320962888665998,0.0249499678611755,0.5604395270347595,0.4578775465488434,0.9021084337349398,0.8131301535127471,0.1033660389421637,0.1349047141424272,98.5
noswitch-s43,noswitch,43,5,nld-zho,0.0426278836509528,0.0270812437311935,0.0239331722259521,0.5390475392341614,0.451041042804718,0.8684738955823293,0.7864995589177171,0.0797610497727407,0.0977933801404212,132.0
noswitch-s43,noswitch,43,6,eng-nld,0.8480441323971916,0.6870611835506519,0.1005017757415771,0.6790604591369629,0.3445187509059906,1.0,0.9986898446343044,0.8926599345947215,0.9488465396188566,1.0
noswitch-s43,noswitch,43,6,eng-zho,0.059679037111334,0.0320962888665998,0.0268197655677795,0.5697201490402222,0.505672812461853,0.9026104417670684,0.8094393622634972,0.1058369614194037,0.1364092276830491,98.0
noswitch-s43,noswitch,43,6,nld-zho,0.0466399197592778,0.0285857572718154,0.0242374539375305,0.5465338230133057,0.4996450245380401,0.8664658634538153,0.7788813226829081,0.0825675064335602,0.1023069207622868,134.0
noswitch-s43,noswitch,43,7,eng-nld,0.8430290872617854,0.6494483450351054,0.1225796937942504,0.6864036917686462,0.3933561742305755,1.0,0.998936065223784,0.8900497607552007,0.9458375125376128,1.0
noswitch-s43,noswitch,43,7,eng-zho,0.0591775325977933,0.0300902708124373,0.0278127789497375,0.5778028964996338,0.5660672187805176,0.8855421686746988,0.7878651013280805,0.099916752659267,0.1233701103309929,115.0
noswitch-s43,noswitch,43,7,nld-zho,0.0346038114343029,0.0240722166499498,0.0230653285980224,0.5458817481994629,0.562854528427124,0.8514056224899599,0.7629107201121437,0.0713585304964464,0.0897693079237713,149.0
noswitch-s43,noswitch,43,8,eng-nld,0.8219658976930793,0.6198595787362087,0.1549487113952636,0.6862943172454834,0.4694719612598419,1.0,0.9987130064893476,0.8750906819496588,0.940320962888666,1.0
noswitch-s43,noswitch,43,8,eng-zho,0.0496489468405215,0.0240722166499498,0.030572086572647,0.5787633657455444,0.6558014750480652,0.8684738955823293,0.7696603867828384,0.0894468213657181,0.1148445336008024,132.0
noswitch-s43,noswitch,43,8,nld-zho,0.0295887662988966,0.0165496489468405,0.0249372124671936,0.5462414026260376,0.6419612765312195,0.8413654618473896,0.7516681570816869,0.0634705302057695,0.0857572718154463,159.0
noswitch-s43,noswitch,43,9,eng-nld,0.7803410230692076,0.5285857572718154,0.1730611324310302,0.6924635171890259,0.5804274678230286,1.0,0.9983967968161512,0.8472500709998892,0.9287863590772316,1.0
noswitch-s43,noswitch,43,9,eng-zho,0.0381143430290872,0.0175526579739217,0.0280890762805938,0.5818914771080017,0.7775328755378723,0.8443775100401607,0.7522824497589152,0.0754464674213239,0.0987963891675025,156.0
noswitch-s43,noswitch,43,9,nld-zho,0.0280842527582748,0.014543630892678,0.025326669216156,0.5542449951171875,0.756594181060791,0.8152610441767069,0.7360535421525621,0.0606229419915191,0.0757271815446339,185.0
noswitch-s43,noswitch,43,10,eng-nld,0.728184553660983,0.4413239719157472,0.1731354892253875,0.686869204044342,0.6661427021026611,1.0,0.9977371874660124,0.8114873297242503,0.9117352056168504,1.0
noswitch-s43,noswitch,43,10,eng-zho,0.0315947843530591,0.0175526579739217,0.0262645781040191,0.5860439538955688,0.9110918641090392,0.8263052208835342,0.7360177923328218,0.063871409605887,0.0857572718154463,174.0
noswitch-s43,noswitch,43,10,nld-zho,0.0270812437311935,0.0140421263791374,0.0258907526731491,0.5602940320968628,0.8948419690132141,0.8102409638554217,0.7224635754653519,0.0554550788205526,0.0672016048144433,190.0
noswitch-s43,noswitch,43,11,eng-nld,0.6414242728184554,0.368605817452357,0.1653114259243011,0.6796554923057556,0.7430115938186646,1.0,0.9967709352958474,0.7543376139950934,0.8916750250752257,1.0
noswitch-s43,noswitch,43,11,eng-zho,0.0220661985957873,0.010531594784353,0.0241179820150136,0.5755758881568909,1.0840915441513062,0.785140562248996,0.7043343887082936,0.0473972345324632,0.0576730190571715,215.0
noswitch-s43,noswitch,43,11,nld-zho,0.018555667001003,0.0085255767301905,0.0211886093020439,0.5570976138114929,1.0739580392837524,0.768574297188755,0.6837560875397276,0.0431877073655487,0.0526579739217652,231.5
noswitch-s43,noswitch,43,12,eng-nld,0.5506519558676028,0.2878635907723169,0.141984224319458,0.6746700406074524,0.732478678226471,1.0,0.9953318791716512,0.6880969550411553,0.8650952858575727,1.0
noswitch-s43,noswitch,43,12,eng-zho,0.0190571715145436,0.0100300902708124,0.0219316408038139,0.5578136444091797,1.1864807605743408,0.75,0.680092989812812,0.0401012764080704,0.0436308926780341,250.0
noswitch-s43,noswitch,43,12,nld-zho,0.0115346038114343,0.0050150451354062,0.0201254896819591,0.5400818586349487,1.1787430047988892,0.7254016064257027,0.6618605817452357,0.0339895452704395,0.0416248746238716,274.5
noswitch-s44,noswitch,44,0,eng-nld,0.3350050150451354,0.1760280842527583,0.0628290176391601,0.6390787363052368,0.5679609775543213,0.9909638554216867,0.9093983758504428,0.3940833172542505,0.4513540621865596,10.0
noswitch-s44,noswitch,44,0,eng-zho,0.029087261785356,0.0175526579739217,0.0273667275905609,0.4900528788566589,0.9806811213493348,0.7615461847389559,0.6967448530329946,0.0502776963136041,0.055667001003009,238.5
noswitch-s44,noswitch,44,0,nld-zho,0.029087261785356,0.0150451354062186,0.0270929336547851,0.4785393476486206,0.995227038860321,0.7550200803212852,0.6932101525459915,0.0511429321999456,0.0636910732196589,245.0
noswitch-s44,noswitch,44,1,eng-nld,0.6439317953861585,0.4112337011033099,0.0858238339424133,0.6204814314842224,0.4123539626598358,1.0,0.9896788759853858,0.7170902726884995,0.804914744232698,1.0
noswitch-s44,noswitch,44,1,eng-zho,0.0677031093279839,0.0406218655967903,0.0317770838737487,0.5167741179466248,0.5260393023490906,0.8965863453815262,0.8135717393143286,0.1082206627168664,0.1389167502507522,104.0
noswitch-s44,noswitch,44,1,nld-zho,0.0561685055165496,0.033099297893681,0.0305497050285339,0.5063970685005188,0.5385647416114807,0.8865461847389559,0.8028034907936662,0.098916997517492,0.1253761283851554,114.0
noswitch-s44,noswitch,44,2,eng-nld,0.6474423269809428,0.3841524573721163,0.0500879883766174,0.6937081813812256,0.3185831904411316,1.0,0.9905459349937362,0.722373236093115,0.8119358074222668,1.0
noswitch-s44,noswitch,44,2,eng-zho,0.0752256770310932,0.0376128385155466,0.0237740874290466,0.588106095790863,0.4015959501266479,0.928714859437751,0.858204633982268,0.1201519843959677,0.1444332998996991,72.0
noswitch-s44,noswitch,44,2,nld-zho,0.0571715145436308,0.0320962888665998,0.024448812007904,0.5829917192459106,0.4060084521770477,0.9156626506024096,0.8385397155321386,0.1036346273524529,0.1323971915747241,85.0
noswitch-s44,noswitch,44,3,eng-nld,0.724172517552658,0.5190571715145437,0.0712800621986389,0.6466484069824219,0.3242754638195038,1.0,0.9949628000467264,0.7914234811111327,0.8741223671013039,1.0
noswitch-s44,noswitch,44,3,eng-zho,0.0827482447342026,0.0446339017051153,0.0322986841201782,0.5389930605888367,0.439816951751709,0.9387550200803212,0.8698535365131539,0.1363804852499588,0.1680040120361083,62.0
noswitch-s44,noswitch,44,3,nld-zho,0.0606820461384152,0.0361083249749247,0.0305371880531311,0.5234121084213257,0.443719744682312,0.9226907630522088,0.8450265454999537,0.1102011808238965,0.1489468405215647,78.0
noswitch-s44,noswitch,44,4,eng-nld,0.8119358074222668,0.6293881644934805,0.092259407043457,0.6572872996330261,0.337798923254013,1.0,0.9971445460880634,0.8607363636793092,0.9237713139418254,1.0
noswitch-s44,noswitch,44,4,eng-zho,0.0857572718154463,0.0501504513540621,0.0385298728942871,0.5478760004043579,0.4671667516231537,0.9437751004016064,0.8711536215070915,0.1398772378518491,0.1760280842527583,57.0
noswitch-s44,noswitch,44,4,nld-zho,0.0641925777331996,0.0386158475426278,0.0339750051498413,0.5249793529510498,0.4705632030963897,0.9246987951807228,0.8481362762987759,0.1112639071532775,0.1389167502507522,76.0
noswitch-s44,noswitch,44,5,eng-nld,0.8324974924774322,0.6695085255767302,0.1020996570587158,0.6602472066879272,0.3463724851608276,1.0,0.9982180477174496,0.8797959735824982,0.9398194583751254,1.0
noswitch-s44,noswitch,44,5,eng-zho,0.0897693079237713,0.0521564694082246,0.0373857021331787,0.5494434237480164,0.4776604771614074,0.9422690763052208,0.8658999085610245,0.1445685886223139,0.189568706118355,58.5
noswitch-s44,noswitch,44,5,nld-zho,0.0601805416248746,0.0411233701103309,0.035054862499237,0.520791232585907,0.486211359500885,0.9246987951807228,0.8453956246248786,0.1102247716709329,0.1389167502507522,76.0
noswitch-s44,noswitch,44,6,eng-nld,0.8510531594784353,0.6915747241725175,0.1203256845474243,0.6792992353439331,0.386171817779541,1.0,0.9987205592681658,0.8966693652351685,0.954864593781344,1.0
noswitch-s44,noswitch,44,6,eng-zho,0.0832497492477432,0.0451354062186559,0.0391919612884521,0.5684064626693726,0.533606231212616,0.9407630522088354,0.8647508791434544,0.1387436205359696,0.1830491474423269,60.0
noswitch-s44,noswitch,44,6,nld-zho,0.0672016048144433,0.0356068204613841,0.036107063293457,0.5399195551872253,0.5327948331832886,0.9236947791164658,0.845043665131942,0.1155263619677158,0.148445336008024,77.0
noswitch-s44,noswitch,44,7,eng-nld,0.8319959879638916,0.6399197592778335,0.126849353313446,0.6921983957290649,0.424069881439209,1.0,0.9986183449948238,0.8839723051298775,0.9488465396188566,1.0
noswitch-s44,noswitch,44,7,eng-zho,0.078234704112337,0.0361083249749247,0.0376834273338317,0.5817226767539978,0.5807353258132935,0.933734939759036,0.8554649893455466,0.1317306483138028,0.1664994984954864,67.0
noswitch-s44,noswitch,44,7,nld-zho,0.0707121364092276,0.0366098294884654,0.0339148044586181,0.5519550442695618,0.5681231617927551,0.9196787148594378,0.8433875924963646,0.1185451830005231,0.1479438314944834,81.0
noswitch-s44,noswitch,44,8,eng-nld,0.824974924774323,0.6118355065195586,0.14957195520401,0.6981320381164551,0.4736961424350738,1.0,0.9985881338795504,0.8798152358449105,0.9498495486459378,1.0
noswitch-s44,noswitch,44,8,eng-zho,0.0672016048144433,0.0315947843530591,0.0394992530345916,0.5902370810508728,0.6497073173522949,0.9231927710843372,0.8368947203054948,0.11490899958381,0.1444332998996991,77.5
noswitch-s44,noswitch,44,8,nld-zho,0.0591775325977933,0.033099297893681,0.0360687375068664,0.5556464195251465,0.6373084187507629,0.9126506024096386,0.8318645696124518,0.1064138415885788,0.1389167502507522,88.0
noswitch-s44,noswitch,44,9,eng-nld,0.8059177532597793,0.5707121364092277,0.1773890852928161,0.693418025970459,0.5611446499824524,1.0,0.998317744397852,0.8656051500423706,0.9393179538615848,1.0
noswitch-s44,noswitch,44,9,eng-zho,0.0566700100300902,0.029087261785356,0.0410111844539642,0.5862435698509216,0.7648752927780151,0.9066265060240964,0.8198908975923755,0.100827323973616,0.1268806419257773,94.0
noswitch-s44,noswitch,44,9,nld-zho,0.047642928786359,0.0265797392176529,0.0355381071567535,0.5565276741981506,0.7493506073951721,0.8965863453815262,0.8138975158406948,0.0887633907551241,0.111334002006018,104.0
noswitch-s44,noswitch,44,10,eng-nld,0.7342026078234705,0.4679037111334002,0.1843622624874115,0.6906074285507202,0.6384371519088745,1.0,0.997636483748434,0.8203566246098128,0.9237713139418254,1.0
noswitch-s44,noswitch,44,10,eng-zho,0.0451354062186559,0.0225677031093279,0.0387657880783081,0.5851942300796509,0.9025867581367492,0.8895582329317269,0.8023191059121138,0.0865485332981808,0.1118355065195586,111.0
noswitch-s44,noswitch,44,10,nld-zho,0.0391173520561685,0.0175526579739217,0.0341900736093521,0.5592718720436096,0.8902143239974976,0.8704819277108433,0.7912220597535579,0.0763376400170661,0.0942828485456369,130.0
noswitch-s44,noswitch,44,11,eng-nld,0.625877632898696,0.376629889669007,0.1717419624328613,0.6780957579612732,0.7310418486595154,1.0,0.9966072917547824,0.7471601857269569,0.8956870611835507,1.0
noswitch-s44,noswitch,44,11,eng-zho,0.0356068204613841,0.0155466399197592,0.033892273902893,0.5743159651756287,1.069036841392517,0.839859437751004,0.7628915864058038,0.0687688553557738,0.0852557673019057,160.5
noswitch-s44,noswitch,44,11,nld-zho,0.029087261785356,0.010531594784353,0.0302471406757831,0.551581621170044,1.063920974731445,0.8278112449799196,0.7528952318803802,0.0616840670912918,0.0767301905717151,172.5
noswitch-s44,noswitch,44,12,eng-nld,0.5747241725175527,0.3139418254764293,0.1445383429527282,0.6739877462387085,0.7291222810745239,1.0,0.9952276508239578,0.7057295862126353,0.8671013039117352,1.0
noswitch-s44,noswitch,44,12,eng-zho,0.0225677031093279,0.0130391173520561,0.027477828785777,0.5582184791564941,1.1762878894805908,0.7831325301204819,0.7172446053018493,0.0493996489442283,0.0611835506519558,217.0
noswitch-s44,noswitch,44,12,nld-zho,0.018555667001003,0.0080240722166499,0.0257941298186779,0.535318911075592,1.1730166673660278,0.7781124497991968,0.7071973953990487,0.0455568492465598,0.0581745235707121,222.0
noswitch-s45,noswitch,45,0,eng-nld,0.3254764292878636,0.1760280842527583,0.0678984522819519,0.6494794487953186,0.5878351926803589,0.9919678714859438,0.912078605293793,0.3892298463762702,0.4543630892678034,9.0
noswitch-s45,noswitch,45,0,eng-zho,0.0260782347041123,0.0175526579739217,0.0270846486091613,0.4941251575946808,1.0196962356567385,0.7680722891566265,0.6969845278808312,0.0475751285637646,0.0536609829488465,232.0
noswitch-s45,noswitch,45,0,nld-zho,0.0270812437311935,0.0160481444332999,0.0274167656898498,0.4792122840881347,1.022114634513855,0.751004016064257,0.6851367355077279,0.0484277064571648,0.0566700100300902,249.0
noswitch-s45,noswitch,45,1,eng-nld,0.6609829488465396,0.4368104312938816,0.0747377276420593,0.6439326405525208,0.3687222599983215,1.0,0.9903656753392708,0.7287532346198653,0.8099297893681043,1.0
noswitch-s45,noswitch,45,1,eng-zho,0.051654964894684,0.0325977933801404,0.0284290313720703,0.5453881025314331,0.5002112984657288,0.8985943775100401,0.8184810455462774,0.0940280925645825,0.1173520561685055,102.0
noswitch-s45,noswitch,45,1,nld-zho,0.0526579739217652,0.0280842527582748,0.0265164375305175,0.5378166437149048,0.4987708330154419,0.8825301204819277,0.8050532118443684,0.0906439091449527,0.1128385155466399,118.0
noswitch-s45,noswitch,45,2,eng-nld,0.6519558676028084,0.3996990972918756,0.0442332029342651,0.7111090421676636,0.2866636216640472,1.0,0.990392865343017,0.7282921552975484,0.8164493480441324,1.0
noswitch-s45,noswitch,45,2,eng-zho,0.0561685055165496,0.0280842527582748,0.0220377445220947,0.6037717461585999,0.3796418905258178,0.9236947791164658,0.8560415181286832,0.1021069531686104,0.1223671013039117,77.0
noswitch-s45,noswitch,45,2,nld-zho,0.0511534603811434,0.0270812437311935,0.0211570262908935,0.5965681076049805,0.3755426406860351,0.910140562248996,0.836529669329273,0.0944110489281301,0.1173520561685055,90.5
noswitch-s45,noswitch,45,3,eng-nld,0.7231695085255767,0.5230692076228687,0.0641961693763732,0.6660456657409668,0.300780713558197,1.0,0.9945519288790065,0.785883646456336,0.8585757271815446,1.0
noswitch-s45,noswitch,45,3,eng-zho,0.0631895687061183,0.0351053159478435,0.0300569534301757,0.5472704172134399,0.4164519608020782,0.929718875502008,0.8559146314445344,0.1118260753467257,0.1424272818455366,71.0
noswitch-s45,noswitch,45,3,nld-zho,0.0561685055165496,0.0341023069207622,0.0277652740478515,0.5395410060882568,0.4146580398082733,0.9166666666666666,0.8422657530825409,0.1022175510099291,0.1303911735205616,84.0
noswitch-s45,noswitch,45,4,eng-nld,0.7843530591775326,0.6253761283851555,0.0756496787071228,0.6644735932350159,0.2891466319561004,1.0,0.9969023536472872,0.8376939417041747,0.9042126379137412,1.0
noswitch-s45,noswitch,45,4,eng-zho,0.0651955867602808,0.0406218655967903,0.0309199094772338,0.5361758470535278,0.4231354594230652,0.933734939759036,0.8521911114870717,0.1197798598761185,0.1594784353059177,67.0
noswitch-s45,noswitch,45,4,nld-zho,0.0526579739217653,0.0310932798395185,0.0284729599952697,0.5267037749290466,0.4224680364131927,0.9146586345381528,0.8387068837033188,0.1028896707076931,0.1374122367101304,86.0
noswitch-s45,noswitch,45,5,eng-nld,0.8345035105315948,0.6955867602808425,0.0874506831169128,0.6765110492706299,0.3087567687034607,1.0,0.9984385888589464,0.881316275932346,0.9433299899699096,1.0
noswitch-s45,noswitch,45,5,eng-zho,0.0717151454363089,0.0426278836509528,0.0306848883628845,0.5484604835510254,0.4653666615486145,0.9377510040160644,0.8656098818543986,0.1304318424520119,0.1745235707121364,63.0
noswitch-s45,noswitch,45,5,nld-zho,0.066198595787362,0.037111334002006,0.0291789174079895,0.5306451320648193,0.4585084319114685,0.931726907630522,0.8511256661550918,0.1189183149365588,0.1534603811434303,69.0
noswitch-s45,noswitch,45,6,eng-nld,0.850050150451354,0.6840521564694082,0.1138152480125427,0.6830243468284607,0.3595679402351379,1.0,0.998738182418742,0.8945395688502396,0.948345035105316,1.0
noswitch-s45,noswitch,45,6,eng-zho,0.0882647943831494,0.0386158475426278,0.0354993343353271,0.5554155707359314,0.526373565196991,0.945281124497992,0.8709854462987356,0.1456646186675122,0.1870611835506519,55.5
noswitch-s45,noswitch,45,6,nld-zho,0.0722166499498495,0.0406218655967903,0.0344201326370239,0.5307367444038391,0.509283185005188,0.9367469879518072,0.8568602393525959,0.1238685948760686,0.1559679037111334,64.0
noswitch-s45,noswitch,45,7,eng-nld,0.8269809428284854,0.6188565697091274,0.1266342401504516,0.6846052408218384,0.4325721263885498,1.0,0.9983998179276786,0.8762352000043108,0.9383149448345036,1.0
noswitch-s45,noswitch,45,7,eng-zho,0.0807422266800401,0.0295887662988966,0.0368425846099853,0.557240903377533,0.5868156552314758,0.9417670682730924,0.8638807990235766,0.1374217213466236,0.1780341023069207,59.0
noswitch-s45,noswitch,45,7,nld-zho,0.0687061183550652,0.0315947843530591,0.0350468158721923,0.5333130359649658,0.5638461709022522,0.929718875502008,0.8535420518583865,0.1199781165278763,0.1554663991975927,71.0
noswitch-s45,noswitch,45,8,eng-nld,0.8329989969909729,0.6203610832497493,0.1501567363739013,0.6899304389953613,0.4854605197906494,1.0,0.9982689030948266,0.8809990725093512,0.9383149448345036,1.0
noswitch-s45,noswitch,45,8,eng-zho,0.074222668004012,0.0300902708124373,0.0385860800743103,0.5681211352348328,0.6590275764465332,0.9302208835341366,0.8492903409022248,0.1251903838803902,0.156469408224674,70.5
noswitch-s45,noswitch,45,8,nld-zho,0.0561685055165496,0.025075225677031,0.0375311076641082,0.5414948463439941,0.6343101859092712,0.9186746987951808,0.8404556037590684,0.1068300830578346,0.1454363089267803,82.0
noswitch-s45,noswitch,45,9,eng-nld,0.8039117352056169,0.5546639919759278,0.1692416369915008,0.6905174851417542,0.5641492605209351,1.0,0.9979154330461264,0.8621182639616513,0.9332998996990972,1.0
noswitch-s45,noswitch,45,9,eng-zho,0.0611835506519558,0.0270812437311935,0.041278064250946,0.5759608745574951,0.7674305438995361,0.9216867469879518,0.8346792385187691,0.1089768850218422,0.1349047141424272,79.0
noswitch-s45,noswitch,45,9,nld-zho,0.0506519558676028,0.025075225677031,0.0391127169132232,0.5531730055809021,0.7458459138870239,0.9086345381526104,0.8303076901386891,0.0957243865125908,0.1223671013039117,92.0
noswitch-s45,noswitch,45,10,eng-nld,0.7492477432296891,0.448345035105316,0.1748159229755401,0.6853580474853516,0.6497088670730591,1.0,0.9972945946272552,0.8284607105802083,0.9222668004012036,1.0
noswitch-s45,noswitch,45,10,eng-zho,0.047642928786359,0.0200601805416248,0.0389548689126968,0.5681131482124329,0.9054875373840332,0.8985943775100401,0.807096490274035,0.0895042425300238,0.1178535606820461,102.0
noswitch-s45,noswitch,45,10,nld-zho,0.0366098294884654,0.0220661985957873,0.0371855348348617,0.5510068535804749,0.8850459456443787,0.8820281124497992,0.8086901266047137,0.0802982754469331,0.1078234704112337,118.5
noswitch-s45,noswitch,45,11,eng-nld,0.6740220661985958,0.3640922768304915,0.168399691581726,0.6774845123291016,0.7220595479011536,1.0,0.9962789976354768,0.7739196385594989,0.8966900702106319,1.0
noswitch-s45,noswitch,45,11,eng-zho,0.0376128385155466,0.0170511534603811,0.0338224321603775,0.5600389838218689,1.0630412101745603,0.8599397590361446,0.7696044962195825,0.0720359216998298,0.092778335005015,140.5
noswitch-s45,noswitch,45,11,nld-zho,0.0300902708124373,0.0115346038114343,0.0339795425534248,0.5420899391174316,1.0578646659851074,0.8589357429718876,0.7727222833158109,0.0670756966230078,0.0897693079237713,141.5
noswitch-s45,noswitch,45,12,eng-nld,0.582246740220662,0.2773319959879639,0.1423224508762359,0.6716748476028442,0.7256681323051453,1.0,0.9946450798177666,0.7025783740409828,0.8515546639919759,1.0
noswitch-s45,noswitch,45,12,eng-zho,0.0245737211634904,0.0095285857572718,0.0269629582762718,0.5403740406036377,1.1670655012130735,0.7981927710843373,0.7120553427350325,0.0517436044074448,0.0667001003009027,202.0
noswitch-s45,noswitch,45,12,nld-zho,0.0165496489468405,0.0070210631895687,0.0262389928102493,0.5225289463996887,1.1664823293685913,0.8052208835341366,0.7174535655158246,0.0450237476184116,0.0576730190571715,195.0
noswitch-s46,noswitch,46,0,eng-nld,0.3304914744232698,0.1745235707121364,0.0675968527793884,0.6381354331970215,0.5877798199653625,0.9929718875502008,0.9154672853903074,0.3926588417869531,0.4538615847542628,8.0
noswitch-s46,noswitch,46,0,eng-zho,0.0275827482447342,0.0175526579739217,0.0275641679763793,0.4846076369285583,1.0291340351104736,0.7439759036144578,0.6838024112498136,0.0480194777537954,0.055667001003009,256.0
noswitch-s46,noswitch,46,0,nld-zho,0.029087261785356,0.0155466399197592,0.0255807042121887,0.4717646241188049,1.040998935699463,0.7163654618473896,0.6657205552400173,0.0490260989822344,0.0561685055165496,283.5
noswitch-s46,noswitch,46,1,eng-nld,0.6614844533600803,0.4348044132397191,0.0955899357795715,0.6062901020050049,0.4250684976577759,1.0,0.9892236951819312,0.7327914566502004,0.8139418254764292,1.0
noswitch-s46,noswitch,46,1,eng-zho,0.0456369107321965,0.0230692076228686,0.0310062170028686,0.5022728443145752,0.570533037185669,0.8579317269076305,0.7750767362327948,0.0819449927023283,0.1038114343029087,142.5
noswitch-s46,noswitch,46,1,nld-zho,0.0446339017051153,0.0265797392176529,0.0276779532432556,0.4956618249416351,0.56893390417099,0.8323293172690763,0.7564953897838093,0.077400853740391,0.0972918756268806,168.0
noswitch-s46,noswitch,46,2,eng-nld,0.6168505516549649,0.3575727181544633,0.052696406841278,0.6863929629325867,0.3312486708164215,1.0,0.9885645893503804,0.7007777425692869,0.8014042126379137,1.0
noswitch-s46,noswitch,46,2,eng-zho,0.0456369107321965,0.0220661985957873,0.0228607058525085,0.5830538272857666,0.4294420480728149,0.8965863453815262,0.8208566462439527,0.0862227800533724,0.1093279839518555,104.0
noswitch-s46,noswitch,46,2,nld-zho,0.0481444332998997,0.0280842527582748,0.0207616090774536,0.5868977904319763,0.4190006852149963,0.8765060240963856,0.8054162487462387,0.085789477974439,0.1053159478435305,124.0
noswitch-s46,noswitch,46,3,eng-nld,0.7116349047141424,0.4784353059177533,0.062403917312622,0.6681225895881653,0.3223462402820587,1.0,0.9930841721953008,0.7775722974363478,0.8570712136409228,1.0
noswitch-s46,noswitch,46,3,eng-zho,0.059679037111334,0.0320962888665998,0.0260731577873229,0.5577318668365479,0.4403007924556732,0.9156626506024096,0.8386620705489966,0.1055786472927957,0.1364092276830491,85.0
noswitch-s46,noswitch,46,3,nld-zho,0.047642928786359,0.0300902708124373,0.0249315500259399,0.5508946180343628,0.4314404428005218,0.8960843373493976,0.8230232867276529,0.0928650325392119,0.1278836509528585,104.5
noswitch-s46,noswitch,46,4,eng-nld,0.7753259779338013,0.6043129388164494,0.0821739435195922,0.6558694839477539,0.3184219896793365,1.0,0.9962049804030564,0.8333262734413347,0.9037111334002006,1.0
noswitch-s46,noswitch,46,4,eng-zho,0.0651955867602808,0.0386158475426278,0.0317987203598022,0.5461336374282837,0.4512692391872406,0.9186746987951808,0.8406595287871647,0.111099531753027,0.1424272818455366,82.0
noswitch-s46,noswitch,46,4,nld-zho,0.0486459378134403,0.0325977933801404,0.0285749435424804,0.5264822244644165,0.4409336745738983,0.9011044176706828,0.8213546261273782,0.0905979241717956,0.1128385155466399,99.5
noswitch-s46,noswitch,46,5,eng-nld,0.8214643931795387,0.6885656970912738,0.0956142544746398,0.6578477025032043,0.3146963119506836,1.0,0.9977417191333036,0.8710477874249558,0.9317953861584756,1.0
noswitch-s46,noswitch,46,5,eng-zho,0.0611835506519558,0.0381143430290872,0.0319035649299621,0.5438521504402161,0.4683915376663208,0.9146586345381528,0.8341455088156035,0.1108179290239286,0.1509528585757271,86.0
noswitch-s46,noswitch,46,5,nld-zho,0.0471414242728184,0.0295887662988966,0.0282610058784484,0.5172845125198364,0.459697961807251,0.8945783132530121,0.809267662425026,0.0871997274230959,0.1158475426278836,106.0
noswitch-s46,noswitch,46,6,eng-nld,0.8365095285857572,0.6845536609829488,0.0954346656799316,0.6741796731948853,0.3271509110927582,1.0,0.9982306356821468,0.8844291536311367,0.9433299899699096,1.0
noswitch-s46,noswitch,46,6,eng-zho,0.0732196589769308,0.0391173520561685,0.0305719971656799,0.5538778305053711,0.4800753593444824,0.9226907630522088,0.8461433497278985,0.1269760192320982,0.1675025075225677,78.0
noswitch-s46,noswitch,46,6,nld-zho,0.0501504513540621,0.0305917753259779,0.0271494388580322,0.5281522274017334,0.474913626909256,0.9061244979919678,0.8207237173367493,0.0951382821731127,0.1248746238716148,94.5
noswitch-s46,noswitch,46,7,eng-nld,0.858074222668004,0.726680040120361,0.1258500218391418,0.697211503982544,0.3735488653182983,1.0,0.998636471663988,0.9001466797539278,0.9528585757271816,1.0
noswitch-s46,noswitch,46,7,eng-zho,0.0646940822467402,0.0310932798395185,0.0324323773384094,0.571966826915741,0.5478765964508057,0.9206827309236948,0.8357648245942648,0.1147198036448586,0.1474423269809428,80.0
noswitch-s46,noswitch,46,7,nld-zho,0.055667001003009,0.029087261785356,0.0285479426383972,0.5460415482521057,0.5333495140075684,0.9036144578313252,0.8115606860742871,0.0985969758685652,0.1223671013039117,97.0
noswitch-s46,noswitch,46,8,eng-nld,0.8370110330992979,0.6624874623871615,0.1566812396049499,0.6961491107940674,0.4510956406593323,1.0,0.9984098882994364,0.8853416148233746,0.9453360080240722,1.0
noswitch-s46,noswitch,46,8,eng-zho,0.0586760280842527,0.0305917753259779,0.0355265140533447,0.576217532157898,0.6433775424957275,0.9066265060240964,0.8211159583167171,0.1046959644537051,0.133901705115346,94.0
noswitch-s46,noswitch,46,8,nld-zho,0.0471414242728184,0.0270812437311935,0.0333843827247619,0.5416371822357178,0.6220743656158447,0.8860441767068273,0.7998679774262546,0.0904306433911036,0.1208625877632898,114.5
noswitch-s46,noswitch,46,9,eng-nld,0.7858575727181545,0.5466399197592778,0.1752247810363769,0.699699878692627,0.5635066032409668,1.0,0.9979088873044838,0.849082188897559,0.924272818455366,1.0
noswitch-s46,noswitch,46,9,eng-zho,0.0546639919759277,0.0275827482447342,0.0360647737979888,0.5775249004364014,0.7504407167434692,0.8970883534136547,0.8091735044490902,0.0979770829177596,0.1233701103309929,103.5
noswitch-s46,noswitch,46,9,nld-zho,0.0471414242728184,0.0265797392176529,0.0335969030857086,0.5422354936599731,0.7326762080192566,0.8724899598393574,0.790114318860195,0.0856580279659456,0.1098294884653961,128.0
noswitch-s46,noswitch,46,10,eng-nld,0.734704112337011,0.4528585757271816,0.1837713718414306,0.6945587396621704,0.6418365836143494,1.0,0.9972477673985812,0.8166088910316244,0.9172517552657974,1.0
noswitch-s46,noswitch,46,10,eng-zho,0.047642928786359,0.025075225677031,0.035642072558403,0.5801972150802612,0.8900009393692017,0.8780120481927711,0.7881052796945052,0.0871867476189357,0.1108324974924774,122.5
noswitch-s46,noswitch,46,10,nld-zho,0.0376128385155466,0.0175526579739217,0.0303014665842056,0.5493161082267761,0.8672273755073547,0.8544176706827309,0.7698960334819721,0.0732301094942051,0.0932798395185556,146.0
noswitch-s46,noswitch,46,11,eng-nld,0.629889669007021,0.3851554663991976,0.1743849515914917,0.6854479312896729,0.723678469657898,1.0,0.9961113259457084,0.750387343385785,0.8981945837512537,1.0
noswitch-s46,noswitch,46,11,eng-zho,0.037111334002006,0.0170511534603811,0.0311483852565288,0.5707841515541077,1.057844877243042,0.8443775100401607,0.754894200674312,0.0705149046962957,0.0867602808425275,156.0
noswitch-s46,noswitch,46,11,nld-zho,0.0235707121364092,0.0130391173520561,0.029897017404437,0.5468475818634033,1.0541428327560425,0.8087349397590362,0.7329997019169959,0.0548284644562654,0.0717151454363089,191.5
noswitch-s46,noswitch,46,12,eng-nld,0.5391173520561685,0.3004012036108325,0.1452813148498535,0.6778790950775146,0.7263666391372681,1.0,0.9946642135241064,0.6796220735504943,0.8515546639919759,1.0
noswitch-s46,noswitch,46,12,eng-zho,0.0265797392176529,0.0115346038114343,0.026033965870738,0.554992139339447,1.170999526977539,0.7941767068273092,0.7119168751233621,0.0552905115201964,0.0697091273821464,206.0
noswitch-s46,noswitch,46,12,nld-zho,0.0155466399197592,0.006519558676028,0.0237207673490047,0.5327491164207458,1.1709480285644531,0.767570281124498,0.6947418560903594,0.0412891859079625,0.0551654964894684,232.5
noswitch-s47,noswitch,47,0,eng-nld,0.3254764292878636,0.175025075225677,0.0657014846801757,0.6433049440383911,0.5814270973205566,0.9919678714859438,0.9125619831381696,0.3888399056345063,0.4463390170511535,9.0
noswitch-s47,noswitch,47,0,eng-zho,0.0270812437311935,0.0180541624874623,0.0281751453876495,0.4829076826572418,1.0163308382034302,0.7705823293172691,0.702324342505428,0.0498478812569362,0.0551654964894684,229.5
noswitch-s47,noswitch,47,0,nld-zho,0.0285857572718154,0.0140421263791374,0.0256353914737701,0.4765209853649139,1.019390344619751,0.7635542168674698,0.6982292258301008,0.0507553434510994,0.0621865596790371,236.5
noswitch-s47,noswitch,47,1,eng-nld,0.6308926780341023,0.3911735205616851,0.0888832211494445,0.6139732599258423,0.4247138798236847,1.0,0.9885696245362592,0.7066232277164635,0.7968906720160481,1.0
noswitch-s47,noswitch,47,1,eng-zho,0.0491474423269809,0.0300902708124373,0.0323002934455871,0.514076828956604,0.5616965293884277,0.8785140562248996,0.7970694211147498,0.0895628924015951,0.1118355065195586,122.0
noswitch-s47,noswitch,47,1,nld-zho,0.0481444332998996,0.0280842527582748,0.0310218930244445,0.5169100165367126,0.554111897945404,0.8629518072289157,0.783706541310679,0.0832619460155182,0.0972918756268806,137.5
noswitch-s47,noswitch,47,2,eng-nld,0.6223671013039117,0.3530591775325977,0.0514891147613525,0.6836786270141602,0.3194944858551025,1.0,0.9897966993349526,0.7015768648644896,0.7923771313941825,1.0
noswitch-s47,noswitch,47,2,eng-zho,0.0551654964894684,0.0240722166499498,0.0248481631278991,0.5743951797485352,0.4190177321434021,0.9156626506024096,0.8435190108478043,0.1002280703097934,0.1228686058174523,85.0
noswitch-s47,noswitch,47,2,nld-zho,0.0531594784353059,0.0270812437311935,0.0242546200752258,0.5854498147964478,0.4111432433128357,0.8975903614457832,0.8288565495683838,0.0929525711532748,0.1123370110330993,103.0
noswitch-s47,noswitch,47,3,eng-nld,0.7051153460381143,0.4904714142427282,0.0690556168556213,0.6500642895698547,0.3256324231624603,1.0,0.9942593845794412,0.7755563409743705,0.8550651955867603,1.0
noswitch-s47,noswitch,47,3,eng-zho,0.0621865596790371,0.0356068204613841,0.0310873985290527,0.5442057847976685,0.4508498609066009,0.9327309236947792,0.8589594083455185,0.1166355914970934,0.1579739217652959,68.0
noswitch-s47,noswitch,47,3,nld-zho,0.0621865596790371,0.0346038114343029,0.028891384601593,0.5370839834213257,0.4459281265735626,0.9196787148594378,0.8468991311283248,0.1043228288659059,0.1238716148445336,81.0
noswitch-s47,noswitch,47,4,eng-nld,0.7768304914744233,0.594282848545637,0.0871058106422424,0.6473202705383301,0.3297156095504761,1.0,0.9967064849165972,0.8373338422675507,0.9132397191574724,1.0
noswitch-s47,noswitch,47,4,eng-zho,0.0792377131394182,0.0441323971915747,0.0348747968673706,0.5449198484420776,0.4726728498935699,0.9387550200803212,0.8667231614522282,0.1344283141836288,0.1680040120361083,62.0
noswitch-s47,noswitch,47,4,nld-zho,0.0636910732196589,0.0366098294884654,0.0341401100158691,0.522973358631134,0.466575562953949,0.9241967871485944,0.8508759209354972,0.1101123440048932,0.1369107321965897,76.5
noswitch-s47,noswitch,47,5,eng-nld,0.8355065195586759,0.6659979939819458,0.1028189063072204,0.6659154295921326,0.3357385694980621,1.0,0.9978721304475676,0.8841447637020045,0.9448345035105316,1.0
noswitch-s47,noswitch,47,5,eng-zho,0.0737211634904714,0.0386158475426278,0.0347022414207458,0.5533552169799805,0.4861802458763122,0.9327309236947792,0.853492707036773,0.1294437266635518,0.1700100300902708,68.0
noswitch-s47,noswitch,47,5,nld-zho,0.0626880641925777,0.037111334002006,0.0335409641265869,0.5340639352798462,0.4823265075683594,0.9156626506024096,0.8391993248822773,0.1087652786705639,0.1364092276830491,85.0
noswitch-s47,noswitch,47,6,eng-nld,0.8535606820461383,0.6730190571715144,0.1159001588821411,0.6802095770835876,0.3716819584369659,1.0,0.9986384857383394,0.8980514966287252,0.9528585757271816,1.0
noswitch-s47,noswitch,47,6,eng-zho,0.0747241725175526,0.037111334002006,0.036858856678009,0.571311354637146,0.5115659236907959,0.9377510040160644,0.8596260669558876,0.1333199675683375,0.1735205616850551,63.0
noswitch-s47,noswitch,47,6,nld-zho,0.0636910732196589,0.037111334002006,0.033155620098114,0.5480549931526184,0.5094208717346191,0.9216867469879518,0.8383680156936674,0.1077142386245981,0.1334002006018054,79.0
noswitch-s47,noswitch,47,7,eng-nld,0.8490471414242728,0.633901705115346,0.1245933771133422,0.6853396892547607,0.4123345613479614,1.0,0.9987114959335838,0.8950154327427159,0.9518555667001004,1.0
noswitch-s47,noswitch,47,7,eng-zho,0.0747241725175526,0.0386158475426278,0.0375637412071228,0.5704464912414551,0.5790127515792847,0.9372489959839356,0.85365584705925,0.1334604393255711,0.1800401203610832,63.5
noswitch-s47,noswitch,47,7,nld-zho,0.0611835506519558,0.0376128385155466,0.0350147485733032,0.5453779101371765,0.5723376870155334,0.9186746987951808,0.8329723105058147,0.107715905226927,0.1344032096288866,82.0
noswitch-s47,noswitch,47,8,eng-nld,0.8299899699097292,0.6103309929789368,0.1490840315818786,0.6901494860649109,0.4678325057029724,1.0,0.9987739322384824,0.8833451875269416,0.9478435305917752,1.0
noswitch-s47,noswitch,47,8,eng-zho,0.066198595787362,0.0315947843530591,0.0393190085887908,0.5817528367042542,0.6638420820236206,0.928714859437751,0.8382914808683077,0.1187082458455045,0.1559679037111334,72.0
noswitch-s47,noswitch,47,8,nld-zho,0.0491474423269809,0.0275827482447342,0.0343847870826721,0.5520020127296448,0.6474534273147583,0.9016064257028112,0.8136382037679303,0.0931662551789639,0.1198595787362086,99.0
noswitch-s47,noswitch,47,9,eng-nld,0.7898696088264794,0.5210631895687061,0.1655938625335693,0.6915245652198792,0.5484662055969238,1.0,0.9985267046118276,0.8563806990291172,0.9413239719157472,1.0
noswitch-s47,noswitch,47,9,eng-zho,0.0541624874623871,0.0260782347041123,0.0375531017780303,0.5850535035133362,0.7493047118186951,0.9146586345381528,0.8220756647452397,0.1040710730810077,0.1394182547642928,86.0
noswitch-s47,noswitch,47,9,nld-zho,0.0421263791374122,0.025075225677031,0.0352237224578857,0.5573158860206604,0.7356634736061096,0.8900602409638554,0.8044253241652669,0.0861878555900124,0.115346038114343,110.5
noswitch-s47,noswitch,47,10,eng-nld,0.7397191574724172,0.4493480441323972,0.1762994527816772,0.6910407543182373,0.6259357929229736,1.0,0.9978162398843116,0.8228048631205742,0.9267803410230692,1.0
noswitch-s47,noswitch,47,10,eng-zho,0.0431293881644934,0.0210631895687061,0.0361415445804595,0.5842088460922241,0.877621591091156,0.8875502008032129,0.7885206825295162,0.0865547166013093,0.111334002006018,113.0
noswitch-s47,noswitch,47,10,nld-zho,0.0356068204613841,0.0180541624874623,0.0330296158790588,0.5584138035774231,0.8631560206413269,0.8624497991967872,0.7744226655871228,0.0733153509046413,0.0922768304914744,138.0
noswitch-s47,noswitch,47,11,eng-nld,0.6379137412236711,0.3575727181544634,0.1721369326114654,0.6806272268295288,0.7205977439880371,1.0,0.9970367931102544,0.7590042667907383,0.9012036108324974,1.0
noswitch-s47,noswitch,47,11,eng-zho,0.0336008024072216,0.0130391173520561,0.0311067067086696,0.5722429156303406,1.054181456565857,0.8498995983935743,0.7511006916331323,0.0686126897130926,0.0872617853560682,150.5
noswitch-s47,noswitch,47,11,nld-zho,0.0220661985957873,0.010531594784353,0.0295100696384906,0.5480255484580994,1.0469565391540527,0.8232931726907631,0.7375479853214262,0.0538961237082225,0.0722166499498495,177.0
noswitch-s47,noswitch,47,12,eng-nld,0.5431293881644935,0.2733199598796389,0.145374596118927,0.6755418181419373,0.7259171605110168,1.0,0.9951692426677624,0.6816637286287369,0.8565697091273822,1.0
noswitch-s47,noswitch,47,12,eng-zho,0.0190571715145436,0.0090270812437311,0.0261944085359573,0.5564912557601929,1.1776418685913086,0.7796184738955824,0.6993198470914752,0.0447491417764506,0.0511534603811434,220.5
noswitch-s47,noswitch,47,12,nld-zho,0.0115346038114343,0.0075225677031093,0.025403194129467,0.5302796959877014,1.1732800006866455,0.7700803212851406,0.6939110504203373,0.0383224373689289,0.0506519558676028,230.0
noswitch-s48,noswitch,48,0,eng-nld,0.3224674022066198,0.1690070210631895,0.0700454115867614,0.6343191862106323,0.5968254208564758,0.9914658634538152,0.911695931166995,0.386626058477723,0.4483450351053159,9.5
noswitch-s48,noswitch,48,0,eng-zho,0.0255767301905717,0.0180541624874623,0.0279880315065383,0.4843246638774872,1.0373351573944092,0.7469879518072289,0.6851891014408688,0.0467459926527615,0.0551654964894684,253.0
noswitch-s48,noswitch,48,0,nld-zho,0.0280842527582748,0.0140421263791374,0.0266143381595611,0.4753133654594421,1.0461019277572632,0.7304216867469879,0.6734666851961507,0.0498842407384911,0.059679037111334,269.5
noswitch-s48,noswitch,48,1,eng-nld,0.6514543630892677,0.4207622868605817,0.0922380685806274,0.6001271605491638,0.4131652414798736,1.0,0.9897050589519564,0.722950792534228,0.8044132397191575,1.0
noswitch-s48,noswitch,48,1,eng-zho,0.0506519558676028,0.0275827482447342,0.0302963256835937,0.5056790113449097,0.5650744438171387,0.8674698795180723,0.7879084039266393,0.0875068454683788,0.111334002006018,133.0
noswitch-s48,noswitch,48,1,nld-zho,0.0546639919759277,0.0320962888665998,0.0269179940223693,0.4963200092315674,0.5573122501373291,0.8614457831325302,0.7721543143486685,0.0928697168717422,0.1173520561685055,139.0
noswitch-s48,noswitch,48,2,eng-nld,0.6158475426278837,0.3460381143430291,0.0504930019378662,0.6752689480781555,0.3228383958339691,1.0,0.9898012310022436,0.6965638189436891,0.7858575727181545,1.0
noswitch-s48,noswitch,48,2,eng-zho,0.0561685055165496,0.0275827482447342,0.0217010974884033,0.5772955417633057,0.4270085990428924,0.9126506024096386,0.8403664809690113,0.0996865150953466,0.1323971915747241,88.0
noswitch-s48,noswitch,48,2,nld-zho,0.0546639919759277,0.0305917753259779,0.02069753408432,0.5821506381034851,0.4226390719413757,0.8995983935742972,0.8220026545499953,0.0971679348210779,0.1248746238716148,101.0
noswitch-s48,noswitch,48,3,eng-nld,0.7011033099297894,0.4653961885656971,0.0634859800338745,0.6594160795211792,0.3281843364238739,1.0,0.993825855075266,0.7716148776803183,0.854062186559679,1.0
noswitch-s48,noswitch,48,3,eng-zho,0.0606820461384152,0.0315947843530591,0.0270745158195495,0.5544440150260925,0.4511212110519409,0.927710843373494,0.8551779837504481,0.109304678904599,0.1354062186559679,73.0
noswitch-s48,noswitch,48,3,nld-zho,0.0536609829488465,0.0361083249749247,0.025148868560791,0.54835045337677,0.4433991611003876,0.9136546184738956,0.8405623496997014,0.1051117488553645,0.1399197592778335,87.0
noswitch-s48,noswitch,48,4,eng-nld,0.7873620862587762,0.6098294884653962,0.0872992873191833,0.651222288608551,0.3332669138908386,1.0,0.9968464630840312,0.8441162044955061,0.9107321965897692,1.0
noswitch-s48,noswitch,48,4,eng-zho,0.0591775325977933,0.0336008024072216,0.0307202339172363,0.545043408870697,0.4789746105670929,0.9252008032128514,0.8479746468320625,0.1091218080226391,0.1399197592778335,75.5
noswitch-s48,noswitch,48,4,nld-zho,0.0541624874623871,0.0356068204613841,0.0307885408401489,0.5265007615089417,0.4712473154067993,0.9126506024096386,0.8364818350634231,0.1021195570988128,0.1344032096288866,88.0
noswitch-s48,noswitch,48,5,eng-nld,0.8395185556670011,0.6885656970912738,0.101259171962738,0.6653615236282349,0.3367519080638885,1.0,0.9982930719870456,0.8864840008927223,0.9488465396188566,1.0
noswitch-s48,noswitch,48,5,eng-zho,0.0576730190571715,0.0325977933801404,0.0341274738311767,0.5499604940414429,0.4977142214775085,0.9236947791164658,0.8467032623976347,0.1105282553425733,0.1474423269809428,77.0
noswitch-s48,noswitch,48,5,nld-zho,0.0576730190571715,0.0336008024072216,0.0325515270233154,0.5283485054969788,0.4926769137382507,0.914156626506024,0.833293051846302,0.1041509552566326,0.129889669007021,86.5
noswitch-s48,noswitch,48,6,eng-nld,0.8425275827482448,0.681544633901705,0.1146786212921142,0.6732650995254517,0.3672018945217132,1.0,0.9985725248033256,0.8899546539078409,0.948345035105316,1.0
noswitch-s48,noswitch,48,6,eng-zho,0.0616850551654964,0.0325977933801404,0.0344519615173339,0.5564364790916443,0.5303378105163574,0.9196787148594378,0.8404168328278007,0.1118067818355833,0.141925777331996,81.0
noswitch-s48,noswitch,48,6,nld-zho,0.0546639919759277,0.033099297893681,0.03166264295578,0.5343689918518066,0.5292004346847534,0.9076305220883534,0.8227604500247732,0.1017422399067537,0.1323971915747241,93.0
noswitch-s48,noswitch,48,7,eng-nld,0.8365095285857573,0.6454363089267803,0.1295797824859619,0.6940785050392151,0.4234840869903564,1.0,0.998691858708656,0.8857229910283446,0.9458375125376128,1.0
noswitch-s48,noswitch,48,7,eng-zho,0.0496489468405215,0.0245737211634904,0.0324093103408813,0.5685181021690369,0.5920814275741577,0.9116465863453816,0.8244970856344133,0.0968773727487579,0.1273821464393179,89.0
noswitch-s48,noswitch,48,7,nld-zho,0.0486459378134403,0.0235707121364092,0.0320669412612915,0.5476734638214111,0.597348690032959,0.8985943775100401,0.8111019806407174,0.0935542924782339,0.1228686058174523,102.0
noswitch-s48,noswitch,48,8,eng-nld,0.8309929789368105,0.6188565697091274,0.1439244747161865,0.6952364444732666,0.4836881458759308,1.0,0.9987457351975604,0.8828025823975952,0.9458375125376128,1.0
noswitch-s48,noswitch,48,8,eng-zho,0.0486459378134403,0.025075225677031,0.0337338149547576,0.573774516582489,0.6651719212532043,0.893574297188755,0.8097520473065783,0.0913750813218004,0.1108324974924774,107.0
noswitch-s48,noswitch,48,8,nld-zho,0.0491474423269809,0.0220661985957873,0.0313916206359863,0.5570296049118042,0.6595881581306458,0.8870481927710844,0.7977149319444277,0.0930752044640379,0.1233701103309929,113.5
noswitch-s48,noswitch,48,9,eng-nld,0.8114343029087262,0.5872617853560682,0.1779408156871795,0.6940501928329468,0.562822699546814,1.0,0.9984531908979952,0.867774906410471,0.9368104312938816,1.0
noswitch-s48,noswitch,48,9,eng-zho,0.0431293881644934,0.0210631895687061,0.0360761284828186,0.5829941034317017,0.7746577262878418,0.8775100401606426,0.7847372438600944,0.0797014822121444,0.0952858575727181,123.0
noswitch-s48,noswitch,48,9,nld-zho,0.0346038114343029,0.0175526579739217,0.0321871936321258,0.5664493441581726,0.7672305703163147,0.856425702811245,0.7652243880235082,0.071701422600617,0.08876629889669,144.0
noswitch-s48,noswitch,48,10,eng-nld,0.7587763289869609,0.4874623871614844,0.1857881546020507,0.6905801296234131,0.6634501814842224,1.0,0.997725606538491,0.8321103035501757,0.9222668004012036,1.0
noswitch-s48,noswitch,48,10,eng-zho,0.0305917753259779,0.0160481444332999,0.0308114886283874,0.5801389217376709,0.9214608073234558,0.8493975903614458,0.7600411676797462,0.0646456639211258,0.0867602808425275,151.0
noswitch-s48,noswitch,48,10,nld-zho,0.0341023069207622,0.0165496489468405,0.0285089761018753,0.5665821433067322,0.9011610746383668,0.8373493975903614,0.7413807688124615,0.0650992672071371,0.0812437311935807,163.0
noswitch-s48,noswitch,48,11,eng-nld,0.676529588766299,0.3836509528585757,0.176304429769516,0.6806631684303284,0.7296817898750305,1.0,0.996519679520489,0.7771672280675465,0.9042126379137412,1.0
noswitch-s48,noswitch,48,11,eng-zho,0.0230692076228686,0.0140421263791374,0.028769239783287,0.5616726875305176,1.0801947116851809,0.8167670682730923,0.7314695089283916,0.0539466349605852,0.0667001003009027,183.5
noswitch-s48,noswitch,48,11,nld-zho,0.0245737211634904,0.0100300902708124,0.0247610062360763,0.5527244210243225,1.068325400352478,0.7976907630522088,0.7128277402488591,0.0532693087172273,0.0692076228686058,202.5
noswitch-s48,noswitch,48,12,eng-nld,0.5917753259779338,0.2793380140421264,0.1473367810249328,0.6749533414840698,0.7367234230041504,1.0,0.9942352156872224,0.7119024878600593,0.8605817452357071,1.0
noswitch-s48,noswitch,48,12,eng-zho,0.018555667001003,0.006519558676028,0.0226300917565822,0.5419201254844666,1.18211567401886,0.7515060240963856,0.679709308648838,0.0422524877661771,0.0496489468405215,248.5
noswitch-s48,noswitch,48,12,nld-zho,0.0165496489468405,0.0035105315947843,0.0199632309377193,0.5291268825531006,1.1763156652450562,0.7228915662650602,0.6571939714726509,0.0392873980737045,0.0496489468405215,277.0
noswitch-s49,noswitch,49,0,eng-nld,0.3269809428284854,0.1770310932798395,0.0678284764289856,0.6428350806236267,0.5823726654052734,0.9919678714859438,0.9134602602989692,0.3910793889618705,0.4533600802407221,9.0
noswitch-s49,noswitch,49,0,eng-zho,0.0270812437311935,0.0195586760280842,0.0285843014717102,0.4940368235111236,1.0219699144363403,0.7580321285140562,0.698312306397103,0.0481444190556189,0.051654964894684,242.0
noswitch-s49,noswitch,49,0,nld-zho,0.0280842527582748,0.0135406218655967,0.027492806315422,0.4753306806087494,1.039552927017212,0.7520080321285141,0.6943954353018896,0.0515510701628904,0.0646940822467402,248.0
noswitch-s49,noswitch,49,1,eng-nld,0.6539618856569709,0.4242728184553661,0.0882556438446044,0.6385205388069153,0.4150832295417785,1.0,0.987972955009607,0.7216307460158081,0.8004012036108324,1.0
noswitch-s49,noswitch,49,1,eng-zho,0.0501504513540621,0.0265797392176529,0.0310518741607666,0.539055347442627,0.5505661368370056,0.8885542168674698,0.7998599211288483,0.0857616153415564,0.0987963891675025,112.0
noswitch-s49,noswitch,49,1,nld-zho,0.0496489468405215,0.0310932798395185,0.0315531492233276,0.5238674283027649,0.5605278015136719,0.8755020080321285,0.7958106246450194,0.0862613166046152,0.1128385155466399,125.0
noswitch-s49,noswitch,49,2,eng-nld,0.6288866599799399,0.3756268806419257,0.0535830855369567,0.6986390948295593,0.3261725604534149,1.0,0.988707085110754,0.7112043280905617,0.8029087261785356,1.0
noswitch-s49,noswitch,49,2,eng-zho,0.0481444332998997,0.0230692076228686,0.0248743295669555,0.5932751297950745,0.4248552620410919,0.9226907630522088,0.8476085888186649,0.0968222281902382,0.1268806419257773,78.0
noswitch-s49,noswitch,49,2,nld-zho,0.0581745235707121,0.0270812437311935,0.0237144827842712,0.5866085886955261,0.4213242828845978,0.9116465863453816,0.8381217951041882,0.1028264694374424,0.1288866599799398,89.0
noswitch-s49,noswitch,49,3,eng-nld,0.728184553660983,0.5285857572718154,0.0744397044181823,0.6519356369972229,0.3276777863502502,1.0,0.994054452514169,0.7900649834338729,0.8625877632898696,1.0
noswitch-s49,noswitch,49,3,eng-zho,0.0641925777331996,0.0346038114343029,0.0327152013778686,0.5293179154396057,0.4503517746925354,0.9377510040160644,0.8628682231433257,0.1188101160835134,0.1554663991975927,63.0
noswitch-s49,noswitch,49,3,nld-zho,0.0591775325977933,0.0356068204613841,0.0314294695854187,0.5180870890617371,0.4481633901596069,0.9216867469879518,0.8506825697977467,0.107513920541107,0.1364092276830491,79.0
noswitch-s49,noswitch,49,4,eng-nld,0.8024072216649949,0.6258776328986961,0.0914598703384399,0.6522648334503174,0.3261705636978149,1.0,0.9969209838350392,0.8527653051399585,0.916248746238716,1.0
noswitch-s49,noswitch,49,4,eng-zho,0.0752256770310932,0.0441323971915747,0.0363215208053588,0.5267525315284729,0.4735535085201263,0.9357429718875502,0.8649402021325019,0.1261614703423754,0.1639919759277833,65.0
noswitch-s49,noswitch,49,4,nld-zho,0.0561685055165496,0.0325977933801404,0.0332639813423156,0.5065179467201233,0.474841296672821,0.9221887550200804,0.851250538764889,0.1068878238159354,0.137913741223671,78.5
noswitch-s49,noswitch,49,5,eng-nld,0.8360080240722166,0.6740220661985958,0.0946561098098754,0.6646522879600525,0.3222243785858154,1.0,0.9979204682320052,0.8823213005168021,0.9393179538615848,1.0
noswitch-s49,noswitch,49,5,eng-zho,0.0677031093279839,0.0396188565697091,0.0339928269386291,0.5339078903198242,0.484720379114151,0.929718875502008,0.853931271726827,0.1212876004057728,0.1614844533600802,71.0
noswitch-s49,noswitch,49,5,nld-zho,0.0571715145436309,0.0351053159478435,0.0314992666244506,0.5138341188430786,0.4820939898490906,0.9186746987951808,0.8407572113932158,0.1045964498356071,0.129889669007021,82.0
noswitch-s49,noswitch,49,6,eng-nld,0.8565697091273821,0.6920762286860582,0.0946643948554992,0.6874813437461853,0.3241190314292907,1.0,0.9985020322010206,0.8969568416583967,0.9473420260782348,1.0
noswitch-s49,noswitch,49,6,eng-zho,0.0656970912738214,0.0346038114343029,0.0296573638916015,0.5599117875099182,0.4830881357192993,0.9312248995983936,0.8540309684072297,0.1178050758324599,0.1529588766298896,69.5
noswitch-s49,noswitch,49,6,nld-zho,0.0606820461384152,0.0356068204613841,0.0294821858406066,0.5444900989532471,0.4748432636260986,0.9231927710843372,0.8463734577225653,0.1095581076023458,0.1414242728184553,77.5
noswitch-s49,noswitch,49,7,eng-nld,0.8385155466399198,0.6449348044132397,0.1168596148490905,0.6806573271751404,0.3937201797962188,1.0,0.9983222760651432,0.8841099333813627,0.9413239719157472,1.0
noswitch-s49,noswitch,49,7,eng-zho,0.0611835506519558,0.025075225677031,0.0342565774917602,0.5613758563995361,0.5619373917579651,0.9236947791164658,0.8414284016708761,0.1116994688025762,0.1399197592778335,77.0
noswitch-s49,noswitch,49,7,nld-zho,0.0486459378134403,0.0270812437311935,0.0305592417716979,0.5399952530860901,0.548003077507019,0.9126506024096386,0.8339164078581126,0.0962589427014366,0.1253761283851554,88.0
noswitch-s49,noswitch,49,8,eng-nld,0.8335005015045136,0.6359077231695085,0.1509320735931396,0.6924986839294434,0.4570627510547638,1.0,0.9983721244053444,0.8829741247002683,0.940320962888666,1.0
noswitch-s49,noswitch,49,8,eng-zho,0.0546639919759277,0.0215646940822467,0.0345983803272247,0.5663458108901978,0.6535915732383728,0.9036144578313252,0.8105793283464852,0.0954583366210462,0.1148445336008024,97.0
noswitch-s49,noswitch,49,8,nld-zho,0.0406218655967903,0.0240722166499498,0.0328294336795806,0.5445572137832642,0.6347978115081787,0.8905622489959839,0.8033805230953905,0.0807415845734312,0.1003009027081243,110.0
noswitch-s49,noswitch,49,9,eng-nld,0.7968906720160481,0.5481444332998997,0.1770311295986175,0.695611834526062,0.5508344173431396,1.0,0.9979290280479994,0.8563280025065001,0.928284854563691,1.0
noswitch-s49,noswitch,49,9,eng-zho,0.0491474423269809,0.0230692076228686,0.0370271503925323,0.5695004463195801,0.7736606597900391,0.8880522088353413,0.7949616923058331,0.0868552719355352,0.1058174523570712,112.5
noswitch-s49,noswitch,49,9,nld-zho,0.0376128385155466,0.0220661985957873,0.0338245928287506,0.5494844913482666,0.7547598481178284,0.875,0.7879703367129501,0.0724007745772942,0.0872617853560682,125.5
noswitch-s49,noswitch,49,10,eng-nld,0.746740220661986,0.4653961885656971,0.1823954284191131,0.689895510673523,0.6557710766792297,1.0,0.9975070794713458,0.8253110892442942,0.9212637913741224,1.0
noswitch-s49,noswitch,49,10,eng-zho,0.0426278836509528,0.0195586760280842,0.0334651619195938,0.5737895369529724,0.91253000497818,0.8644578313253012,0.7729161379721493,0.0768143773614744,0.0922768304914744,136.0
noswitch-s49,noswitch,49,10,nld-zho,0.029087261785356,0.0160481444332999,0.0316587835550308,0.5574493408203125,0.902209460735321,0.8519076305220883,0.7693270574776538,0.063356798425039,0.0822467402206619,148.5
noswitch-s49,noswitch,49,11,eng-nld,0.6409227683049148,0.3671013039117352,0.1733672618865966,0.6842636466026306,0.7393823862075806,1.0,0.996441130620778,0.7585931610992793,0.8981945837512537,1.0
noswitch-s49,noswitch,49,11,eng-zho,0.0300902708124373,0.0140421263791374,0.030572248622775,0.5613840222358704,1.072337985038757,0.8343373493975903,0.7482507764256625,0.0616050552412687,0.0777331995987963,166.0
noswitch-s49,noswitch,49,11,nld-zho,0.0225677031093279,0.0110330992978936,0.0286487825214862,0.5469983220100403,1.06536865234375,0.822289156626506,0.7426370476892525,0.0518415158471944,0.0682046138415245,178.0
noswitch-s49,noswitch,49,12,eng-nld,0.5817452357071213,0.2903711133400201,0.1461969316005706,0.6756566762924194,0.7405282855033875,1.0,0.994918490410992,0.709940706496762,0.8645937813440321,1.0
noswitch-s49,noswitch,49,12,eng-zho,0.0230692076228686,0.0075225677031093,0.0250811520963907,0.5373794436454773,1.1776312589645386,0.7791164658634538,0.7028822411008125,0.0499145209955489,0.0606820461384152,221.0
noswitch-s49,noswitch,49,12,nld-zho,0.0170511534603811,0.0055165496489468,0.0233180932700634,0.5238854289054871,1.1689380407333374,0.7625502008032128,0.6918043286485964,0.0402142157100011,0.047642928786359,237.5
